part_sg_partido,desp_nr_ano,desp_nr_mes,data_tx_ano_mes,sk_resp_ceap,id_deputado,dept_tx_nome_parlamentar,desp_vl_total_liquido,rn
AVANTE,,,,616,220703,Neto Carletto,12689.06,1
AVANTE,,,,503,160510,Luis Tibé,5327.68,2
AVANTE,,,,858,91228,Waldemar Oliveira,2958.33,3
AVANTE,,,,649,204553,Pastor Sargento Isidório,289.19,4
AVANTE,,,,832,197438,Tito,232.73,5
AVANTE,,,,788,178921,Sebastião Oliveira,148.51,6
AVANTE,,,,356,198197,Greyce Elias,147.37,7
AVANTE,,,,188,220625,Delegada Ione,143.24,8
AVANTE,,,,241,220686,Duarte Jr.,78.83,9
AVANTE,,,,59,204515,André Janones,8.76,10
AVANTE,2021,12,2021-12,503,160510,Luis Tibé,1711.60,1
AVANTE,2021,12,2021-12,356,198197,Greyce Elias,694.99,2
AVANTE,2022,1,2022-01,832,197438,Tito,21792.53,1
AVANTE,2022,1,2022-01,59,204515,André Janones,17206.23,2
AVANTE,2022,1,2022-01,503,160510,Luis Tibé,16818.98,3
AVANTE,2022,1,2022-01,356,198197,Greyce Elias,12697.65,4
AVANTE,2022,1,2022-01,788,178921,Sebastião Oliveira,2604.86,5
AVANTE,2022,1,2022-01,649,204553,Pastor Sargento Isidório,2083.36,6
AVANTE,2022,2,2022-02,788,178921,Sebastião Oliveira,64469.19,1
AVANTE,2022,2,2022-02,832,197438,Tito,41222.98,2
AVANTE,2022,2,2022-02,59,204515,André Janones,21345.15,3
AVANTE,2022,2,2022-02,503,160510,Luis Tibé,20224.52,4
AVANTE,2022,2,2022-02,356,198197,Greyce Elias,20173.37,5
AVANTE,2022,2,2022-02,649,204553,Pastor Sargento Isidório,18200.81,6
AVANTE,2022,3,2022-03,788,178921,Sebastião Oliveira,40750.31,1
AVANTE,2022,3,2022-03,832,197438,Tito,27109.76,2
AVANTE,2022,3,2022-03,356,198197,Greyce Elias,26392.09,3
AVANTE,2022,3,2022-03,59,204515,André Janones,25430.09,4
AVANTE,2022,3,2022-03,649,204553,Pastor Sargento Isidório,24814.12,5
AVANTE,2022,3,2022-03,503,160510,Luis Tibé,21802.40,6
AVANTE,2022,4,2022-04,788,178921,Sebastião Oliveira,48017.94,1
AVANTE,2022,4,2022-04,356,198197,Greyce Elias,40656.85,2
AVANTE,2022,4,2022-04,832,197438,Tito,36666.38,3
AVANTE,2022,4,2022-04,59,204515,André Janones,35653.12,4
AVANTE,2022,4,2022-04,503,160510,Luis Tibé,25784.04,5
AVANTE,2022,4,2022-04,649,204553,Pastor Sargento Isidório,23532.95,6
AVANTE,2022,5,2022-05,832,197438,Tito,73180.95,1
AVANTE,2022,5,2022-05,788,178921,Sebastião Oliveira,69776.05,2
AVANTE,2022,5,2022-05,356,198197,Greyce Elias,49023.50,3
AVANTE,2022,5,2022-05,59,204515,André Janones,43965.70,4
AVANTE,2022,5,2022-05,503,160510,Luis Tibé,29150.49,5
AVANTE,2022,5,2022-05,649,204553,Pastor Sargento Isidório,16485.46,6
AVANTE,2022,6,2022-06,503,160510,Luis Tibé,97695.84,1
AVANTE,2022,6,2022-06,356,198197,Greyce Elias,34894.74,2
AVANTE,2022,6,2022-06,59,204515,André Janones,30644.68,3
AVANTE,2022,6,2022-06,788,178921,Sebastião Oliveira,19251.16,4
AVANTE,2022,6,2022-06,832,197438,Tito,17757.95,5
AVANTE,2022,6,2022-06,649,204553,Pastor Sargento Isidório,14956.03,6
AVANTE,2022,7,2022-07,788,178921,Sebastião Oliveira,38089.93,1
AVANTE,2022,7,2022-07,59,204515,André Janones,25530.78,2
AVANTE,2022,7,2022-07,356,198197,Greyce Elias,18956.04,3
AVANTE,2022,7,2022-07,503,160510,Luis Tibé,16881.99,4
AVANTE,2022,7,2022-07,649,204553,Pastor Sargento Isidório,16036.88,5
AVANTE,2022,7,2022-07,832,197438,Tito,11073.91,6
AVANTE,2022,8,2022-08,788,178921,Sebastião Oliveira,37237.70,1
AVANTE,2022,8,2022-08,59,204515,André Janones,26483.86,2
AVANTE,2022,8,2022-08,832,197438,Tito,10223.84,3
AVANTE,2022,8,2022-08,356,198197,Greyce Elias,8564.16,4
AVANTE,2022,8,2022-08,503,160510,Luis Tibé,6889.57,5
AVANTE,2022,8,2022-08,649,204553,Pastor Sargento Isidório,1298.37,6
AVANTE,2022,9,2022-09,788,178921,Sebastião Oliveira,32489.72,1
AVANTE,2022,9,2022-09,59,204515,André Janones,30406.09,2
AVANTE,2022,9,2022-09,832,197438,Tito,14816.78,3
AVANTE,2022,9,2022-09,503,160510,Luis Tibé,8338.66,4
AVANTE,2022,9,2022-09,356,198197,Greyce Elias,3792.42,5
AVANTE,2022,10,2022-10,59,204515,André Janones,39133.22,1
AVANTE,2022,10,2022-10,832,197438,Tito,28292.05,2
AVANTE,2022,10,2022-10,503,160510,Luis Tibé,14283.35,3
AVANTE,2022,10,2022-10,356,198197,Greyce Elias,11614.32,4
AVANTE,2022,10,2022-10,788,178921,Sebastião Oliveira,10694.15,5
AVANTE,2022,10,2022-10,649,204553,Pastor Sargento Isidório,10551.13,6
AVANTE,2022,11,2022-11,649,204553,Pastor Sargento Isidório,46335.60,1
AVANTE,2022,11,2022-11,832,197438,Tito,39900.23,2
AVANTE,2022,11,2022-11,788,178921,Sebastião Oliveira,36079.11,3
AVANTE,2022,11,2022-11,503,160510,Luis Tibé,32210.45,4
AVANTE,2022,11,2022-11,59,204515,André Janones,28610.17,5
AVANTE,2022,11,2022-11,356,198197,Greyce Elias,23041.98,6
AVANTE,2022,12,2022-12,59,204515,André Janones,115414.35,1
AVANTE,2022,12,2022-12,788,178921,Sebastião Oliveira,101717.62,2
AVANTE,2022,12,2022-12,832,197438,Tito,56558.98,3
AVANTE,2022,12,2022-12,649,204553,Pastor Sargento Isidório,37730.88,4
AVANTE,2022,12,2022-12,356,198197,Greyce Elias,31776.52,5
AVANTE,2022,12,2022-12,503,160510,Luis Tibé,20237.35,6
AVANTE,2023,1,2023-01,832,197438,Tito,131631.71,1
AVANTE,2023,1,2023-01,788,178921,Sebastião Oliveira,46036.69,2
AVANTE,2023,1,2023-01,503,160510,Luis Tibé,28058.12,3
AVANTE,2023,1,2023-01,59,204515,André Janones,20564.62,4
AVANTE,2023,1,2023-01,649,204553,Pastor Sargento Isidório,20257.56,5
AVANTE,2023,1,2023-01,356,198197,Greyce Elias,11776.73,6
AVANTE,2023,2,2023-02,616,220703,Neto Carletto,40300.95,1
AVANTE,2023,2,2023-02,858,91228,Waldemar Oliveira,35023.08,2
AVANTE,2023,2,2023-02,241,220686,Duarte Jr.,27368.62,3
AVANTE,2023,2,2023-02,503,160510,Luis Tibé,20987.24,4
AVANTE,2023,2,2023-02,59,204515,André Janones,15654.30,5
AVANTE,2023,2,2023-02,188,220625,Delegada Ione,11671.41,6
AVANTE,2023,2,2023-02,649,204553,Pastor Sargento Isidório,6803.67,7
AVANTE,2023,2,2023-02,788,178921,Sebastião Oliveira,116.43,8
AVANTE,2023,3,2023-03,616,220703,Neto Carletto,53449.67,1
AVANTE,2023,3,2023-03,858,91228,Waldemar Oliveira,41793.95,2
AVANTE,2023,3,2023-03,649,204553,Pastor Sargento Isidório,40172.77,3
AVANTE,2023,3,2023-03,241,220686,Duarte Jr.,34467.88,4
AVANTE,2023,3,2023-03,188,220625,Delegada Ione,26470.05,5
AVANTE,2023,3,2023-03,503,160510,Luis Tibé,24054.80,6
AVANTE,2023,3,2023-03,832,197438,Tito,20200.00,7
AVANTE,2023,3,2023-03,59,204515,André Janones,5050.00,8
AVANTE,2023,4,2023-04,858,91228,Waldemar Oliveira,45648.73,1
AVANTE,2023,4,2023-04,616,220703,Neto Carletto,45433.11,2
AVANTE,2023,4,2023-04,241,220686,Duarte Jr.,21230.83,3
AVANTE,2023,4,2023-04,503,160510,Luis Tibé,20609.29,4
AVANTE,2023,4,2023-04,188,220625,Delegada Ione,18436.59,5
AVANTE,2023,4,2023-04,649,204553,Pastor Sargento Isidório,11492.12,6
AVANTE,2023,5,2023-05,241,220686,Duarte Jr.,76583.95,1
AVANTE,2023,5,2023-05,858,91228,Waldemar Oliveira,52661.44,2
AVANTE,2023,5,2023-05,188,220625,Delegada Ione,42980.83,3
AVANTE,2023,5,2023-05,616,220703,Neto Carletto,42958.60,4
AVANTE,2023,5,2023-05,649,204553,Pastor Sargento Isidório,26614.83,5
AVANTE,2023,5,2023-05,503,160510,Luis Tibé,22638.88,6
AVANTE,2023,6,2023-06,241,220686,Duarte Jr.,54632.66,1
AVANTE,2023,6,2023-06,616,220703,Neto Carletto,44249.27,2
AVANTE,2023,6,2023-06,649,204553,Pastor Sargento Isidório,41480.96,3
AVANTE,2023,6,2023-06,858,91228,Waldemar Oliveira,38039.14,4
AVANTE,2023,6,2023-06,188,220625,Delegada Ione,33454.55,5
AVANTE,2023,6,2023-06,503,160510,Luis Tibé,22119.63,6
AVANTE,2023,7,2023-07,858,91228,Waldemar Oliveira,53320.56,1
AVANTE,2023,7,2023-07,188,220625,Delegada Ione,41030.76,2
AVANTE,2023,7,2023-07,616,220703,Neto Carletto,37163.05,3
AVANTE,2023,7,2023-07,241,220686,Duarte Jr.,31976.83,4
AVANTE,2023,7,2023-07,503,160510,Luis Tibé,22373.34,5
AVANTE,2023,7,2023-07,649,204553,Pastor Sargento Isidório,8371.46,6
AVANTE,2023,8,2023-08,858,91228,Waldemar Oliveira,46471.01,1
AVANTE,2023,8,2023-08,616,220703,Neto Carletto,41696.04,2
AVANTE,2023,8,2023-08,188,220625,Delegada Ione,39707.19,3
AVANTE,2023,8,2023-08,649,204553,Pastor Sargento Isidório,34814.45,4
AVANTE,2023,8,2023-08,241,220686,Duarte Jr.,30464.48,5
AVANTE,2023,8,2023-08,503,160510,Luis Tibé,26498.05,6
AVANTE,2023,9,2023-09,858,91228,Waldemar Oliveira,42880.43,1
AVANTE,2023,9,2023-09,188,220625,Delegada Ione,33991.81,2
AVANTE,2023,9,2023-09,616,220703,Neto Carletto,32371.80,3
AVANTE,2023,9,2023-09,241,220686,Duarte Jr.,27083.99,4
AVANTE,2023,9,2023-09,503,160510,Luis Tibé,24571.77,5
AVANTE,2023,9,2023-09,649,204553,Pastor Sargento Isidório,20178.12,6
AVANTE,2023,10,2023-10,616,220703,Neto Carletto,49034.39,1
AVANTE,2023,10,2023-10,241,220686,Duarte Jr.,40140.14,2
AVANTE,2023,10,2023-10,858,91228,Waldemar Oliveira,39863.26,3
AVANTE,2023,10,2023-10,188,220625,Delegada Ione,37057.72,4
AVANTE,2023,10,2023-10,503,160510,Luis Tibé,22157.14,5
AVANTE,2023,10,2023-10,649,204553,Pastor Sargento Isidório,18772.07,6
AVANTE,2023,11,2023-11,616,220703,Neto Carletto,67909.47,1
AVANTE,2023,11,2023-11,188,220625,Delegada Ione,63907.26,2
AVANTE,2023,11,2023-11,858,91228,Waldemar Oliveira,44452.60,3
AVANTE,2023,11,2023-11,503,160510,Luis Tibé,32057.44,4
AVANTE,2023,11,2023-11,241,220686,Duarte Jr.,11636.31,5
AVANTE,2023,11,2023-11,649,204553,Pastor Sargento Isidório,9492.85,6
AVANTE,2023,12,2023-12,858,91228,Waldemar Oliveira,97046.64,1
AVANTE,2023,12,2023-12,188,220625,Delegada Ione,94155.84,2
AVANTE,2023,12,2023-12,616,220703,Neto Carletto,46995.77,3
AVANTE,2023,12,2023-12,241,220686,Duarte Jr.,30252.82,4
AVANTE,2023,12,2023-12,503,160510,Luis Tibé,25720.39,5
AVANTE,2023,12,2023-12,649,204553,Pastor Sargento Isidório,16554.83,6
AVANTE,2024,1,2024-01,649,204553,Pastor Sargento Isidório,44565.72,1
AVANTE,2024,1,2024-01,616,220703,Neto Carletto,32886.55,2
AVANTE,2024,1,2024-01,858,91228,Waldemar Oliveira,28405.48,3
AVANTE,2024,1,2024-01,188,220625,Delegada Ione,24679.99,4
AVANTE,2024,1,2024-01,241,220686,Duarte Jr.,22267.22,5
AVANTE,2024,1,2024-01,503,160510,Luis Tibé,17229.54,6
AVANTE,2024,2,2024-02,616,220703,Neto Carletto,46864.42,1
AVANTE,2024,2,2024-02,188,220625,Delegada Ione,46380.04,2
AVANTE,2024,2,2024-02,503,160510,Luis Tibé,43493.60,3
AVANTE,2024,2,2024-02,649,204553,Pastor Sargento Isidório,38715.47,4
AVANTE,2024,2,2024-02,858,91228,Waldemar Oliveira,23760.76,5
AVANTE,2024,2,2024-02,241,220686,Duarte Jr.,19358.38,6
AVANTE,2024,3,2024-03,188,220625,Delegada Ione,52351.91,1
AVANTE,2024,3,2024-03,616,220703,Neto Carletto,51453.45,2
AVANTE,2024,3,2024-03,858,91228,Waldemar Oliveira,44439.26,3
AVANTE,2024,3,2024-03,503,160510,Luis Tibé,36233.88,4
AVANTE,2024,3,2024-03,241,220686,Duarte Jr.,28390.32,5
AVANTE,2024,3,2024-03,649,204553,Pastor Sargento Isidório,6556.38,6
AVANTE,2024,4,2024-04,188,220625,Delegada Ione,74569.92,1
AVANTE,2024,4,2024-04,858,91228,Waldemar Oliveira,53192.09,2
AVANTE,2024,4,2024-04,616,220703,Neto Carletto,50125.93,3
AVANTE,2024,4,2024-04,241,220686,Duarte Jr.,30245.96,4
AVANTE,2024,4,2024-04,503,160510,Luis Tibé,28204.74,5
AVANTE,2024,4,2024-04,649,204553,Pastor Sargento Isidório,12198.57,6
AVANTE,2024,5,2024-05,188,220625,Delegada Ione,49903.27,1
AVANTE,2024,5,2024-05,503,160510,Luis Tibé,49890.11,2
AVANTE,2024,5,2024-05,616,220703,Neto Carletto,43332.90,3
AVANTE,2024,5,2024-05,858,91228,Waldemar Oliveira,43120.81,4
AVANTE,2024,5,2024-05,241,220686,Duarte Jr.,17537.53,5
AVANTE,2024,5,2024-05,649,204553,Pastor Sargento Isidório,-629.95,6
AVANTE,2024,6,2024-06,188,220625,Delegada Ione,62652.97,1
AVANTE,2024,6,2024-06,616,220703,Neto Carletto,51456.55,2
AVANTE,2024,6,2024-06,858,91228,Waldemar Oliveira,50261.59,3
AVANTE,2024,6,2024-06,503,160510,Luis Tibé,44714.39,4
AVANTE,2024,6,2024-06,241,220686,Duarte Jr.,40214.80,5
AVANTE,2024,6,2024-06,649,204553,Pastor Sargento Isidório,6825.23,6
AVANTE,2024,7,2024-07,188,220625,Delegada Ione,50816.03,1
AVANTE,2024,7,2024-07,616,220703,Neto Carletto,46030.36,2
AVANTE,2024,7,2024-07,858,91228,Waldemar Oliveira,41087.52,3
AVANTE,2024,7,2024-07,503,160510,Luis Tibé,37785.30,4
AVANTE,2024,7,2024-07,649,204553,Pastor Sargento Isidório,34935.46,5
AVANTE,2024,7,2024-07,241,220686,Duarte Jr.,26402.84,6
AVANTE,2024,8,2024-08,858,91228,Waldemar Oliveira,43895.63,1
AVANTE,2024,8,2024-08,616,220703,Neto Carletto,39749.22,2
AVANTE,2024,8,2024-08,188,220625,Delegada Ione,28580.62,3
AVANTE,2024,8,2024-08,503,160510,Luis Tibé,28374.72,4
AVANTE,2024,8,2024-08,241,220686,Duarte Jr.,16986.70,5
AVANTE,2024,8,2024-08,649,204553,Pastor Sargento Isidório,14248.24,6
AVANTE,2024,9,2024-09,616,220703,Neto Carletto,40520.93,1
AVANTE,2024,9,2024-09,858,91228,Waldemar Oliveira,40184.26,2
AVANTE,2024,9,2024-09,188,220625,Delegada Ione,30523.26,3
AVANTE,2024,9,2024-09,503,160510,Luis Tibé,20612.90,4
AVANTE,2024,9,2024-09,241,220686,Duarte Jr.,16865.79,5
AVANTE,2024,9,2024-09,649,204553,Pastor Sargento Isidório,6000.67,6
AVANTE,2024,10,2024-10,858,91228,Waldemar Oliveira,52803.35,1
AVANTE,2024,10,2024-10,616,220703,Neto Carletto,37866.00,2
AVANTE,2024,10,2024-10,188,220625,Delegada Ione,32416.97,3
AVANTE,2024,10,2024-10,241,220686,Duarte Jr.,25534.93,4
AVANTE,2024,10,2024-10,503,160510,Luis Tibé,23559.50,5
AVANTE,2024,10,2024-10,649,204553,Pastor Sargento Isidório,2520.19,6
AVANTE,2024,11,2024-11,858,91228,Waldemar Oliveira,72304.69,1
AVANTE,2024,11,2024-11,649,204553,Pastor Sargento Isidório,61742.86,2
AVANTE,2024,11,2024-11,503,160510,Luis Tibé,56289.11,3
AVANTE,2024,11,2024-11,616,220703,Neto Carletto,36049.53,4
AVANTE,2024,11,2024-11,188,220625,Delegada Ione,30990.64,5
AVANTE,2024,11,2024-11,241,220686,Duarte Jr.,24822.81,6
AVANTE,2024,12,2024-12,858,91228,Waldemar Oliveira,79831.21,1
AVANTE,2024,12,2024-12,241,220686,Duarte Jr.,72851.99,2
AVANTE,2024,12,2024-12,616,220703,Neto Carletto,56195.23,3
AVANTE,2024,12,2024-12,503,160510,Luis Tibé,44753.11,4
AVANTE,2024,12,2024-12,188,220625,Delegada Ione,33846.48,5
AVANTE,2024,12,2024-12,649,204553,Pastor Sargento Isidório,14943.89,6
AVANTE,2025,1,2025-01,241,220686,Duarte Jr.,54937.78,1
AVANTE,2025,1,2025-01,188,220625,Delegada Ione,52702.76,2
AVANTE,2025,1,2025-01,649,204553,Pastor Sargento Isidório,47519.09,3
AVANTE,2025,1,2025-01,616,220703,Neto Carletto,46784.57,4
AVANTE,2025,1,2025-01,503,160510,Luis Tibé,24741.05,5
AVANTE,2025,1,2025-01,858,91228,Waldemar Oliveira,18264.80,6
AVANTE,2025,2,2025-02,241,220686,Duarte Jr.,95663.17,1
AVANTE,2025,2,2025-02,188,220625,Delegada Ione,64840.84,2
AVANTE,2025,2,2025-02,858,91228,Waldemar Oliveira,63094.36,3
AVANTE,2025,2,2025-02,503,160510,Luis Tibé,38797.54,4
AVANTE,2025,2,2025-02,616,220703,Neto Carletto,27509.73,5
AVANTE,2025,2,2025-02,649,204553,Pastor Sargento Isidório,18100.47,6
AVANTE,2025,3,2025-03,241,220686,Duarte Jr.,60363.30,1
AVANTE,2025,3,2025-03,616,220703,Neto Carletto,47589.61,2
AVANTE,2025,3,2025-03,188,220625,Delegada Ione,44564.85,3
AVANTE,2025,3,2025-03,503,160510,Luis Tibé,40743.40,4
AVANTE,2025,3,2025-03,649,204553,Pastor Sargento Isidório,28133.34,5
AVANTE,2025,3,2025-03,858,91228,Waldemar Oliveira,11185.43,6
AVANTE,2025,4,2025-04,858,91228,Waldemar Oliveira,54602.64,1
AVANTE,2025,4,2025-04,188,220625,Delegada Ione,53037.30,2
AVANTE,2025,4,2025-04,616,220703,Neto Carletto,52199.68,3
AVANTE,2025,4,2025-04,503,160510,Luis Tibé,50204.53,4
AVANTE,2025,4,2025-04,241,220686,Duarte Jr.,43030.44,5
AVANTE,2025,4,2025-04,649,204553,Pastor Sargento Isidório,24348.28,6
AVANTE,2025,5,2025-05,616,220703,Neto Carletto,53059.28,1
AVANTE,2025,5,2025-05,858,91228,Waldemar Oliveira,52071.48,2
AVANTE,2025,5,2025-05,503,160510,Luis Tibé,49139.89,3
AVANTE,2025,5,2025-05,241,220686,Duarte Jr.,42219.16,4
AVANTE,2025,5,2025-05,188,220625,Delegada Ione,25925.82,5
AVANTE,2025,5,2025-05,649,204553,Pastor Sargento Isidório,844.00,6
AVANTE,2025,6,2025-06,616,220703,Neto Carletto,37986.76,1
AVANTE,2025,6,2025-06,858,91228,Waldemar Oliveira,35529.53,2
AVANTE,2025,6,2025-06,188,220625,Delegada Ione,33083.22,3
AVANTE,2025,6,2025-06,241,220686,Duarte Jr.,32106.95,4
AVANTE,2025,6,2025-06,503,160510,Luis Tibé,20137.41,5
AVANTE,2025,6,2025-06,649,204553,Pastor Sargento Isidório,-4226.33,6
AVANTE,2025,7,2025-07,858,91228,Waldemar Oliveira,53997.44,1
AVANTE,2025,7,2025-07,503,160510,Luis Tibé,52980.00,2
AVANTE,2025,7,2025-07,616,220703,Neto Carletto,44178.85,3
AVANTE,2025,7,2025-07,188,220625,Delegada Ione,42037.72,4
AVANTE,2025,7,2025-07,241,220686,Duarte Jr.,31814.84,5
AVANTE,2025,7,2025-07,649,204553,Pastor Sargento Isidório,1447.11,6
AVANTE,2025,8,2025-08,616,220703,Neto Carletto,45166.08,1
AVANTE,2025,8,2025-08,858,91228,Waldemar Oliveira,40713.07,2
AVANTE,2025,8,2025-08,188,220625,Delegada Ione,36243.14,3
AVANTE,2025,8,2025-08,241,220686,Duarte Jr.,33250.14,4
AVANTE,2025,8,2025-08,503,160510,Luis Tibé,31356.72,5
AVANTE,2025,8,2025-08,649,204553,Pastor Sargento Isidório,1380.37,6
AVANTE,2025,9,2025-09,858,91228,Waldemar Oliveira,67565.90,1
AVANTE,2025,9,2025-09,616,220703,Neto Carletto,45757.79,2
AVANTE,2025,9,2025-09,188,220625,Delegada Ione,41788.61,3
AVANTE,2025,9,2025-09,241,220686,Duarte Jr.,23900.00,4
AVANTE,2025,9,2025-09,503,160510,Luis Tibé,22879.51,5
AVANTE,2025,9,2025-09,649,204553,Pastor Sargento Isidório,18751.32,6
AVANTE,2025,10,2025-10,241,220686,Duarte Jr.,72123.75,1
AVANTE,2025,10,2025-10,616,220703,Neto Carletto,42902.00,2
AVANTE,2025,10,2025-10,858,91228,Waldemar Oliveira,41121.78,3
AVANTE,2025,10,2025-10,188,220625,Delegada Ione,33534.25,4
AVANTE,2025,10,2025-10,503,160510,Luis Tibé,15814.87,5
AVANTE,2025,10,2025-10,649,204553,Pastor Sargento Isidório,651.70,6
AVANTE,2025,11,2025-11,858,91228,Waldemar Oliveira,42063.30,1
AVANTE,2025,11,2025-11,616,220703,Neto Carletto,37000.00,2
AVANTE,2025,11,2025-11,188,220625,Delegada Ione,35400.27,3
AVANTE,2025,11,2025-11,241,220686,Duarte Jr.,24931.81,4
AVANTE,2025,11,2025-11,503,160510,Luis Tibé,16348.49,5
AVANTE,2025,11,2025-11,649,204553,Pastor Sargento Isidório,465.68,6
AVANTE,2025,12,2025-12,858,91228,Waldemar Oliveira,78349.39,1
AVANTE,2025,12,2025-12,616,220703,Neto Carletto,31566.29,2
AVANTE,2025,12,2025-12,241,220686,Duarte Jr.,20907.90,3
AVANTE,2025,12,2025-12,503,160510,Luis Tibé,17190.96,4
AVANTE,2025,12,2025-12,188,220625,Delegada Ione,2469.30,5
AVANTE,2025,12,2025-12,649,204553,Pastor Sargento Isidório,2241.94,6
AVANTE,2026,1,2026-01,188,220625,Delegada Ione,33785.75,1
AVANTE,2026,1,2026-01,503,160510,Luis Tibé,24259.33,2
AVANTE,2026,1,2026-01,858,91228,Waldemar Oliveira,14433.19,3
AVANTE,2026,1,2026-01,241,220686,Duarte Jr.,13008.01,4
AVANTE,2026,1,2026-01,616,220703,Neto Carletto,10931.00,5
AVANTE,2026,1,2026-01,649,204553,Pastor Sargento Isidório,2551.69,6
AVANTE,2026,2,2026-02,616,220703,Neto Carletto,57797.64,1
AVANTE,2026,2,2026-02,188,220625,Delegada Ione,37303.87,2
AVANTE,2026,2,2026-02,858,91228,Waldemar Oliveira,35107.42,3
AVANTE,2026,2,2026-02,503,160510,Luis Tibé,20624.84,4
AVANTE,2026,2,2026-02,241,220686,Duarte Jr.,11237.97,5
AVANTE,2026,2,2026-02,649,204553,Pastor Sargento Isidório,600.00,6
AVANTE,2026,3,2026-03,188,220625,Delegada Ione,49968.34,1
AVANTE,2026,3,2026-03,858,91228,Waldemar Oliveira,47454.31,2
AVANTE,2026,3,2026-03,616,220703,Neto Carletto,37550.00,3
AVANTE,2026,3,2026-03,503,160510,Luis Tibé,19691.33,4
AVANTE,2026,3,2026-03,241,220686,Duarte Jr.,10238.00,5
AVANTE,2026,3,2026-03,649,204553,Pastor Sargento Isidório,950.84,6
AVANTE,2026,4,2026-04,858,91228,Waldemar Oliveira,44566.87,1
AVANTE,2026,4,2026-04,616,220703,Neto Carletto,36252.34,2
AVANTE,2026,4,2026-04,188,220625,Delegada Ione,30692.23,3
AVANTE,2026,4,2026-04,503,160510,Luis Tibé,15390.00,4
AVANTE,2026,4,2026-04,845,235712,Vavá,523.05,5
CIDADANIA,,,,69,141391,Arnaldo Jardim,4578.75,1
CIDADANIA,,,,25,178972,Alex Manente,228.31,2
CIDADANIA,,,,122,164360,Carmen Zanotto,176.79,3
CIDADANIA,,,,771,73466,Rubens Bueno,36.53,4
CIDADANIA,,,,172,178916,Daniel Coelho,19.81,5
CIDADANIA,,,,410,214865,Joceval Rodrigues,1.02,6
CIDADANIA,2021,12,2021-12,25,178972,Alex Manente,2622.11,1
CIDADANIA,2022,1,2022-01,172,178916,Daniel Coelho,25969.47,1
CIDADANIA,2022,1,2022-01,122,164360,Carmen Zanotto,13246.88,2
CIDADANIA,2022,1,2022-01,69,141391,Arnaldo Jardim,11463.05,3
CIDADANIA,2022,1,2022-01,25,178972,Alex Manente,10352.76,4
CIDADANIA,2022,1,2022-01,771,73466,Rubens Bueno,2394.76,5
CIDADANIA,2022,2,2022-02,172,178916,Daniel Coelho,57838.70,1
CIDADANIA,2022,2,2022-02,69,141391,Arnaldo Jardim,38485.82,2
CIDADANIA,2022,2,2022-02,771,73466,Rubens Bueno,30445.17,3
CIDADANIA,2022,2,2022-02,122,164360,Carmen Zanotto,26983.50,4
CIDADANIA,2022,2,2022-02,25,178972,Alex Manente,26860.61,5
CIDADANIA,2022,3,2022-03,172,178916,Daniel Coelho,56169.67,1
CIDADANIA,2022,3,2022-03,69,141391,Arnaldo Jardim,51182.48,2
CIDADANIA,2022,3,2022-03,122,164360,Carmen Zanotto,29523.11,3
CIDADANIA,2022,3,2022-03,25,178972,Alex Manente,26303.69,4
CIDADANIA,2022,3,2022-03,771,73466,Rubens Bueno,22828.66,5
CIDADANIA,2022,4,2022-04,69,141391,Arnaldo Jardim,59057.41,1
CIDADANIA,2022,4,2022-04,771,73466,Rubens Bueno,42114.57,2
CIDADANIA,2022,4,2022-04,172,178916,Daniel Coelho,39655.54,3
CIDADANIA,2022,4,2022-04,122,164360,Carmen Zanotto,34636.14,4
CIDADANIA,2022,4,2022-04,25,178972,Alex Manente,20512.60,5
CIDADANIA,2022,5,2022-05,771,73466,Rubens Bueno,49480.80,1
CIDADANIA,2022,5,2022-05,69,141391,Arnaldo Jardim,46452.34,2
CIDADANIA,2022,5,2022-05,172,178916,Daniel Coelho,44907.19,3
CIDADANIA,2022,5,2022-05,122,164360,Carmen Zanotto,37575.97,4
CIDADANIA,2022,5,2022-05,25,178972,Alex Manente,20984.82,5
CIDADANIA,2022,6,2022-06,771,73466,Rubens Bueno,46415.07,1
CIDADANIA,2022,6,2022-06,172,178916,Daniel Coelho,42809.48,2
CIDADANIA,2022,6,2022-06,69,141391,Arnaldo Jardim,36890.18,3
CIDADANIA,2022,6,2022-06,122,164360,Carmen Zanotto,31238.46,4
CIDADANIA,2022,6,2022-06,25,178972,Alex Manente,10863.36,5
CIDADANIA,2022,7,2022-07,771,73466,Rubens Bueno,37957.35,1
CIDADANIA,2022,7,2022-07,172,178916,Daniel Coelho,33818.53,2
CIDADANIA,2022,7,2022-07,122,164360,Carmen Zanotto,27972.73,3
CIDADANIA,2022,7,2022-07,69,141391,Arnaldo Jardim,25550.56,4
CIDADANIA,2022,7,2022-07,410,214865,Joceval Rodrigues,14947.44,5
CIDADANIA,2022,7,2022-07,25,178972,Alex Manente,12530.40,6
CIDADANIA,2022,8,2022-08,172,178916,Daniel Coelho,20512.49,1
CIDADANIA,2022,8,2022-08,69,141391,Arnaldo Jardim,20380.59,2
CIDADANIA,2022,8,2022-08,410,214865,Joceval Rodrigues,16072.33,3
CIDADANIA,2022,8,2022-08,122,164360,Carmen Zanotto,14157.87,4
CIDADANIA,2022,8,2022-08,25,178972,Alex Manente,10623.54,5
CIDADANIA,2022,8,2022-08,771,73466,Rubens Bueno,8634.76,6
CIDADANIA,2022,9,2022-09,69,141391,Arnaldo Jardim,24266.30,1
CIDADANIA,2022,9,2022-09,172,178916,Daniel Coelho,23048.24,2
CIDADANIA,2022,9,2022-09,122,164360,Carmen Zanotto,14708.33,3
CIDADANIA,2022,9,2022-09,410,214865,Joceval Rodrigues,12735.96,4
CIDADANIA,2022,9,2022-09,771,73466,Rubens Bueno,9905.13,5
CIDADANIA,2022,10,2022-10,771,73466,Rubens Bueno,55851.95,1
CIDADANIA,2022,10,2022-10,122,164360,Carmen Zanotto,31245.90,2
CIDADANIA,2022,10,2022-10,410,214865,Joceval Rodrigues,29556.10,3
CIDADANIA,2022,10,2022-10,69,141391,Arnaldo Jardim,23818.90,4
CIDADANIA,2022,10,2022-10,25,178972,Alex Manente,18701.15,5
CIDADANIA,2022,10,2022-10,172,178916,Daniel Coelho,16166.46,6
CIDADANIA,2022,11,2022-11,771,73466,Rubens Bueno,67295.52,1
CIDADANIA,2022,11,2022-11,172,178916,Daniel Coelho,45183.80,2
CIDADANIA,2022,11,2022-11,122,164360,Carmen Zanotto,33430.42,3
CIDADANIA,2022,11,2022-11,69,141391,Arnaldo Jardim,31610.08,4
CIDADANIA,2022,11,2022-11,25,178972,Alex Manente,12981.82,5
CIDADANIA,2022,11,2022-11,410,214865,Joceval Rodrigues,2755.02,6
CIDADANIA,2022,12,2022-12,25,178972,Alex Manente,254074.95,1
CIDADANIA,2022,12,2022-12,172,178916,Daniel Coelho,71302.94,2
CIDADANIA,2022,12,2022-12,771,73466,Rubens Bueno,52843.76,3
CIDADANIA,2022,12,2022-12,122,164360,Carmen Zanotto,42264.91,4
CIDADANIA,2022,12,2022-12,69,141391,Arnaldo Jardim,20620.62,5
CIDADANIA,2023,1,2023-01,69,141391,Arnaldo Jardim,30094.05,1
CIDADANIA,2023,1,2023-01,771,73466,Rubens Bueno,26277.04,2
CIDADANIA,2023,1,2023-01,25,178972,Alex Manente,17275.05,3
CIDADANIA,2023,1,2023-01,122,164360,Carmen Zanotto,2800.00,4
CIDADANIA,2023,2,2023-02,69,141391,Arnaldo Jardim,43637.36,1
CIDADANIA,2023,2,2023-02,25,178972,Alex Manente,14344.41,2
CIDADANIA,2023,2,2023-02,122,164360,Carmen Zanotto,2145.89,3
CIDADANIA,2023,2,2023-02,771,73466,Rubens Bueno,116.43,4
CIDADANIA,2023,3,2023-03,69,141391,Arnaldo Jardim,34475.62,1
CIDADANIA,2023,3,2023-03,25,178972,Alex Manente,26164.50,2
CIDADANIA,2023,4,2023-04,69,141391,Arnaldo Jardim,18715.61,1
CIDADANIA,2023,4,2023-04,25,178972,Alex Manente,13041.73,2
CIDADANIA,2023,5,2023-05,69,141391,Arnaldo Jardim,25091.59,1
CIDADANIA,2023,5,2023-05,25,178972,Alex Manente,14559.58,2
CIDADANIA,2023,6,2023-06,69,141391,Arnaldo Jardim,39760.20,1
CIDADANIA,2023,6,2023-06,25,178972,Alex Manente,14164.36,2
CIDADANIA,2023,7,2023-07,69,141391,Arnaldo Jardim,33206.00,1
CIDADANIA,2023,7,2023-07,25,178972,Alex Manente,9170.20,2
CIDADANIA,2023,8,2023-08,69,141391,Arnaldo Jardim,21522.79,1
CIDADANIA,2023,8,2023-08,25,178972,Alex Manente,6747.83,2
CIDADANIA,2023,9,2023-09,69,141391,Arnaldo Jardim,39766.14,1
CIDADANIA,2023,9,2023-09,25,178972,Alex Manente,9549.30,2
CIDADANIA,2023,9,2023-09,122,164360,Carmen Zanotto,3223.42,3
CIDADANIA,2023,10,2023-10,69,141391,Arnaldo Jardim,38588.87,1
CIDADANIA,2023,10,2023-10,25,178972,Alex Manente,22846.43,2
CIDADANIA,2023,11,2023-11,69,141391,Arnaldo Jardim,43913.11,1
CIDADANIA,2023,11,2023-11,25,178972,Alex Manente,24049.83,2
CIDADANIA,2023,11,2023-11,122,164360,Carmen Zanotto,3286.40,3
CIDADANIA,2023,12,2023-12,25,178972,Alex Manente,228103.24,1
CIDADANIA,2023,12,2023-12,69,141391,Arnaldo Jardim,56086.84,2
CIDADANIA,2024,1,2024-01,69,141391,Arnaldo Jardim,37993.91,1
CIDADANIA,2024,1,2024-01,25,178972,Alex Manente,21111.03,2
CIDADANIA,2024,2,2024-02,25,178972,Alex Manente,23748.22,1
CIDADANIA,2024,2,2024-02,69,141391,Arnaldo Jardim,11955.03,2
CIDADANIA,2024,3,2024-03,69,141391,Arnaldo Jardim,33414.42,1
CIDADANIA,2024,3,2024-03,25,178972,Alex Manente,24819.24,2
CIDADANIA,2024,4,2024-04,25,178972,Alex Manente,37051.10,1
CIDADANIA,2024,4,2024-04,69,141391,Arnaldo Jardim,36404.48,2
CIDADANIA,2024,5,2024-05,69,141391,Arnaldo Jardim,37918.22,1
CIDADANIA,2024,5,2024-05,25,178972,Alex Manente,34041.23,2
CIDADANIA,2024,6,2024-06,69,141391,Arnaldo Jardim,63375.94,1
CIDADANIA,2024,6,2024-06,122,164360,Carmen Zanotto,16685.62,2
CIDADANIA,2024,6,2024-06,25,178972,Alex Manente,5694.23,3
CIDADANIA,2024,7,2024-07,69,141391,Arnaldo Jardim,59080.11,1
CIDADANIA,2024,7,2024-07,122,164360,Carmen Zanotto,43571.30,2
CIDADANIA,2024,7,2024-07,25,178972,Alex Manente,2018.51,3
CIDADANIA,2024,8,2024-08,69,141391,Arnaldo Jardim,52959.20,1
CIDADANIA,2024,8,2024-08,122,164360,Carmen Zanotto,6601.17,2
CIDADANIA,2024,8,2024-08,25,178972,Alex Manente,3186.46,3
CIDADANIA,2024,9,2024-09,69,141391,Arnaldo Jardim,49878.36,1
CIDADANIA,2024,9,2024-09,122,164360,Carmen Zanotto,583.67,2
CIDADANIA,2024,9,2024-09,25,178972,Alex Manente,0.00,3
CIDADANIA,2024,10,2024-10,69,141391,Arnaldo Jardim,52429.52,1
CIDADANIA,2024,10,2024-10,122,164360,Carmen Zanotto,10485.32,2
CIDADANIA,2024,10,2024-10,25,178972,Alex Manente,1971.87,3
CIDADANIA,2024,11,2024-11,69,141391,Arnaldo Jardim,53881.80,1
CIDADANIA,2024,11,2024-11,25,178972,Alex Manente,46301.68,2
CIDADANIA,2024,11,2024-11,122,164360,Carmen Zanotto,15393.94,3
CIDADANIA,2024,12,2024-12,25,178972,Alex Manente,47284.78,1
CIDADANIA,2024,12,2024-12,69,141391,Arnaldo Jardim,18969.62,2
CIDADANIA,2024,12,2024-12,122,164360,Carmen Zanotto,18713.72,3
CIDADANIA,2025,1,2025-01,69,141391,Arnaldo Jardim,33787.81,1
CIDADANIA,2025,1,2025-01,25,178972,Alex Manente,9777.74,2
CIDADANIA,2025,2,2025-02,69,141391,Arnaldo Jardim,53787.39,1
CIDADANIA,2025,2,2025-02,25,178972,Alex Manente,6903.03,2
CIDADANIA,2025,3,2025-03,69,141391,Arnaldo Jardim,45619.16,1
CIDADANIA,2025,3,2025-03,25,178972,Alex Manente,27996.38,2
CIDADANIA,2025,4,2025-04,69,141391,Arnaldo Jardim,53695.78,1
CIDADANIA,2025,4,2025-04,25,178972,Alex Manente,41525.17,2
CIDADANIA,2025,5,2025-05,69,141391,Arnaldo Jardim,52125.67,1
CIDADANIA,2025,5,2025-05,25,178972,Alex Manente,34208.21,2
CIDADANIA,2025,6,2025-06,69,141391,Arnaldo Jardim,65440.11,1
CIDADANIA,2025,6,2025-06,25,178972,Alex Manente,15654.55,2
CIDADANIA,2025,7,2025-07,69,141391,Arnaldo Jardim,50713.69,1
CIDADANIA,2025,7,2025-07,25,178972,Alex Manente,16713.65,2
CIDADANIA,2025,8,2025-08,69,141391,Arnaldo Jardim,29109.29,1
CIDADANIA,2025,8,2025-08,25,178972,Alex Manente,15922.80,2
CIDADANIA,2025,9,2025-09,69,141391,Arnaldo Jardim,32000.41,1
CIDADANIA,2025,9,2025-09,25,178972,Alex Manente,29698.61,2
CIDADANIA,2025,10,2025-10,69,141391,Arnaldo Jardim,29976.81,1
CIDADANIA,2025,10,2025-10,25,178972,Alex Manente,26216.65,2
CIDADANIA,2025,11,2025-11,69,141391,Arnaldo Jardim,25901.96,1
CIDADANIA,2025,11,2025-11,25,178972,Alex Manente,20954.55,2
CIDADANIA,2025,12,2025-12,25,178972,Alex Manente,155135.81,1
CIDADANIA,2025,12,2025-12,69,141391,Arnaldo Jardim,8022.27,2
CIDADANIA,2026,1,2026-01,69,141391,Arnaldo Jardim,31884.82,1
CIDADANIA,2026,1,2026-01,25,178972,Alex Manente,30497.73,2
CIDADANIA,2026,2,2026-02,69,141391,Arnaldo Jardim,38400.48,1
CIDADANIA,2026,2,2026-02,25,178972,Alex Manente,31399.22,2
CIDADANIA,2026,3,2026-03,69,141391,Arnaldo Jardim,27832.76,1
CIDADANIA,2026,3,2026-03,25,178972,Alex Manente,14718.27,2
CIDADANIA,2026,4,2026-04,25,178972,Alex Manente,13386.70,1
CIDADANIA,2026,4,2026-04,69,141391,Arnaldo Jardim,1486.12,2
MDB,,,,4,204379,Acácio Favacho,17389.38,1
MDB,,,,65,220675,Antônio Doido,16849.34,2
MDB,,,,398,220670,Iza Arruda,14614.36,3
MDB,,,,257,74075,Elcione Barbalho,13321.47,4
MDB,,,,495,74478,Luciano Bivar,11356.14,5
MDB,,,,461,220677,Keniston Braga,7939.31,6
MDB,,,,598,179001,Márcio Biolchi,7654.19,7
MDB,,,,64,123756,Antônia Lúcia,7501.38,8
MDB,,,,125,220699,Castro Neto,7023.56,9
MDB,,,,689,161440,Pezenti,5880.42,10
MDB,2021,11,2021-11,757,160651,Rogério Peninha Mendonça,492.23,1
MDB,2021,12,2021-12,638,204441,Otoni De Paula,7000.00,1
MDB,2021,12,2021-12,321,141427,Fábio Ramalho,6500.00,2
MDB,2021,12,2021-12,21,160559,Alceu Moreira,2395.91,3
MDB,2021,12,2021-12,366,204456,Gutemberg Reis,797.07,4
MDB,2021,12,2021-12,714,141523,Raul Henry,233.09,5
MDB,2022,1,2022-01,531,204471,Mara Rocha,53224.99,1
MDB,2022,1,2022-01,394,204436,Isnaldo Bulhões Jr.,43593.69,2
MDB,2022,1,2022-01,714,141523,Raul Henry,38156.73,3
MDB,2022,1,2022-01,619,178896,Newton Cardoso Jr,37144.60,4
MDB,2022,1,2022-01,381,178884,Hildo Rocha,36328.65,5
MDB,2022,1,2022-01,454,178839,Jéssica Sales,36100.00,6
MDB,2022,1,2022-01,477,74254,Leonardo Picciani,34132.60,7
MDB,2022,1,2022-01,793,204437,Severino Pessoa,33209.90,8
MDB,2022,1,2022-01,635,73692,Osmar Terra,31854.34,9
MDB,2022,1,2022-01,305,141434,Flaviano Melo,31843.03,10
MDB,2022,2,2022-02,379,73772,Hermes Parcianello,87748.92,1
MDB,2022,2,2022-02,114,141401,Carlos Bezerra,70219.58,2
MDB,2022,2,2022-02,630,204498,Olival Marques,65735.62,3
MDB,2022,2,2022-02,619,178896,Newton Cardoso Jr,61177.31,4
MDB,2022,2,2022-02,531,204471,Mara Rocha,56509.82,5
MDB,2022,2,2022-02,321,141427,Fábio Ramalho,46989.52,6
MDB,2022,2,2022-02,790,178933,Sergio Souza,46870.84,7
MDB,2022,2,2022-02,21,160559,Alceu Moreira,46757.69,8
MDB,2022,2,2022-02,440,112437,João Marcelo Souza,46709.42,9
MDB,2022,2,2022-02,420,204386,Jose Mario Schreiner,45385.91,10
MDB,2022,3,2022-03,244,178994,Dulce Miranda,87922.00,1
MDB,2022,3,2022-03,305,141434,Flaviano Melo,77697.63,2
MDB,2022,3,2022-03,477,74254,Leonardo Picciani,75207.59,3
MDB,2022,3,2022-03,4,204379,Acácio Favacho,70723.58,4
MDB,2022,3,2022-03,21,160559,Alceu Moreira,67379.42,5
MDB,2022,3,2022-03,381,178884,Hildo Rocha,61564.42,6
MDB,2022,3,2022-03,790,178933,Sergio Souza,60175.27,7
MDB,2022,3,2022-03,860,178952,Walter Alves,55352.49,8
MDB,2022,3,2022-03,269,198783,Emanuel Pinheiro Neto,52157.45,9
MDB,2022,3,2022-03,635,73692,Osmar Terra,50506.71,10
MDB,2022,4,2022-04,836,178863,Uldurico Junior,83219.97,1
MDB,2022,4,2022-04,348,178996,Giovani Feltes,64776.70,2
MDB,2022,4,2022-04,454,178839,Jéssica Sales,56767.50,3
MDB,2022,4,2022-04,531,204471,Mara Rocha,56397.92,4
MDB,2022,4,2022-04,714,141523,Raul Henry,54058.65,5
MDB,2022,4,2022-04,598,179001,Márcio Biolchi,50952.60,6
MDB,2022,4,2022-04,431,74079,José Priante,50828.56,7
MDB,2022,4,2022-04,793,204437,Severino Pessoa,48552.42,8
MDB,2022,4,2022-04,394,204436,Isnaldo Bulhões Jr.,48269.54,9
MDB,2022,4,2022-04,127,141405,Celso Maldaner,47255.57,10
MDB,2022,5,2022-05,305,141434,Flaviano Melo,101618.10,1
MDB,2022,5,2022-05,379,73772,Hermes Parcianello,100348.57,2
MDB,2022,5,2022-05,442,204474,Juarez Costa,86302.26,3
MDB,2022,5,2022-05,635,73692,Osmar Terra,65963.81,4
MDB,2022,5,2022-05,598,179001,Márcio Biolchi,64836.22,5
MDB,2022,5,2022-05,860,178952,Walter Alves,58640.72,6
MDB,2022,5,2022-05,454,178839,Jéssica Sales,58426.60,7
MDB,2022,5,2022-05,274,204537,Enrico Misasi,58285.74,8
MDB,2022,5,2022-05,499,178954,Lucio Mosquini,55515.94,9
MDB,2022,5,2022-05,531,204471,Mara Rocha,53852.73,10
MDB,2022,6,2022-06,257,74075,Elcione Barbalho,62779.12,1
MDB,2022,6,2022-06,269,198783,Emanuel Pinheiro Neto,51884.52,2
MDB,2022,6,2022-06,714,141523,Raul Henry,48249.21,3
MDB,2022,6,2022-06,420,204386,Jose Mario Schreiner,46269.80,4
MDB,2022,6,2022-06,630,204498,Olival Marques,43967.14,5
MDB,2022,6,2022-06,321,141427,Fábio Ramalho,43417.07,6
MDB,2022,6,2022-06,757,160651,Rogério Peninha Mendonça,43100.52,7
MDB,2022,6,2022-06,499,178954,Lucio Mosquini,42882.43,8
MDB,2022,6,2022-06,638,204441,Otoni De Paula,42134.91,9
MDB,2022,6,2022-06,274,204537,Enrico Misasi,41597.50,10
MDB,2022,7,2022-07,841,141552,Valtenir Pereira,60164.39,1
MDB,2022,7,2022-07,850,178888,Victor Mendes,47010.46,2
MDB,2022,7,2022-07,244,178994,Dulce Miranda,44671.37,3
MDB,2022,7,2022-07,321,141427,Fábio Ramalho,43324.92,4
MDB,2022,7,2022-07,598,179001,Márcio Biolchi,43209.64,5
MDB,2022,7,2022-07,274,204537,Enrico Misasi,43208.87,6
MDB,2022,7,2022-07,836,178863,Uldurico Junior,42263.63,7
MDB,2022,7,2022-07,714,141523,Raul Henry,40818.37,8
MDB,2022,7,2022-07,115,204361,Carlos Chiodini,40813.10,9
MDB,2022,7,2022-07,635,73692,Osmar Terra,38803.98,10
MDB,2022,8,2022-08,836,178863,Uldurico Junior,73476.79,1
MDB,2022,8,2022-08,635,73692,Osmar Terra,46152.17,2
MDB,2022,8,2022-08,305,141434,Flaviano Melo,45483.90,3
MDB,2022,8,2022-08,431,74079,José Priante,45182.41,4
MDB,2022,8,2022-08,244,178994,Dulce Miranda,44076.47,5
MDB,2022,8,2022-08,4,204379,Acácio Favacho,43590.47,6
MDB,2022,8,2022-08,440,112437,João Marcelo Souza,43158.15,7
MDB,2022,8,2022-08,790,178933,Sergio Souza,40749.27,8
MDB,2022,8,2022-08,499,178954,Lucio Mosquini,39749.45,9
MDB,2022,8,2022-08,321,141427,Fábio Ramalho,34316.86,10
MDB,2022,9,2022-09,305,141434,Flaviano Melo,54895.18,1
MDB,2022,9,2022-09,757,160651,Rogério Peninha Mendonça,44304.46,2
MDB,2022,9,2022-09,420,204386,Jose Mario Schreiner,40674.52,3
MDB,2022,9,2022-09,836,178863,Uldurico Junior,37349.41,4
MDB,2022,9,2022-09,531,204471,Mara Rocha,35948.37,5
MDB,2022,9,2022-09,4,204379,Acácio Favacho,32281.68,6
MDB,2022,9,2022-09,127,141405,Celso Maldaner,30980.06,7
MDB,2022,9,2022-09,440,112437,João Marcelo Souza,30415.05,8
MDB,2022,9,2022-09,21,160559,Alceu Moreira,23395.65,9
MDB,2022,9,2022-09,321,141427,Fábio Ramalho,23365.88,10
MDB,2022,10,2022-10,454,178839,Jéssica Sales,112127.70,1
MDB,2022,10,2022-10,793,204437,Severino Pessoa,73944.61,2
MDB,2022,10,2022-10,127,141405,Celso Maldaner,66469.82,3
MDB,2022,10,2022-10,114,141401,Carlos Bezerra,61933.69,4
MDB,2022,10,2022-10,531,204471,Mara Rocha,55580.21,5
MDB,2022,10,2022-10,638,204441,Otoni De Paula,43932.71,6
MDB,2022,10,2022-10,440,112437,João Marcelo Souza,42805.98,7
MDB,2022,10,2022-10,244,178994,Dulce Miranda,42531.03,8
MDB,2022,10,2022-10,366,204456,Gutemberg Reis,39216.72,9
MDB,2022,10,2022-10,321,141427,Fábio Ramalho,38011.65,10
MDB,2022,11,2022-11,114,141401,Carlos Bezerra,97396.18,1
MDB,2022,11,2022-11,454,178839,Jéssica Sales,89533.00,2
MDB,2022,11,2022-11,793,204437,Severino Pessoa,80328.67,3
MDB,2022,11,2022-11,630,204498,Olival Marques,73340.56,4
MDB,2022,11,2022-11,860,178952,Walter Alves,70550.99,5
MDB,2022,11,2022-11,598,179001,Márcio Biolchi,67984.27,6
MDB,2022,11,2022-11,531,204471,Mara Rocha,64442.35,7
MDB,2022,11,2022-11,127,141405,Celso Maldaner,61765.09,8
MDB,2022,11,2022-11,836,178863,Uldurico Junior,61179.54,9
MDB,2022,11,2022-11,440,112437,João Marcelo Souza,59593.82,10
MDB,2022,12,2022-12,257,74075,Elcione Barbalho,140917.67,1
MDB,2022,12,2022-12,379,73772,Hermes Parcianello,133433.63,2
MDB,2022,12,2022-12,4,204379,Acácio Favacho,112694.03,3
MDB,2022,12,2022-12,394,204436,Isnaldo Bulhões Jr.,106185.94,4
MDB,2022,12,2022-12,21,160559,Alceu Moreira,78780.68,5
MDB,2022,12,2022-12,630,204498,Olival Marques,76390.68,6
MDB,2022,12,2022-12,860,178952,Walter Alves,70816.11,7
MDB,2022,12,2022-12,598,179001,Márcio Biolchi,70088.43,8
MDB,2022,12,2022-12,160,178876,Célio Silveira,68019.06,9
MDB,2022,12,2022-12,114,141401,Carlos Bezerra,60285.79,10
MDB,2023,1,2023-01,499,178954,Lucio Mosquini,78591.79,1
MDB,2023,1,2023-01,420,204386,Jose Mario Schreiner,51019.34,2
MDB,2023,1,2023-01,531,204471,Mara Rocha,43962.36,3
MDB,2023,1,2023-01,454,178839,Jéssica Sales,42757.69,4
MDB,2023,1,2023-01,115,204361,Carlos Chiodini,40479.57,5
MDB,2023,1,2023-01,305,141434,Flaviano Melo,39437.12,6
MDB,2023,1,2023-01,793,204437,Severino Pessoa,39370.27,7
MDB,2023,1,2023-01,379,73772,Hermes Parcianello,38700.32,8
MDB,2023,1,2023-01,78,178975,Baleia Rossi,38378.19,9
MDB,2023,1,2023-01,394,204436,Isnaldo Bulhões Jr.,37479.33,10
MDB,2023,2,2023-02,257,74075,Elcione Barbalho,55991.91,1
MDB,2023,2,2023-02,706,220586,Rafael Brito,52854.67,2
MDB,2023,2,2023-02,5,220714,Adail Filho,50837.42,3
MDB,2023,2,2023-02,790,178933,Sergio Souza,47403.74,4
MDB,2023,2,2023-02,74,220577,Augusto Puppio,42110.96,5
MDB,2023,2,2023-02,115,204361,Carlos Chiodini,41187.77,6
MDB,2023,2,2023-02,366,204456,Gutemberg Reis,40827.13,7
MDB,2023,2,2023-02,552,204431,Marcos Aurélio Sampaio,36725.64,8
MDB,2023,2,2023-02,144,98148,Cobalchini,33415.16,9
MDB,2023,2,2023-02,78,178975,Baleia Rossi,33245.90,10
MDB,2023,3,2023-03,869,220660,Yury Do Paredão,79065.09,1
MDB,2023,3,2023-03,723,153423,Renilce Nicodemos,70343.63,2
MDB,2023,3,2023-03,5,220714,Adail Filho,65861.70,3
MDB,2023,3,2023-03,431,74079,José Priante,63876.30,4
MDB,2023,3,2023-03,786,220713,Saullo Vianna,62533.04,5
MDB,2023,3,2023-03,4,204379,Acácio Favacho,60723.63,6
MDB,2023,3,2023-03,706,220586,Rafael Brito,54288.81,7
MDB,2023,3,2023-03,366,204456,Gutemberg Reis,53475.00,8
MDB,2023,3,2023-03,619,178896,Newton Cardoso Jr,49890.30,9
MDB,2023,3,2023-03,21,160559,Alceu Moreira,49146.08,10
MDB,2023,4,2023-04,280,74454,Eunício Oliveira,132256.57,1
MDB,2023,4,2023-04,64,123756,Antônia Lúcia,120984.61,2
MDB,2023,4,2023-04,598,179001,Márcio Biolchi,53674.77,3
MDB,2023,4,2023-04,5,220714,Adail Filho,51229.27,4
MDB,2023,4,2023-04,706,220586,Rafael Brito,50106.67,5
MDB,2023,4,2023-04,65,220675,Antônio Doido,47617.67,6
MDB,2023,4,2023-04,257,74075,Elcione Barbalho,46297.18,7
MDB,2023,4,2023-04,552,204431,Marcos Aurélio Sampaio,46213.42,8
MDB,2023,4,2023-04,4,204379,Acácio Favacho,46113.74,9
MDB,2023,4,2023-04,19,74696,Alberto Mourão,44952.81,10
MDB,2023,5,2023-05,723,153423,Renilce Nicodemos,117495.07,1
MDB,2023,5,2023-05,125,220699,Castro Neto,93564.76,2
MDB,2023,5,2023-05,4,204379,Acácio Favacho,90392.98,3
MDB,2023,5,2023-05,142,141408,Cleber Verde,86274.47,4
MDB,2023,5,2023-05,431,74079,José Priante,70545.87,5
MDB,2023,5,2023-05,786,220713,Saullo Vianna,51354.12,6
MDB,2023,5,2023-05,734,220694,Ricardo Maia,48958.56,7
MDB,2023,5,2023-05,5,220714,Adail Filho,48692.30,8
MDB,2023,5,2023-05,452,204574,Junior Lourenço,48165.61,9
MDB,2023,5,2023-05,394,204436,Isnaldo Bulhões Jr.,46008.49,10
MDB,2023,6,2023-06,160,178876,Célio Silveira,83371.33,1
MDB,2023,6,2023-06,734,220694,Ricardo Maia,72225.99,2
MDB,2023,6,2023-06,869,220660,Yury Do Paredão,62574.42,3
MDB,2023,6,2023-06,552,204431,Marcos Aurélio Sampaio,62422.49,4
MDB,2023,6,2023-06,709,220532,Rafael Prudente,60426.94,5
MDB,2023,6,2023-06,64,123756,Antônia Lúcia,52934.92,6
MDB,2023,6,2023-06,5,220714,Adail Filho,48878.37,7
MDB,2023,6,2023-06,125,220699,Castro Neto,48019.65,8
MDB,2023,6,2023-06,65,220675,Antônio Doido,47585.36,9
MDB,2023,6,2023-06,74,220577,Augusto Puppio,46321.18,10
MDB,2023,7,2023-07,786,220713,Saullo Vianna,85182.56,1
MDB,2023,7,2023-07,723,153423,Renilce Nicodemos,68922.25,2
MDB,2023,7,2023-07,280,74454,Eunício Oliveira,58797.11,3
MDB,2023,7,2023-07,552,204431,Marcos Aurélio Sampaio,57506.74,4
MDB,2023,7,2023-07,598,179001,Márcio Biolchi,52147.72,5
MDB,2023,7,2023-07,74,220577,Augusto Puppio,51862.01,6
MDB,2023,7,2023-07,257,74075,Elcione Barbalho,48975.00,7
MDB,2023,7,2023-07,64,123756,Antônia Lúcia,48432.79,8
MDB,2023,7,2023-07,734,220694,Ricardo Maia,47496.22,9
MDB,2023,7,2023-07,5,220714,Adail Filho,47370.24,10
MDB,2023,8,2023-08,142,141408,Cleber Verde,114605.24,1
MDB,2023,8,2023-08,4,204379,Acácio Favacho,113780.80,2
MDB,2023,8,2023-08,64,123756,Antônia Lúcia,93712.60,3
MDB,2023,8,2023-08,709,220532,Rafael Prudente,85746.50,4
MDB,2023,8,2023-08,767,73806,Roseana Sarney,82153.53,5
MDB,2023,8,2023-08,125,220699,Castro Neto,70023.94,6
MDB,2023,8,2023-08,21,160559,Alceu Moreira,64328.15,7
MDB,2023,8,2023-08,431,74079,José Priante,60297.78,8
MDB,2023,8,2023-08,723,153423,Renilce Nicodemos,59968.13,9
MDB,2023,8,2023-08,461,220677,Keniston Braga,57924.96,10
MDB,2023,9,2023-09,309,160598,Flávia Morais,116826.37,1
MDB,2023,9,2023-09,461,220677,Keniston Braga,104403.85,2
MDB,2023,9,2023-09,306,225727,Flavinha,81815.63,3
MDB,2023,9,2023-09,734,220694,Ricardo Maia,64368.99,4
MDB,2023,9,2023-09,74,220577,Augusto Puppio,63373.20,5
MDB,2023,9,2023-09,706,220586,Rafael Brito,53495.88,6
MDB,2023,9,2023-09,598,179001,Márcio Biolchi,53414.90,7
MDB,2023,9,2023-09,786,220713,Saullo Vianna,51227.38,8
MDB,2023,9,2023-09,366,204456,Gutemberg Reis,50933.37,9
MDB,2023,9,2023-09,5,220714,Adail Filho,48308.87,10
MDB,2023,10,2023-10,452,204574,Junior Lourenço,104201.74,1
MDB,2023,10,2023-10,734,220694,Ricardo Maia,67676.96,2
MDB,2023,10,2023-10,461,220677,Keniston Braga,64337.64,3
MDB,2023,10,2023-10,4,204379,Acácio Favacho,61693.63,4
MDB,2023,10,2023-10,767,73806,Roseana Sarney,60944.58,5
MDB,2023,10,2023-10,19,74696,Alberto Mourão,60509.29,6
MDB,2023,10,2023-10,29,220542,Alexandre Guimarães,58841.75,7
MDB,2023,10,2023-10,552,204431,Marcos Aurélio Sampaio,58671.60,8
MDB,2023,10,2023-10,5,220714,Adail Filho,54917.24,9
MDB,2023,10,2023-10,378,204539,Hercílio Coelho Diniz,54899.00,10
MDB,2023,11,2023-11,65,220675,Antônio Doido,87846.54,1
MDB,2023,11,2023-11,786,220713,Saullo Vianna,80890.50,2
MDB,2023,11,2023-11,599,226410,Márcio Correa,69999.90,3
MDB,2023,11,2023-11,21,160559,Alceu Moreira,61594.48,4
MDB,2023,11,2023-11,4,204379,Acácio Favacho,56446.81,5
MDB,2023,11,2023-11,64,123756,Antônia Lúcia,54630.38,6
MDB,2023,11,2023-11,398,220670,Iza Arruda,53214.48,7
MDB,2023,11,2023-11,598,179001,Márcio Biolchi,49825.24,8
MDB,2023,11,2023-11,5,220714,Adail Filho,48984.36,9
MDB,2023,11,2023-11,29,220542,Alexandre Guimarães,47335.85,10
MDB,2023,12,2023-12,29,220542,Alexandre Guimarães,168613.15,1
MDB,2023,12,2023-12,398,220670,Iza Arruda,151395.36,2
MDB,2023,12,2023-12,280,74454,Eunício Oliveira,126683.25,3
MDB,2023,12,2023-12,378,204539,Hercílio Coelho Diniz,124000.00,4
MDB,2023,12,2023-12,65,220675,Antônio Doido,120946.17,5
MDB,2023,12,2023-12,767,73806,Roseana Sarney,119722.00,6
MDB,2023,12,2023-12,142,141408,Cleber Verde,117401.33,7
MDB,2023,12,2023-12,461,220677,Keniston Braga,113683.21,8
MDB,2023,12,2023-12,452,204574,Junior Lourenço,112335.71,9
MDB,2023,12,2023-12,144,98148,Cobalchini,112283.95,10
MDB,2024,1,2024-01,19,74696,Alberto Mourão,119345.55,1
MDB,2024,1,2024-01,869,220660,Yury Do Paredão,70000.00,2
MDB,2024,1,2024-01,74,220577,Augusto Puppio,61314.09,3
MDB,2024,1,2024-01,723,153423,Renilce Nicodemos,57338.97,4
MDB,2024,1,2024-01,706,220586,Rafael Brito,53690.39,5
MDB,2024,1,2024-01,64,123756,Antônia Lúcia,50359.24,6
MDB,2024,1,2024-01,5,220714,Adail Filho,49172.82,7
MDB,2024,1,2024-01,280,74454,Eunício Oliveira,49096.07,8
MDB,2024,1,2024-01,366,204456,Gutemberg Reis,40205.09,9
MDB,2024,1,2024-01,398,220670,Iza Arruda,39923.12,10
MDB,2024,2,2024-02,723,153423,Renilce Nicodemos,79808.22,1
MDB,2024,2,2024-02,461,220677,Keniston Braga,58929.45,2
MDB,2024,2,2024-02,767,73806,Roseana Sarney,55634.67,3
MDB,2024,2,2024-02,29,220542,Alexandre Guimarães,53255.18,4
MDB,2024,2,2024-02,786,220713,Saullo Vianna,52703.69,5
MDB,2024,2,2024-02,734,220694,Ricardo Maia,51754.72,6
MDB,2024,2,2024-02,790,178933,Sergio Souza,50084.20,7
MDB,2024,2,2024-02,74,220577,Augusto Puppio,49292.34,8
MDB,2024,2,2024-02,21,160559,Alceu Moreira,49091.41,9
MDB,2024,2,2024-02,5,220714,Adail Filho,46964.57,10
MDB,2024,3,2024-03,65,220675,Antônio Doido,77948.03,1
MDB,2024,3,2024-03,309,160598,Flávia Morais,73460.83,2
MDB,2024,3,2024-03,64,123756,Antônia Lúcia,69353.38,3
MDB,2024,3,2024-03,723,153423,Renilce Nicodemos,60609.63,4
MDB,2024,3,2024-03,29,220542,Alexandre Guimarães,55228.24,5
MDB,2024,3,2024-03,74,220577,Augusto Puppio,54322.83,6
MDB,2024,3,2024-03,767,73806,Roseana Sarney,54025.05,7
MDB,2024,3,2024-03,125,220699,Castro Neto,53910.36,8
MDB,2024,3,2024-03,398,220670,Iza Arruda,53883.91,9
MDB,2024,3,2024-03,394,204436,Isnaldo Bulhões Jr.,52650.94,10
MDB,2024,4,2024-04,767,73806,Roseana Sarney,81621.48,1
MDB,2024,4,2024-04,837,223398,Ulisses Guimarães,72032.57,2
MDB,2024,4,2024-04,398,220670,Iza Arruda,68969.89,3
MDB,2024,4,2024-04,5,220714,Adail Filho,59696.27,4
MDB,2024,4,2024-04,29,220542,Alexandre Guimarães,58338.21,5
MDB,2024,4,2024-04,125,220699,Castro Neto,58297.61,6
MDB,2024,4,2024-04,869,220660,Yury Do Paredão,58223.11,7
MDB,2024,4,2024-04,74,220577,Augusto Puppio,56869.62,8
MDB,2024,4,2024-04,64,123756,Antônia Lúcia,56812.70,9
MDB,2024,4,2024-04,461,220677,Keniston Braga,56614.24,10
MDB,2024,5,2024-05,65,220675,Antônio Doido,100074.61,1
MDB,2024,5,2024-05,142,141408,Cleber Verde,86486.94,2
MDB,2024,5,2024-05,790,178933,Sergio Souza,72177.79,3
MDB,2024,5,2024-05,869,220660,Yury Do Paredão,70719.20,4
MDB,2024,5,2024-05,723,153423,Renilce Nicodemos,63374.85,5
MDB,2024,5,2024-05,706,220586,Rafael Brito,61946.41,6
MDB,2024,5,2024-05,280,74454,Eunício Oliveira,57868.83,7
MDB,2024,5,2024-05,5,220714,Adail Filho,53893.99,8
MDB,2024,5,2024-05,837,223398,Ulisses Guimarães,51530.75,9
MDB,2024,5,2024-05,709,220532,Rafael Prudente,50622.93,10
MDB,2024,6,2024-06,706,220586,Rafael Brito,65857.65,1
MDB,2024,6,2024-06,723,153423,Renilce Nicodemos,64052.75,2
MDB,2024,6,2024-06,4,204379,Acácio Favacho,60238.98,3
MDB,2024,6,2024-06,790,178933,Sergio Souza,57998.49,4
MDB,2024,6,2024-06,74,220577,Augusto Puppio,55267.84,5
MDB,2024,6,2024-06,64,123756,Antônia Lúcia,53534.40,6
MDB,2024,6,2024-06,144,98148,Cobalchini,53063.11,7
MDB,2024,6,2024-06,869,220660,Yury Do Paredão,52211.88,8
MDB,2024,6,2024-06,29,220542,Alexandre Guimarães,51954.91,9
MDB,2024,6,2024-06,280,74454,Eunício Oliveira,51537.32,10
MDB,2024,7,2024-07,160,178876,Célio Silveira,81845.84,1
MDB,2024,7,2024-07,452,204574,Junior Lourenço,80078.26,2
MDB,2024,7,2024-07,65,220675,Antônio Doido,79215.13,3
MDB,2024,7,2024-07,125,220699,Castro Neto,58939.59,4
MDB,2024,7,2024-07,723,153423,Renilce Nicodemos,56708.40,5
MDB,2024,7,2024-07,21,160559,Alceu Moreira,54549.02,6
MDB,2024,7,2024-07,786,220713,Saullo Vianna,53251.43,7
MDB,2024,7,2024-07,29,220542,Alexandre Guimarães,52852.91,8
MDB,2024,7,2024-07,461,220677,Keniston Braga,52825.83,9
MDB,2024,7,2024-07,74,220577,Augusto Puppio,51809.82,10
MDB,2024,8,2024-08,378,204539,Hercílio Coelho Diniz,99218.15,1
MDB,2024,8,2024-08,790,178933,Sergio Souza,67170.93,2
MDB,2024,8,2024-08,381,178884,Hildo Rocha,66600.09,3
MDB,2024,8,2024-08,452,204574,Junior Lourenço,56663.98,4
MDB,2024,8,2024-08,552,204431,Marcos Aurélio Sampaio,51482.72,5
MDB,2024,8,2024-08,74,220577,Augusto Puppio,49599.60,6
MDB,2024,8,2024-08,366,204456,Gutemberg Reis,49481.99,7
MDB,2024,8,2024-08,786,220713,Saullo Vianna,48311.10,8
MDB,2024,8,2024-08,5,220714,Adail Filho,46359.83,9
MDB,2024,8,2024-08,4,204379,Acácio Favacho,45929.26,10
MDB,2024,9,2024-09,65,220675,Antônio Doido,85000.00,1
MDB,2024,9,2024-09,142,141408,Cleber Verde,84467.01,2
MDB,2024,9,2024-09,125,220699,Castro Neto,63298.20,3
MDB,2024,9,2024-09,235,204412,Dr. Zacharias Calil,61983.74,4
MDB,2024,9,2024-09,689,161440,Pezenti,59684.14,5
MDB,2024,9,2024-09,280,74454,Eunício Oliveira,58578.76,6
MDB,2024,9,2024-09,21,160559,Alceu Moreira,56585.26,7
MDB,2024,9,2024-09,452,204574,Junior Lourenço,54876.13,8
MDB,2024,9,2024-09,446,228837,Juliana Kolankiewicz,51378.81,9
MDB,2024,9,2024-09,598,179001,Márcio Biolchi,50785.79,10
MDB,2024,10,2024-10,235,204412,Dr. Zacharias Calil,89306.79,1
MDB,2024,10,2024-10,64,123756,Antônia Lúcia,79948.76,2
MDB,2024,10,2024-10,125,220699,Castro Neto,59982.55,3
MDB,2024,10,2024-10,706,220586,Rafael Brito,58661.33,4
MDB,2024,10,2024-10,598,179001,Márcio Biolchi,58298.26,5
MDB,2024,10,2024-10,461,220677,Keniston Braga,54403.72,6
MDB,2024,10,2024-10,4,204379,Acácio Favacho,51456.15,7
MDB,2024,10,2024-10,552,204431,Marcos Aurélio Sampaio,47894.90,8
MDB,2024,10,2024-10,394,204436,Isnaldo Bulhões Jr.,47565.74,9
MDB,2024,10,2024-10,398,220670,Iza Arruda,46167.88,10
MDB,2024,11,2024-11,257,74075,Elcione Barbalho,138017.44,1
MDB,2024,11,2024-11,734,220694,Ricardo Maia,81361.85,2
MDB,2024,11,2024-11,29,220542,Alexandre Guimarães,79520.35,3
MDB,2024,11,2024-11,64,123756,Antônia Lúcia,75139.93,4
MDB,2024,11,2024-11,619,178896,Newton Cardoso Jr,72567.14,5
MDB,2024,11,2024-11,378,204539,Hercílio Coelho Diniz,68571.74,6
MDB,2024,11,2024-11,786,220713,Saullo Vianna,59077.29,7
MDB,2024,11,2024-11,767,73806,Roseana Sarney,55692.05,8
MDB,2024,11,2024-11,706,220586,Rafael Brito,53077.51,9
MDB,2024,11,2024-11,598,179001,Márcio Biolchi,52961.38,10
MDB,2024,12,2024-12,4,204379,Acácio Favacho,164319.71,1
MDB,2024,12,2024-12,786,220713,Saullo Vianna,156181.99,2
MDB,2024,12,2024-12,5,220714,Adail Filho,141664.36,3
MDB,2024,12,2024-12,144,98148,Cobalchini,137153.05,4
MDB,2024,12,2024-12,142,141408,Cleber Verde,131262.02,5
MDB,2024,12,2024-12,723,153423,Renilce Nicodemos,113621.21,6
MDB,2024,12,2024-12,160,178876,Célio Silveira,100648.82,7
MDB,2024,12,2024-12,734,220694,Ricardo Maia,99474.02,8
MDB,2024,12,2024-12,65,220675,Antônio Doido,83984.51,9
MDB,2024,12,2024-12,869,220660,Yury Do Paredão,83911.45,10
MDB,2025,1,2025-01,309,160598,Flávia Morais,72973.65,1
MDB,2025,1,2025-01,378,204539,Hercílio Coelho Diniz,55912.17,2
MDB,2025,1,2025-01,142,141408,Cleber Verde,50615.10,3
MDB,2025,1,2025-01,552,204431,Marcos Aurélio Sampaio,49572.15,4
MDB,2025,1,2025-01,598,179001,Márcio Biolchi,47865.86,5
MDB,2025,1,2025-01,280,74454,Eunício Oliveira,44180.57,6
MDB,2025,1,2025-01,452,204574,Junior Lourenço,43377.58,7
MDB,2025,1,2025-01,869,220660,Yury Do Paredão,42783.03,8
MDB,2025,1,2025-01,706,220586,Rafael Brito,40048.18,9
MDB,2025,1,2025-01,394,204436,Isnaldo Bulhões Jr.,39119.74,10
MDB,2025,2,2025-02,723,153423,Renilce Nicodemos,106111.74,1
MDB,2025,2,2025-02,280,74454,Eunício Oliveira,88589.82,2
MDB,2025,2,2025-02,5,220714,Adail Filho,83439.94,3
MDB,2025,2,2025-02,461,220677,Keniston Braga,81615.69,4
MDB,2025,2,2025-02,378,204539,Hercílio Coelho Diniz,77195.75,5
MDB,2025,2,2025-02,598,179001,Márcio Biolchi,63030.69,6
MDB,2025,2,2025-02,552,204431,Marcos Aurélio Sampaio,62540.56,7
MDB,2025,2,2025-02,495,74478,Luciano Bivar,51174.64,8
MDB,2025,2,2025-02,706,220586,Rafael Brito,49583.38,9
MDB,2025,2,2025-02,64,123756,Antônia Lúcia,47191.32,10
MDB,2025,3,2025-03,309,160598,Flávia Morais,97514.70,1
MDB,2025,3,2025-03,64,123756,Antônia Lúcia,73179.72,2
MDB,2025,3,2025-03,706,220586,Rafael Brito,62454.10,3
MDB,2025,3,2025-03,734,220694,Ricardo Maia,54718.88,4
MDB,2025,3,2025-03,29,220542,Alexandre Guimarães,51658.23,5
MDB,2025,3,2025-03,5,220714,Adail Filho,49767.15,6
MDB,2025,3,2025-03,4,204379,Acácio Favacho,49344.58,7
MDB,2025,3,2025-03,452,204574,Junior Lourenço,46789.21,8
MDB,2025,3,2025-03,461,220677,Keniston Braga,46685.85,9
MDB,2025,3,2025-03,552,204431,Marcos Aurélio Sampaio,46682.24,10
MDB,2025,4,2025-04,29,220542,Alexandre Guimarães,86725.83,1
MDB,2025,4,2025-04,65,220675,Antônio Doido,84563.43,2
MDB,2025,4,2025-04,734,220694,Ricardo Maia,68045.21,3
MDB,2025,4,2025-04,280,74454,Eunício Oliveira,61694.24,4
MDB,2025,4,2025-04,4,204379,Acácio Favacho,59258.54,5
MDB,2025,4,2025-04,706,220586,Rafael Brito,54097.24,6
MDB,2025,4,2025-04,552,204431,Marcos Aurélio Sampaio,51997.10,7
MDB,2025,4,2025-04,723,153423,Renilce Nicodemos,50262.88,8
MDB,2025,4,2025-04,235,204412,Dr. Zacharias Calil,49682.35,9
MDB,2025,4,2025-04,5,220714,Adail Filho,46645.02,10
MDB,2025,5,2025-05,869,220660,Yury Do Paredão,62010.43,1
MDB,2025,5,2025-05,619,178896,Newton Cardoso Jr,56176.33,2
MDB,2025,5,2025-05,280,74454,Eunício Oliveira,53868.83,3
MDB,2025,5,2025-05,64,123756,Antônia Lúcia,50017.80,4
MDB,2025,5,2025-05,552,204431,Marcos Aurélio Sampaio,49329.51,5
MDB,2025,5,2025-05,378,204539,Hercílio Coelho Diniz,48866.22,6
MDB,2025,5,2025-05,21,160559,Alceu Moreira,47842.55,7
MDB,2025,5,2025-05,598,179001,Márcio Biolchi,46228.78,8
MDB,2025,5,2025-05,790,178933,Sergio Souza,45731.98,9
MDB,2025,5,2025-05,74,220577,Augusto Puppio,44258.12,10
MDB,2025,6,2025-06,723,153423,Renilce Nicodemos,67265.41,1
MDB,2025,6,2025-06,21,160559,Alceu Moreira,61050.05,2
MDB,2025,6,2025-06,29,220542,Alexandre Guimarães,60306.87,3
MDB,2025,6,2025-06,74,220577,Augusto Puppio,58596.01,4
MDB,2025,6,2025-06,436,230957,João Cury,52044.76,5
MDB,2025,6,2025-06,5,220714,Adail Filho,51641.24,6
MDB,2025,6,2025-06,790,178933,Sergio Souza,50037.54,7
MDB,2025,6,2025-06,552,204431,Marcos Aurélio Sampaio,49890.33,8
MDB,2025,6,2025-06,598,179001,Márcio Biolchi,49223.48,9
MDB,2025,6,2025-06,381,178884,Hildo Rocha,49012.61,10
MDB,2025,7,2025-07,142,141408,Cleber Verde,128988.22,1
MDB,2025,7,2025-07,125,220699,Castro Neto,105409.01,2
MDB,2025,7,2025-07,160,178876,Célio Silveira,102874.45,3
MDB,2025,7,2025-07,452,204574,Junior Lourenço,95222.01,4
MDB,2025,7,2025-07,869,220660,Yury Do Paredão,78422.16,5
MDB,2025,7,2025-07,461,220677,Keniston Braga,78113.01,6
MDB,2025,7,2025-07,4,204379,Acácio Favacho,72483.20,7
MDB,2025,7,2025-07,552,204431,Marcos Aurélio Sampaio,52721.12,8
MDB,2025,7,2025-07,734,220694,Ricardo Maia,52180.30,9
MDB,2025,7,2025-07,598,179001,Márcio Biolchi,51772.06,10
MDB,2025,8,2025-08,869,220660,Yury Do Paredão,65476.89,1
MDB,2025,8,2025-08,21,160559,Alceu Moreira,52231.54,2
MDB,2025,8,2025-08,29,220542,Alexandre Guimarães,51791.41,3
MDB,2025,8,2025-08,436,230957,João Cury,50870.40,4
MDB,2025,8,2025-08,598,179001,Márcio Biolchi,48119.29,5
MDB,2025,8,2025-08,5,220714,Adail Filho,46973.56,6
MDB,2025,8,2025-08,611,233218,Nelinho Freitas,45711.67,7
MDB,2025,8,2025-08,552,204431,Marcos Aurélio Sampaio,44300.00,8
MDB,2025,8,2025-08,790,178933,Sergio Souza,42434.00,9
MDB,2025,8,2025-08,309,160598,Flávia Morais,42079.32,10
MDB,2025,9,2025-09,309,160598,Flávia Morais,91952.32,1
MDB,2025,9,2025-09,5,220714,Adail Filho,85163.14,2
MDB,2025,9,2025-09,64,123756,Antônia Lúcia,76181.78,3
MDB,2025,9,2025-09,619,178896,Newton Cardoso Jr,70015.10,4
MDB,2025,9,2025-09,29,220542,Alexandre Guimarães,56858.52,5
MDB,2025,9,2025-09,144,98148,Cobalchini,55553.28,6
MDB,2025,9,2025-09,611,233218,Nelinho Freitas,53298.28,7
MDB,2025,9,2025-09,125,220699,Castro Neto,53023.64,8
MDB,2025,9,2025-09,4,204379,Acácio Favacho,52009.54,9
MDB,2025,9,2025-09,552,204431,Marcos Aurélio Sampaio,44200.00,10
MDB,2025,10,2025-10,65,220675,Antônio Doido,76401.82,1
MDB,2025,10,2025-10,378,204539,Hercílio Coelho Diniz,74163.68,2
MDB,2025,10,2025-10,495,74478,Luciano Bivar,74003.99,3
MDB,2025,10,2025-10,125,220699,Castro Neto,70943.00,4
MDB,2025,10,2025-10,790,178933,Sergio Souza,63532.42,5
MDB,2025,10,2025-10,452,204574,Junior Lourenço,61733.98,6
MDB,2025,10,2025-10,734,220694,Ricardo Maia,58854.61,7
MDB,2025,10,2025-10,309,160598,Flávia Morais,57155.88,8
MDB,2025,10,2025-10,723,153423,Renilce Nicodemos,56190.00,9
MDB,2025,10,2025-10,436,230957,João Cury,53369.57,10
MDB,2025,11,2025-11,65,220675,Antônio Doido,74492.36,1
MDB,2025,11,2025-11,512,229432,Luiz Fernando Vampiro,74095.29,2
MDB,2025,11,2025-11,436,230957,João Cury,65873.15,3
MDB,2025,11,2025-11,280,74454,Eunício Oliveira,51374.79,4
MDB,2025,11,2025-11,29,220542,Alexandre Guimarães,46891.94,5
MDB,2025,11,2025-11,235,204412,Dr. Zacharias Calil,44451.15,6
MDB,2025,11,2025-11,552,204431,Marcos Aurélio Sampaio,44200.00,7
MDB,2025,11,2025-11,398,220670,Iza Arruda,43673.95,8
MDB,2025,11,2025-11,64,123756,Antônia Lúcia,42359.69,9
MDB,2025,11,2025-11,142,141408,Cleber Verde,42359.30,10
MDB,2025,12,2025-12,142,141408,Cleber Verde,141379.40,1
MDB,2025,12,2025-12,144,98148,Cobalchini,99149.29,2
MDB,2025,12,2025-12,65,220675,Antônio Doido,96483.62,3
MDB,2025,12,2025-12,5,220714,Adail Filho,91183.67,4
MDB,2025,12,2025-12,160,178876,Célio Silveira,82348.05,5
MDB,2025,12,2025-12,619,178896,Newton Cardoso Jr,61675.87,6
MDB,2025,12,2025-12,452,204574,Junior Lourenço,61417.95,7
MDB,2025,12,2025-12,734,220694,Ricardo Maia,54255.28,8
MDB,2025,12,2025-12,366,204456,Gutemberg Reis,51529.42,9
MDB,2025,12,2025-12,4,204379,Acácio Favacho,49657.65,10
MDB,2026,1,2026-01,452,204574,Junior Lourenço,43884.18,1
MDB,2026,1,2026-01,64,123756,Antônia Lúcia,42750.00,2
MDB,2026,1,2026-01,280,74454,Eunício Oliveira,40500.00,3
MDB,2026,1,2026-01,144,98148,Cobalchini,36128.84,4
MDB,2026,1,2026-01,125,220699,Castro Neto,36110.00,5
MDB,2026,1,2026-01,790,178933,Sergio Souza,35577.83,6
MDB,2026,1,2026-01,381,178884,Hildo Rocha,35352.21,7
MDB,2026,1,2026-01,495,74478,Luciano Bivar,34670.74,8
MDB,2026,1,2026-01,78,178975,Baleia Rossi,31633.41,9
MDB,2026,1,2026-01,512,229432,Luiz Fernando Vampiro,31542.81,10
MDB,2026,2,2026-02,619,178896,Newton Cardoso Jr,89495.41,1
MDB,2026,2,2026-02,65,220675,Antônio Doido,72474.38,2
MDB,2026,2,2026-02,21,160559,Alceu Moreira,56330.71,3
MDB,2026,2,2026-02,461,220677,Keniston Braga,53991.88,4
MDB,2026,2,2026-02,280,74454,Eunício Oliveira,52713.00,5
MDB,2026,2,2026-02,723,153423,Renilce Nicodemos,52000.00,6
MDB,2026,2,2026-02,436,230957,João Cury,51033.61,7
MDB,2026,2,2026-02,452,204574,Junior Lourenço,51018.14,8
MDB,2026,2,2026-02,125,220699,Castro Neto,46453.09,9
MDB,2026,2,2026-02,552,204431,Marcos Aurélio Sampaio,44300.00,10
MDB,2026,3,2026-03,65,220675,Antônio Doido,106011.07,1
MDB,2026,3,2026-03,4,204379,Acácio Favacho,77811.09,2
MDB,2026,3,2026-03,5,220714,Adail Filho,77029.48,3
MDB,2026,3,2026-03,398,220670,Iza Arruda,61180.80,4
MDB,2026,3,2026-03,280,74454,Eunício Oliveira,59713.00,5
MDB,2026,3,2026-03,552,204431,Marcos Aurélio Sampaio,56200.00,6
MDB,2026,3,2026-03,21,160559,Alceu Moreira,48174.54,7
MDB,2026,3,2026-03,64,123756,Antônia Lúcia,46499.20,8
MDB,2026,3,2026-03,706,220586,Rafael Brito,46035.03,9
MDB,2026,3,2026-03,29,220542,Alexandre Guimarães,44125.00,10
MDB,2026,4,2026-04,280,74454,Eunício Oliveira,55500.00,1
MDB,2026,4,2026-04,29,220542,Alexandre Guimarães,50244.04,2
MDB,2026,4,2026-04,355,129618,Gorete Pereira,48380.19,3
MDB,2026,4,2026-04,619,178896,Newton Cardoso Jr,46243.92,4
MDB,2026,4,2026-04,4,204379,Acácio Favacho,43190.75,5
MDB,2026,4,2026-04,436,230957,João Cury,42431.72,6
MDB,2026,4,2026-04,461,220677,Keniston Braga,40090.00,7
MDB,2026,4,2026-04,786,220713,Saullo Vianna,37989.86,8
MDB,2026,4,2026-04,144,98148,Cobalchini,37590.02,9
MDB,2026,4,2026-04,381,178884,Hildo Rocha,33887.91,10
MISSÃO,,,,463,204536,Kim Kataguiri,28.10,1
MISSÃO,2023,2,2023-02,463,204536,Kim Kataguiri,19399.91,1
MISSÃO,2023,3,2023-03,463,204536,Kim Kataguiri,32518.79,1
MISSÃO,2023,4,2023-04,463,204536,Kim Kataguiri,24946.88,1
MISSÃO,2023,5,2023-05,463,204536,Kim Kataguiri,23095.62,1
MISSÃO,2023,6,2023-06,463,204536,Kim Kataguiri,26119.33,1
MISSÃO,2023,7,2023-07,463,204536,Kim Kataguiri,20179.94,1
MISSÃO,2023,8,2023-08,463,204536,Kim Kataguiri,27132.49,1
MISSÃO,2023,9,2023-09,463,204536,Kim Kataguiri,31043.80,1
MISSÃO,2023,10,2023-10,463,204536,Kim Kataguiri,37686.77,1
MISSÃO,2023,11,2023-11,463,204536,Kim Kataguiri,24362.54,1
MISSÃO,2023,12,2023-12,463,204536,Kim Kataguiri,8954.40,1
MISSÃO,2024,1,2024-01,463,204536,Kim Kataguiri,14103.13,1
MISSÃO,2024,2,2024-02,463,204536,Kim Kataguiri,25048.72,1
MISSÃO,2024,3,2024-03,463,204536,Kim Kataguiri,8632.37,1
MISSÃO,2024,4,2024-04,463,204536,Kim Kataguiri,15989.18,1
MISSÃO,2024,5,2024-05,463,204536,Kim Kataguiri,14824.27,1
MISSÃO,2024,6,2024-06,463,204536,Kim Kataguiri,18483.49,1
MISSÃO,2024,7,2024-07,463,204536,Kim Kataguiri,17233.29,1
MISSÃO,2024,8,2024-08,463,204536,Kim Kataguiri,4613.22,1
MISSÃO,2024,9,2024-09,463,204536,Kim Kataguiri,9347.11,1
MISSÃO,2024,10,2024-10,463,204536,Kim Kataguiri,16658.08,1
MISSÃO,2024,11,2024-11,463,204536,Kim Kataguiri,10567.19,1
MISSÃO,2024,12,2024-12,463,204536,Kim Kataguiri,6856.29,1
MISSÃO,2025,1,2025-01,463,204536,Kim Kataguiri,10508.20,1
MISSÃO,2025,2,2025-02,463,204536,Kim Kataguiri,16769.05,1
MISSÃO,2025,3,2025-03,463,204536,Kim Kataguiri,4987.82,1
MISSÃO,2025,4,2025-04,463,204536,Kim Kataguiri,14580.81,1
MISSÃO,2025,5,2025-05,463,204536,Kim Kataguiri,8635.57,1
MISSÃO,2025,6,2025-06,463,204536,Kim Kataguiri,5284.18,1
MISSÃO,2025,7,2025-07,463,204536,Kim Kataguiri,21909.30,1
MISSÃO,2025,8,2025-08,463,204536,Kim Kataguiri,2423.31,1
MISSÃO,2025,9,2025-09,463,204536,Kim Kataguiri,526.87,1
MISSÃO,2025,10,2025-10,463,204536,Kim Kataguiri,2486.30,1
MISSÃO,2025,11,2025-11,463,204536,Kim Kataguiri,2473.78,1
MISSÃO,2025,12,2025-12,463,204536,Kim Kataguiri,5048.90,1
MISSÃO,2026,1,2026-01,463,204536,Kim Kataguiri,175.17,1
MISSÃO,2026,2,2026-02,463,204536,Kim Kataguiri,7390.90,1
MISSÃO,2026,3,2026-03,463,204536,Kim Kataguiri,2646.67,1
MISSÃO,2026,4,2026-04,463,204536,Kim Kataguiri,2493.19,1
NOVO,,,,533,156190,Marcel Van Hattem,383.16,1
NOVO,,,,344,204365,Gilson Marques,170.17,2
NOVO,,,,8,204528,Adriana Ventura,128.07,3
NOVO,,,,735,220633,Ricardo Salles,116.97,4
NOVO,,,,663,204461,Paulo Ganime,37.06,5
NOVO,,,,488,204523,Lucas Gonzalez,32.75,6
NOVO,,,,514,204455,Luiz Lima,28.24,7
NOVO,,,,830,204519,Tiago Mitraud,9.80,8
NOVO,,,,33,204516,Alexis Fonteyne,4.73,9
NOVO,,,,855,204532,Vinicius Poit,4.13,10
NOVO,2021,10,2021-10,533,156190,Marcel Van Hattem,978.95,1
NOVO,2021,11,2021-11,344,204365,Gilson Marques,321.23,1
NOVO,2021,12,2021-12,533,156190,Marcel Van Hattem,543.23,1
NOVO,2022,1,2022-01,33,204516,Alexis Fonteyne,14493.31,1
NOVO,2022,1,2022-01,488,204523,Lucas Gonzalez,9998.87,2
NOVO,2022,1,2022-01,533,156190,Marcel Van Hattem,9352.58,3
NOVO,2022,1,2022-01,855,204532,Vinicius Poit,5931.20,4
NOVO,2022,1,2022-01,663,204461,Paulo Ganime,5437.29,5
NOVO,2022,1,2022-01,830,204519,Tiago Mitraud,3566.56,6
NOVO,2022,1,2022-01,344,204365,Gilson Marques,3482.25,7
NOVO,2022,1,2022-01,8,204528,Adriana Ventura,91.53,8
NOVO,2022,2,2022-02,33,204516,Alexis Fonteyne,25494.12,1
NOVO,2022,2,2022-02,855,204532,Vinicius Poit,19119.58,2
NOVO,2022,2,2022-02,8,204528,Adriana Ventura,11167.13,3
NOVO,2022,2,2022-02,533,156190,Marcel Van Hattem,9427.27,4
NOVO,2022,2,2022-02,344,204365,Gilson Marques,8087.07,5
NOVO,2022,2,2022-02,663,204461,Paulo Ganime,6294.47,6
NOVO,2022,2,2022-02,488,204523,Lucas Gonzalez,3312.80,7
NOVO,2022,2,2022-02,830,204519,Tiago Mitraud,1635.16,8
NOVO,2022,3,2022-03,33,204516,Alexis Fonteyne,25804.90,1
NOVO,2022,3,2022-03,488,204523,Lucas Gonzalez,25766.26,2
NOVO,2022,3,2022-03,855,204532,Vinicius Poit,22591.33,3
NOVO,2022,3,2022-03,533,156190,Marcel Van Hattem,17022.91,4
NOVO,2022,3,2022-03,663,204461,Paulo Ganime,6947.54,5
NOVO,2022,3,2022-03,344,204365,Gilson Marques,4406.51,6
NOVO,2022,3,2022-03,830,204519,Tiago Mitraud,3309.01,7
NOVO,2022,4,2022-04,488,204523,Lucas Gonzalez,31183.50,1
NOVO,2022,4,2022-04,33,204516,Alexis Fonteyne,21355.96,2
NOVO,2022,4,2022-04,855,204532,Vinicius Poit,19578.53,3
NOVO,2022,4,2022-04,663,204461,Paulo Ganime,14249.19,4
NOVO,2022,4,2022-04,8,204528,Adriana Ventura,12101.69,5
NOVO,2022,4,2022-04,344,204365,Gilson Marques,11345.02,6
NOVO,2022,4,2022-04,533,156190,Marcel Van Hattem,10897.27,7
NOVO,2022,4,2022-04,830,204519,Tiago Mitraud,8051.44,8
NOVO,2022,5,2022-05,488,204523,Lucas Gonzalez,31355.81,1
NOVO,2022,5,2022-05,33,204516,Alexis Fonteyne,24681.07,2
NOVO,2022,5,2022-05,855,204532,Vinicius Poit,22103.30,3
NOVO,2022,5,2022-05,533,156190,Marcel Van Hattem,12006.96,4
NOVO,2022,5,2022-05,830,204519,Tiago Mitraud,7128.65,5
NOVO,2022,5,2022-05,663,204461,Paulo Ganime,6949.26,6
NOVO,2022,5,2022-05,344,204365,Gilson Marques,6893.90,7
NOVO,2022,5,2022-05,8,204528,Adriana Ventura,2609.95,8
NOVO,2022,6,2022-06,33,204516,Alexis Fonteyne,20601.24,1
NOVO,2022,6,2022-06,488,204523,Lucas Gonzalez,19570.81,2
NOVO,2022,6,2022-06,855,204532,Vinicius Poit,11005.37,3
NOVO,2022,6,2022-06,533,156190,Marcel Van Hattem,8997.28,4
NOVO,2022,6,2022-06,830,204519,Tiago Mitraud,5412.19,5
NOVO,2022,6,2022-06,344,204365,Gilson Marques,5327.62,6
NOVO,2022,6,2022-06,8,204528,Adriana Ventura,3322.01,7
NOVO,2022,6,2022-06,663,204461,Paulo Ganime,3216.00,8
NOVO,2022,7,2022-07,33,204516,Alexis Fonteyne,22557.24,1
NOVO,2022,7,2022-07,855,204532,Vinicius Poit,14453.31,2
NOVO,2022,7,2022-07,344,204365,Gilson Marques,8788.56,3
NOVO,2022,7,2022-07,488,204523,Lucas Gonzalez,8633.88,4
NOVO,2022,7,2022-07,533,156190,Marcel Van Hattem,7073.80,5
NOVO,2022,7,2022-07,830,204519,Tiago Mitraud,3376.09,6
NOVO,2022,7,2022-07,8,204528,Adriana Ventura,2487.39,7
NOVO,2022,7,2022-07,663,204461,Paulo Ganime,2012.11,8
NOVO,2022,8,2022-08,33,204516,Alexis Fonteyne,14788.73,1
NOVO,2022,8,2022-08,855,204532,Vinicius Poit,13192.33,2
NOVO,2022,8,2022-08,533,156190,Marcel Van Hattem,12726.02,3
NOVO,2022,8,2022-08,488,204523,Lucas Gonzalez,5115.11,4
NOVO,2022,8,2022-08,344,204365,Gilson Marques,1378.22,5
NOVO,2022,8,2022-08,830,204519,Tiago Mitraud,887.37,6
NOVO,2022,8,2022-08,8,204528,Adriana Ventura,668.03,7
NOVO,2022,9,2022-09,855,204532,Vinicius Poit,25266.58,1
NOVO,2022,9,2022-09,33,204516,Alexis Fonteyne,14285.99,2
NOVO,2022,9,2022-09,488,204523,Lucas Gonzalez,9171.93,3
NOVO,2022,9,2022-09,533,156190,Marcel Van Hattem,1587.82,4
NOVO,2022,9,2022-09,8,204528,Adriana Ventura,657.37,5
NOVO,2022,9,2022-09,830,204519,Tiago Mitraud,288.35,6
NOVO,2022,10,2022-10,33,204516,Alexis Fonteyne,22284.38,1
NOVO,2022,10,2022-10,855,204532,Vinicius Poit,18866.72,2
NOVO,2022,10,2022-10,533,156190,Marcel Van Hattem,11119.22,3
NOVO,2022,10,2022-10,344,204365,Gilson Marques,10722.35,4
NOVO,2022,10,2022-10,663,204461,Paulo Ganime,9613.52,5
NOVO,2022,10,2022-10,488,204523,Lucas Gonzalez,6791.30,6
NOVO,2022,10,2022-10,830,204519,Tiago Mitraud,4657.30,7
NOVO,2022,10,2022-10,8,204528,Adriana Ventura,719.56,8
NOVO,2022,11,2022-11,488,204523,Lucas Gonzalez,32339.99,1
NOVO,2022,11,2022-11,855,204532,Vinicius Poit,26781.32,2
NOVO,2022,11,2022-11,33,204516,Alexis Fonteyne,22137.44,3
NOVO,2022,11,2022-11,663,204461,Paulo Ganime,13713.86,4
NOVO,2022,11,2022-11,533,156190,Marcel Van Hattem,10400.74,5
NOVO,2022,11,2022-11,830,204519,Tiago Mitraud,7195.81,6
NOVO,2022,11,2022-11,344,204365,Gilson Marques,5730.41,7
NOVO,2022,11,2022-11,8,204528,Adriana Ventura,4507.01,8
NOVO,2022,12,2022-12,488,204523,Lucas Gonzalez,26813.82,1
NOVO,2022,12,2022-12,33,204516,Alexis Fonteyne,20293.09,2
NOVO,2022,12,2022-12,8,204528,Adriana Ventura,16969.27,3
NOVO,2022,12,2022-12,344,204365,Gilson Marques,14470.84,4
NOVO,2022,12,2022-12,533,156190,Marcel Van Hattem,13952.05,5
NOVO,2022,12,2022-12,855,204532,Vinicius Poit,13370.09,6
NOVO,2022,12,2022-12,663,204461,Paulo Ganime,7857.15,7
NOVO,2022,12,2022-12,830,204519,Tiago Mitraud,102.47,8
NOVO,2023,1,2023-01,855,204532,Vinicius Poit,33572.42,1
NOVO,2023,1,2023-01,33,204516,Alexis Fonteyne,18772.45,2
NOVO,2023,1,2023-01,488,204523,Lucas Gonzalez,15594.13,3
NOVO,2023,1,2023-01,8,204528,Adriana Ventura,12468.94,4
NOVO,2023,1,2023-01,663,204461,Paulo Ganime,10457.66,5
NOVO,2023,1,2023-01,830,204519,Tiago Mitraud,9544.26,6
NOVO,2023,1,2023-01,533,156190,Marcel Van Hattem,8199.01,7
NOVO,2023,1,2023-01,344,204365,Gilson Marques,3426.76,8
NOVO,2023,2,2023-02,533,156190,Marcel Van Hattem,28310.97,1
NOVO,2023,2,2023-02,735,220633,Ricardo Salles,26224.34,2
NOVO,2023,2,2023-02,514,204455,Luiz Lima,22205.28,3
NOVO,2023,2,2023-02,344,204365,Gilson Marques,11729.68,4
NOVO,2023,2,2023-02,8,204528,Adriana Ventura,6610.64,5
NOVO,2023,3,2023-03,514,204455,Luiz Lima,51029.79,1
NOVO,2023,3,2023-03,735,220633,Ricardo Salles,48763.21,2
NOVO,2023,3,2023-03,344,204365,Gilson Marques,20941.04,3
NOVO,2023,3,2023-03,533,156190,Marcel Van Hattem,17924.06,4
NOVO,2023,3,2023-03,8,204528,Adriana Ventura,6057.67,5
NOVO,2023,4,2023-04,514,204455,Luiz Lima,39999.18,1
NOVO,2023,4,2023-04,735,220633,Ricardo Salles,35461.50,2
NOVO,2023,4,2023-04,533,156190,Marcel Van Hattem,21694.80,3
NOVO,2023,4,2023-04,344,204365,Gilson Marques,4668.58,4
NOVO,2023,4,2023-04,8,204528,Adriana Ventura,3179.74,5
NOVO,2023,5,2023-05,533,156190,Marcel Van Hattem,45558.82,1
NOVO,2023,5,2023-05,735,220633,Ricardo Salles,45028.84,2
NOVO,2023,5,2023-05,514,204455,Luiz Lima,44124.06,3
NOVO,2023,5,2023-05,344,204365,Gilson Marques,9938.24,4
NOVO,2023,5,2023-05,8,204528,Adriana Ventura,1923.92,5
NOVO,2023,6,2023-06,735,220633,Ricardo Salles,48015.08,1
NOVO,2023,6,2023-06,514,204455,Luiz Lima,26464.33,2
NOVO,2023,6,2023-06,533,156190,Marcel Van Hattem,13769.35,3
NOVO,2023,6,2023-06,8,204528,Adriana Ventura,7548.60,4
NOVO,2023,6,2023-06,344,204365,Gilson Marques,4921.33,5
NOVO,2023,7,2023-07,514,204455,Luiz Lima,25545.64,1
NOVO,2023,7,2023-07,735,220633,Ricardo Salles,23486.90,2
NOVO,2023,7,2023-07,533,156190,Marcel Van Hattem,21251.57,3
NOVO,2023,7,2023-07,344,204365,Gilson Marques,4809.31,4
NOVO,2023,7,2023-07,8,204528,Adriana Ventura,1378.04,5
NOVO,2023,8,2023-08,735,220633,Ricardo Salles,57363.21,1
NOVO,2023,8,2023-08,514,204455,Luiz Lima,38113.82,2
NOVO,2023,8,2023-08,533,156190,Marcel Van Hattem,23260.43,3
NOVO,2023,8,2023-08,344,204365,Gilson Marques,12425.34,4
NOVO,2023,8,2023-08,8,204528,Adriana Ventura,2025.96,5
NOVO,2023,9,2023-09,735,220633,Ricardo Salles,47055.14,1
NOVO,2023,9,2023-09,514,204455,Luiz Lima,40519.74,2
NOVO,2023,9,2023-09,533,156190,Marcel Van Hattem,25227.23,3
NOVO,2023,9,2023-09,344,204365,Gilson Marques,11475.12,4
NOVO,2023,9,2023-09,8,204528,Adriana Ventura,3599.58,5
NOVO,2023,10,2023-10,735,220633,Ricardo Salles,42380.58,1
NOVO,2023,10,2023-10,514,204455,Luiz Lima,37916.73,2
NOVO,2023,10,2023-10,533,156190,Marcel Van Hattem,24607.75,3
NOVO,2023,10,2023-10,344,204365,Gilson Marques,10668.27,4
NOVO,2023,10,2023-10,8,204528,Adriana Ventura,1639.05,5
NOVO,2023,11,2023-11,514,204455,Luiz Lima,75667.73,1
NOVO,2023,11,2023-11,735,220633,Ricardo Salles,37232.54,2
NOVO,2023,11,2023-11,533,156190,Marcel Van Hattem,19078.19,3
NOVO,2023,11,2023-11,344,204365,Gilson Marques,16739.82,4
NOVO,2023,11,2023-11,8,204528,Adriana Ventura,5246.47,5
NOVO,2023,12,2023-12,514,204455,Luiz Lima,84617.33,1
NOVO,2023,12,2023-12,735,220633,Ricardo Salles,30772.98,2
NOVO,2023,12,2023-12,8,204528,Adriana Ventura,16844.70,3
NOVO,2023,12,2023-12,533,156190,Marcel Van Hattem,14855.00,4
NOVO,2023,12,2023-12,344,204365,Gilson Marques,8911.14,5
NOVO,2024,1,2024-01,735,220633,Ricardo Salles,52204.53,1
NOVO,2024,1,2024-01,514,204455,Luiz Lima,18506.81,2
NOVO,2024,1,2024-01,533,156190,Marcel Van Hattem,11789.57,3
NOVO,2024,1,2024-01,344,204365,Gilson Marques,8036.90,4
NOVO,2024,1,2024-01,8,204528,Adriana Ventura,5876.28,5
NOVO,2024,2,2024-02,735,220633,Ricardo Salles,51281.71,1
NOVO,2024,2,2024-02,514,204455,Luiz Lima,27386.51,2
NOVO,2024,2,2024-02,533,156190,Marcel Van Hattem,17746.64,3
NOVO,2024,2,2024-02,344,204365,Gilson Marques,14709.52,4
NOVO,2024,2,2024-02,8,204528,Adriana Ventura,7675.71,5
NOVO,2024,3,2024-03,735,220633,Ricardo Salles,39827.65,1
NOVO,2024,3,2024-03,514,204455,Luiz Lima,30096.98,2
NOVO,2024,3,2024-03,533,156190,Marcel Van Hattem,23346.16,3
NOVO,2024,3,2024-03,344,204365,Gilson Marques,8673.29,4
NOVO,2024,3,2024-03,8,204528,Adriana Ventura,3545.90,5
NOVO,2024,4,2024-04,735,220633,Ricardo Salles,70781.92,1
NOVO,2024,4,2024-04,514,204455,Luiz Lima,29473.15,2
NOVO,2024,4,2024-04,533,156190,Marcel Van Hattem,13507.06,3
NOVO,2024,4,2024-04,344,204365,Gilson Marques,7824.14,4
NOVO,2024,4,2024-04,8,204528,Adriana Ventura,-400.48,5
NOVO,2024,5,2024-05,514,204455,Luiz Lima,41136.85,1
NOVO,2024,5,2024-05,735,220633,Ricardo Salles,34991.22,2
NOVO,2024,5,2024-05,533,156190,Marcel Van Hattem,31962.25,3
NOVO,2024,5,2024-05,344,204365,Gilson Marques,9917.09,4
NOVO,2024,5,2024-05,8,204528,Adriana Ventura,9609.42,5
NOVO,2024,6,2024-06,735,220633,Ricardo Salles,62239.16,1
NOVO,2024,6,2024-06,514,204455,Luiz Lima,52562.19,2
NOVO,2024,6,2024-06,533,156190,Marcel Van Hattem,29090.48,3
NOVO,2024,6,2024-06,344,204365,Gilson Marques,10694.45,4
NOVO,2024,6,2024-06,8,204528,Adriana Ventura,3273.35,5
NOVO,2024,7,2024-07,533,156190,Marcel Van Hattem,33751.43,1
NOVO,2024,7,2024-07,735,220633,Ricardo Salles,32077.79,2
NOVO,2024,7,2024-07,514,204455,Luiz Lima,31767.59,3
NOVO,2024,7,2024-07,344,204365,Gilson Marques,13090.62,4
NOVO,2024,7,2024-07,8,204528,Adriana Ventura,2432.63,5
NOVO,2024,8,2024-08,735,220633,Ricardo Salles,38445.60,1
NOVO,2024,8,2024-08,533,156190,Marcel Van Hattem,27323.83,2
NOVO,2024,8,2024-08,514,204455,Luiz Lima,21390.92,3
NOVO,2024,8,2024-08,344,204365,Gilson Marques,11232.21,4
NOVO,2024,8,2024-08,8,204528,Adriana Ventura,6726.75,5
NOVO,2024,9,2024-09,514,204455,Luiz Lima,48926.19,1
NOVO,2024,9,2024-09,735,220633,Ricardo Salles,37839.93,2
NOVO,2024,9,2024-09,533,156190,Marcel Van Hattem,22379.03,3
NOVO,2024,9,2024-09,344,204365,Gilson Marques,16952.79,4
NOVO,2024,9,2024-09,8,204528,Adriana Ventura,2425.30,5
NOVO,2024,10,2024-10,514,204455,Luiz Lima,42636.02,1
NOVO,2024,10,2024-10,735,220633,Ricardo Salles,38349.17,2
NOVO,2024,10,2024-10,344,204365,Gilson Marques,12247.08,3
NOVO,2024,10,2024-10,533,156190,Marcel Van Hattem,11032.70,4
NOVO,2024,10,2024-10,8,204528,Adriana Ventura,2035.02,5
NOVO,2024,11,2024-11,735,220633,Ricardo Salles,52732.94,1
NOVO,2024,11,2024-11,514,204455,Luiz Lima,36163.03,2
NOVO,2024,11,2024-11,344,204365,Gilson Marques,32227.70,3
NOVO,2024,11,2024-11,533,156190,Marcel Van Hattem,24624.60,4
NOVO,2024,11,2024-11,8,204528,Adriana Ventura,8114.97,5
NOVO,2024,12,2024-12,514,204455,Luiz Lima,104127.60,1
NOVO,2024,12,2024-12,735,220633,Ricardo Salles,25624.07,2
NOVO,2024,12,2024-12,533,156190,Marcel Van Hattem,22037.71,3
NOVO,2024,12,2024-12,8,204528,Adriana Ventura,19969.20,4
NOVO,2024,12,2024-12,344,204365,Gilson Marques,7073.84,5
NOVO,2025,1,2025-01,735,220633,Ricardo Salles,33970.36,1
NOVO,2025,1,2025-01,514,204455,Luiz Lima,19183.33,2
NOVO,2025,1,2025-01,533,156190,Marcel Van Hattem,18916.29,3
NOVO,2025,1,2025-01,344,204365,Gilson Marques,15508.92,4
NOVO,2025,1,2025-01,8,204528,Adriana Ventura,8504.93,5
NOVO,2025,2,2025-02,735,220633,Ricardo Salles,76180.19,1
NOVO,2025,2,2025-02,514,204455,Luiz Lima,52284.33,2
NOVO,2025,2,2025-02,533,156190,Marcel Van Hattem,19067.85,3
NOVO,2025,2,2025-02,344,204365,Gilson Marques,9894.01,4
NOVO,2025,2,2025-02,8,204528,Adriana Ventura,6103.14,5
NOVO,2025,3,2025-03,735,220633,Ricardo Salles,55649.27,1
NOVO,2025,3,2025-03,514,204455,Luiz Lima,38300.61,2
NOVO,2025,3,2025-03,533,156190,Marcel Van Hattem,25881.01,3
NOVO,2025,3,2025-03,344,204365,Gilson Marques,15055.39,4
NOVO,2025,3,2025-03,8,204528,Adriana Ventura,7395.09,5
NOVO,2025,4,2025-04,514,204455,Luiz Lima,59128.37,1
NOVO,2025,4,2025-04,735,220633,Ricardo Salles,51944.70,2
NOVO,2025,4,2025-04,533,156190,Marcel Van Hattem,24584.64,3
NOVO,2025,4,2025-04,344,204365,Gilson Marques,15112.96,4
NOVO,2025,4,2025-04,8,204528,Adriana Ventura,6783.73,5
NOVO,2025,5,2025-05,514,204455,Luiz Lima,51950.73,1
NOVO,2025,5,2025-05,735,220633,Ricardo Salles,39844.26,2
NOVO,2025,5,2025-05,533,156190,Marcel Van Hattem,27050.43,3
NOVO,2025,5,2025-05,8,204528,Adriana Ventura,14575.64,4
NOVO,2025,5,2025-05,344,204365,Gilson Marques,12537.61,5
NOVO,2025,6,2025-06,735,220633,Ricardo Salles,48177.07,1
NOVO,2025,6,2025-06,514,204455,Luiz Lima,42634.69,2
NOVO,2025,6,2025-06,344,204365,Gilson Marques,17735.71,3
NOVO,2025,6,2025-06,533,156190,Marcel Van Hattem,16154.09,4
NOVO,2025,6,2025-06,8,204528,Adriana Ventura,7978.13,5
NOVO,2025,7,2025-07,514,204455,Luiz Lima,51118.24,1
NOVO,2025,7,2025-07,735,220633,Ricardo Salles,50032.68,2
NOVO,2025,7,2025-07,344,204365,Gilson Marques,31175.00,3
NOVO,2025,7,2025-07,533,156190,Marcel Van Hattem,21989.32,4
NOVO,2025,7,2025-07,8,204528,Adriana Ventura,6158.37,5
NOVO,2025,8,2025-08,735,220633,Ricardo Salles,32295.29,1
NOVO,2025,8,2025-08,514,204455,Luiz Lima,29144.96,2
NOVO,2025,8,2025-08,533,156190,Marcel Van Hattem,15633.18,3
NOVO,2025,8,2025-08,344,204365,Gilson Marques,14362.67,4
NOVO,2025,8,2025-08,8,204528,Adriana Ventura,8763.45,5
NOVO,2025,9,2025-09,735,220633,Ricardo Salles,51275.70,1
NOVO,2025,9,2025-09,533,156190,Marcel Van Hattem,24013.80,2
NOVO,2025,9,2025-09,514,204455,Luiz Lima,22858.56,3
NOVO,2025,9,2025-09,344,204365,Gilson Marques,11822.08,4
NOVO,2025,9,2025-09,8,204528,Adriana Ventura,4804.23,5
NOVO,2025,10,2025-10,735,220633,Ricardo Salles,49559.75,1
NOVO,2025,10,2025-10,514,204455,Luiz Lima,23701.23,2
NOVO,2025,10,2025-10,533,156190,Marcel Van Hattem,23605.33,3
NOVO,2025,10,2025-10,344,204365,Gilson Marques,15154.00,4
NOVO,2025,10,2025-10,8,204528,Adriana Ventura,4999.44,5
NOVO,2025,11,2025-11,514,204455,Luiz Lima,48973.26,1
NOVO,2025,11,2025-11,735,220633,Ricardo Salles,28247.93,2
NOVO,2025,11,2025-11,533,156190,Marcel Van Hattem,21469.49,3
NOVO,2025,11,2025-11,344,204365,Gilson Marques,10601.73,4
NOVO,2025,11,2025-11,8,204528,Adriana Ventura,5719.42,5
NOVO,2025,12,2025-12,735,220633,Ricardo Salles,38544.24,1
NOVO,2025,12,2025-12,514,204455,Luiz Lima,24443.81,2
NOVO,2025,12,2025-12,533,156190,Marcel Van Hattem,23153.43,3
NOVO,2025,12,2025-12,344,204365,Gilson Marques,17579.19,4
NOVO,2025,12,2025-12,8,204528,Adriana Ventura,10912.05,5
NOVO,2026,1,2026-01,735,220633,Ricardo Salles,15605.69,1
NOVO,2026,1,2026-01,514,204455,Luiz Lima,15199.32,2
NOVO,2026,1,2026-01,533,156190,Marcel Van Hattem,14036.06,3
NOVO,2026,1,2026-01,344,204365,Gilson Marques,10509.21,4
NOVO,2026,1,2026-01,8,204528,Adriana Ventura,4052.65,5
NOVO,2026,2,2026-02,735,220633,Ricardo Salles,48550.54,1
NOVO,2026,2,2026-02,514,204455,Luiz Lima,26808.08,2
NOVO,2026,2,2026-02,533,156190,Marcel Van Hattem,20464.22,3
NOVO,2026,2,2026-02,344,204365,Gilson Marques,11435.46,4
NOVO,2026,2,2026-02,8,204528,Adriana Ventura,4474.81,5
NOVO,2026,3,2026-03,735,220633,Ricardo Salles,44757.70,1
NOVO,2026,3,2026-03,514,204455,Luiz Lima,44545.13,2
NOVO,2026,3,2026-03,533,156190,Marcel Van Hattem,23909.43,3
NOVO,2026,3,2026-03,344,204365,Gilson Marques,10969.84,4
NOVO,2026,3,2026-03,8,204528,Adriana Ventura,6798.16,5
NOVO,2026,4,2026-04,735,220633,Ricardo Salles,46524.57,1
NOVO,2026,4,2026-04,514,204455,Luiz Lima,32253.04,2
NOVO,2026,4,2026-04,533,156190,Marcel Van Hattem,5676.15,3
NOVO,2026,4,2026-04,344,204365,Gilson Marques,5658.86,4
PATRIOTA,,,,568,204566,Marreca Filho,93.23,1
PATRIOTA,,,,226,204518,Dr. Frederico,83.45,2
PATRIOTA,,,,314,204494,Fred Costa,52.03,3
PATRIOTA,,,,22,204413,Alcides Rodrigues,33.48,4
PATRIOTA,,,,699,204446,Professor Joziel,18.70,5
PATRIOTA,2021,12,2021-12,314,204494,Fred Costa,5893.83,1
PATRIOTA,2022,1,2022-01,226,204518,Dr. Frederico,27357.22,1
PATRIOTA,2022,1,2022-01,699,204446,Professor Joziel,19284.62,2
PATRIOTA,2022,1,2022-01,314,204494,Fred Costa,12893.84,3
PATRIOTA,2022,1,2022-01,568,204566,Marreca Filho,9949.76,4
PATRIOTA,2022,1,2022-01,22,204413,Alcides Rodrigues,187.61,5
PATRIOTA,2022,2,2022-02,568,204566,Marreca Filho,53207.96,1
PATRIOTA,2022,2,2022-02,226,204518,Dr. Frederico,29447.02,2
PATRIOTA,2022,2,2022-02,699,204446,Professor Joziel,21923.76,3
PATRIOTA,2022,2,2022-02,314,204494,Fred Costa,19362.91,4
PATRIOTA,2022,2,2022-02,22,204413,Alcides Rodrigues,18958.92,5
PATRIOTA,2022,3,2022-03,568,204566,Marreca Filho,58170.10,1
PATRIOTA,2022,3,2022-03,699,204446,Professor Joziel,50234.47,2
PATRIOTA,2022,3,2022-03,226,204518,Dr. Frederico,48246.56,3
PATRIOTA,2022,3,2022-03,314,204494,Fred Costa,42179.57,4
PATRIOTA,2022,3,2022-03,22,204413,Alcides Rodrigues,41061.54,5
PATRIOTA,2022,4,2022-04,314,204494,Fred Costa,70575.27,1
PATRIOTA,2022,4,2022-04,699,204446,Professor Joziel,54766.68,2
PATRIOTA,2022,4,2022-04,568,204566,Marreca Filho,52064.63,3
PATRIOTA,2022,4,2022-04,22,204413,Alcides Rodrigues,43723.20,4
PATRIOTA,2022,4,2022-04,226,204518,Dr. Frederico,40356.88,5
PATRIOTA,2022,5,2022-05,22,204413,Alcides Rodrigues,49089.69,1
PATRIOTA,2022,5,2022-05,699,204446,Professor Joziel,48138.01,2
PATRIOTA,2022,5,2022-05,568,204566,Marreca Filho,47064.70,3
PATRIOTA,2022,5,2022-05,314,204494,Fred Costa,44072.48,4
PATRIOTA,2022,5,2022-05,226,204518,Dr. Frederico,41404.62,5
PATRIOTA,2022,6,2022-06,22,204413,Alcides Rodrigues,48045.79,1
PATRIOTA,2022,6,2022-06,568,204566,Marreca Filho,44649.24,2
PATRIOTA,2022,6,2022-06,226,204518,Dr. Frederico,43825.54,3
PATRIOTA,2022,6,2022-06,699,204446,Professor Joziel,36853.00,4
PATRIOTA,2022,6,2022-06,314,204494,Fred Costa,32451.03,5
PATRIOTA,2022,7,2022-07,22,204413,Alcides Rodrigues,40368.99,1
PATRIOTA,2022,7,2022-07,568,204566,Marreca Filho,34487.67,2
PATRIOTA,2022,7,2022-07,226,204518,Dr. Frederico,29731.64,3
PATRIOTA,2022,7,2022-07,699,204446,Professor Joziel,25438.85,4
PATRIOTA,2022,7,2022-07,314,204494,Fred Costa,25273.52,5
PATRIOTA,2022,8,2022-08,22,204413,Alcides Rodrigues,43197.27,1
PATRIOTA,2022,8,2022-08,699,204446,Professor Joziel,32402.01,2
PATRIOTA,2022,8,2022-08,568,204566,Marreca Filho,31850.10,3
PATRIOTA,2022,8,2022-08,226,204518,Dr. Frederico,29005.94,4
PATRIOTA,2022,8,2022-08,314,204494,Fred Costa,27732.41,5
PATRIOTA,2022,9,2022-09,568,204566,Marreca Filho,27847.65,1
PATRIOTA,2022,9,2022-09,22,204413,Alcides Rodrigues,24944.92,2
PATRIOTA,2022,9,2022-09,699,204446,Professor Joziel,21379.29,3
PATRIOTA,2022,9,2022-09,314,204494,Fred Costa,19243.83,4
PATRIOTA,2022,9,2022-09,226,204518,Dr. Frederico,11785.70,5
PATRIOTA,2022,10,2022-10,568,204566,Marreca Filho,49971.85,1
PATRIOTA,2022,10,2022-10,699,204446,Professor Joziel,42491.05,2
PATRIOTA,2022,10,2022-10,314,204494,Fred Costa,35393.56,3
PATRIOTA,2022,10,2022-10,226,204518,Dr. Frederico,32317.46,4
PATRIOTA,2022,10,2022-10,22,204413,Alcides Rodrigues,12853.01,5
PATRIOTA,2022,11,2022-11,568,204566,Marreca Filho,67647.46,1
PATRIOTA,2022,11,2022-11,22,204413,Alcides Rodrigues,63349.02,2
PATRIOTA,2022,11,2022-11,226,204518,Dr. Frederico,41307.36,3
PATRIOTA,2022,11,2022-11,699,204446,Professor Joziel,38855.16,4
PATRIOTA,2022,11,2022-11,314,204494,Fred Costa,35623.89,5
PATRIOTA,2022,12,2022-12,699,204446,Professor Joziel,48407.85,1
PATRIOTA,2022,12,2022-12,22,204413,Alcides Rodrigues,47041.79,2
PATRIOTA,2022,12,2022-12,568,204566,Marreca Filho,42201.45,3
PATRIOTA,2022,12,2022-12,226,204518,Dr. Frederico,39899.76,4
PATRIOTA,2022,12,2022-12,314,204494,Fred Costa,27132.38,5
PATRIOTA,2023,1,2023-01,314,204494,Fred Costa,61535.45,1
PATRIOTA,2023,1,2023-01,699,204446,Professor Joziel,37152.12,2
PATRIOTA,2023,1,2023-01,22,204413,Alcides Rodrigues,31900.00,3
PATRIOTA,2023,1,2023-01,226,204518,Dr. Frederico,25629.57,4
PATRIOTA,2023,1,2023-01,568,204566,Marreca Filho,25487.68,5
PATRIOTA,2023,2,2023-02,568,204566,Marreca Filho,20415.29,1
PATRIOTA,2023,2,2023-02,226,204518,Dr. Frederico,4317.17,2
PATRIOTA,2023,2,2023-02,314,204494,Fred Costa,934.53,3
PATRIOTA,2023,2,2023-02,699,204446,Professor Joziel,-109.56,4
PCDOB,,,,602,81055,Márcio Jerry,14769.23,1
PCDOB,,,,724,73801,Renildo Calheiros,12957.88,2
PCDOB,,,,36,74057,Alice Portugal,9428.38,3
PCDOB,,,,170,74060,Daniel Almeida,6832.04,4
PCDOB,,,,164,220555,Daiana Santos,5157.39,5
PCDOB,,,,401,74848,Jandira Feghali,3848.41,6
PCDOB,,,,632,178987,Orlando Silva,2715.16,7
PCDOB,,,,338,204394,Gervásio Maia,41.35,8
PCDOB,,,,688,73943,Perpétua Almeida,40.64,9
PCDOB,,,,704,160641,Professora Marcivania,26.37,10
PCDOB,2021,12,2021-12,170,74060,Daniel Almeida,8163.80,1
PCDOB,2022,1,2022-01,36,74057,Alice Portugal,58991.13,1
PCDOB,2022,1,2022-01,704,160641,Professora Marcivania,53901.74,2
PCDOB,2022,1,2022-01,170,74060,Daniel Almeida,52293.32,3
PCDOB,2022,1,2022-01,632,178987,Orlando Silva,33958.65,4
PCDOB,2022,1,2022-01,688,73943,Perpétua Almeida,26613.13,5
PCDOB,2022,1,2022-01,724,73801,Renildo Calheiros,18870.87,6
PCDOB,2022,1,2022-01,401,74848,Jandira Feghali,9456.25,7
PCDOB,2022,2,2022-02,632,178987,Orlando Silva,50110.19,1
PCDOB,2022,2,2022-02,401,74848,Jandira Feghali,41662.95,2
PCDOB,2022,2,2022-02,704,160641,Professora Marcivania,39917.28,3
PCDOB,2022,2,2022-02,688,73943,Perpétua Almeida,39276.88,4
PCDOB,2022,2,2022-02,724,73801,Renildo Calheiros,34488.27,5
PCDOB,2022,2,2022-02,170,74060,Daniel Almeida,31685.03,6
PCDOB,2022,2,2022-02,36,74057,Alice Portugal,25969.50,7
PCDOB,2022,3,2022-03,688,73943,Perpétua Almeida,61833.80,1
PCDOB,2022,3,2022-03,36,74057,Alice Portugal,51015.89,2
PCDOB,2022,3,2022-03,632,178987,Orlando Silva,47998.99,3
PCDOB,2022,3,2022-03,170,74060,Daniel Almeida,44713.06,4
PCDOB,2022,3,2022-03,724,73801,Renildo Calheiros,41692.17,5
PCDOB,2022,3,2022-03,401,74848,Jandira Feghali,41015.39,6
PCDOB,2022,3,2022-03,704,160641,Professora Marcivania,27978.18,7
PCDOB,2022,4,2022-04,688,73943,Perpétua Almeida,63366.33,1
PCDOB,2022,4,2022-04,704,160641,Professora Marcivania,49559.86,2
PCDOB,2022,4,2022-04,170,74060,Daniel Almeida,47407.80,3
PCDOB,2022,4,2022-04,36,74057,Alice Portugal,40747.70,4
PCDOB,2022,4,2022-04,401,74848,Jandira Feghali,35868.13,5
PCDOB,2022,4,2022-04,724,73801,Renildo Calheiros,33644.52,6
PCDOB,2022,4,2022-04,632,178987,Orlando Silva,33250.58,7
PCDOB,2022,4,2022-04,602,81055,Márcio Jerry,17846.35,8
PCDOB,2022,5,2022-05,688,73943,Perpétua Almeida,71339.28,1
PCDOB,2022,5,2022-05,602,81055,Márcio Jerry,51140.01,2
PCDOB,2022,5,2022-05,170,74060,Daniel Almeida,50418.24,3
PCDOB,2022,5,2022-05,704,160641,Professora Marcivania,49732.20,4
PCDOB,2022,5,2022-05,36,74057,Alice Portugal,45783.18,5
PCDOB,2022,5,2022-05,401,74848,Jandira Feghali,39597.72,6
PCDOB,2022,5,2022-05,724,73801,Renildo Calheiros,36137.73,7
PCDOB,2022,5,2022-05,632,178987,Orlando Silva,33929.35,8
PCDOB,2022,6,2022-06,724,73801,Renildo Calheiros,48525.61,1
PCDOB,2022,6,2022-06,401,74848,Jandira Feghali,40155.06,2
PCDOB,2022,6,2022-06,704,160641,Professora Marcivania,39386.97,3
PCDOB,2022,6,2022-06,632,178987,Orlando Silva,37861.65,4
PCDOB,2022,6,2022-06,688,73943,Perpétua Almeida,35622.42,5
PCDOB,2022,6,2022-06,36,74057,Alice Portugal,33923.02,6
PCDOB,2022,6,2022-06,602,81055,Márcio Jerry,31924.61,7
PCDOB,2022,6,2022-06,170,74060,Daniel Almeida,29161.58,8
PCDOB,2022,7,2022-07,688,73943,Perpétua Almeida,44458.74,1
PCDOB,2022,7,2022-07,401,74848,Jandira Feghali,41103.63,2
PCDOB,2022,7,2022-07,724,73801,Renildo Calheiros,40842.69,3
PCDOB,2022,7,2022-07,602,81055,Márcio Jerry,34587.23,4
PCDOB,2022,7,2022-07,632,178987,Orlando Silva,32981.65,5
PCDOB,2022,7,2022-07,704,160641,Professora Marcivania,31840.12,6
PCDOB,2022,7,2022-07,36,74057,Alice Portugal,30573.18,7
PCDOB,2022,7,2022-07,170,74060,Daniel Almeida,24589.24,8
PCDOB,2022,8,2022-08,632,178987,Orlando Silva,37895.98,1
PCDOB,2022,8,2022-08,36,74057,Alice Portugal,35420.39,2
PCDOB,2022,8,2022-08,602,81055,Márcio Jerry,29209.05,3
PCDOB,2022,8,2022-08,724,73801,Renildo Calheiros,27468.85,4
PCDOB,2022,8,2022-08,688,73943,Perpétua Almeida,25166.94,5
PCDOB,2022,8,2022-08,401,74848,Jandira Feghali,18951.22,6
PCDOB,2022,8,2022-08,704,160641,Professora Marcivania,18153.82,7
PCDOB,2022,8,2022-08,170,74060,Daniel Almeida,11848.06,8
PCDOB,2022,9,2022-09,36,74057,Alice Portugal,34978.58,1
PCDOB,2022,9,2022-09,170,74060,Daniel Almeida,23732.51,2
PCDOB,2022,9,2022-09,401,74848,Jandira Feghali,23154.72,3
PCDOB,2022,9,2022-09,724,73801,Renildo Calheiros,20138.59,4
PCDOB,2022,9,2022-09,632,178987,Orlando Silva,19724.93,5
PCDOB,2022,9,2022-09,602,81055,Márcio Jerry,18960.93,6
PCDOB,2022,9,2022-09,688,73943,Perpétua Almeida,14971.33,7
PCDOB,2022,9,2022-09,704,160641,Professora Marcivania,9903.07,8
PCDOB,2022,10,2022-10,704,160641,Professora Marcivania,56113.91,1
PCDOB,2022,10,2022-10,170,74060,Daniel Almeida,51924.45,2
PCDOB,2022,10,2022-10,36,74057,Alice Portugal,49799.47,3
PCDOB,2022,10,2022-10,688,73943,Perpétua Almeida,37054.51,4
PCDOB,2022,10,2022-10,632,178987,Orlando Silva,24823.15,5
PCDOB,2022,10,2022-10,401,74848,Jandira Feghali,24018.18,6
PCDOB,2022,10,2022-10,724,73801,Renildo Calheiros,20609.45,7
PCDOB,2022,10,2022-10,602,81055,Márcio Jerry,16757.45,8
PCDOB,2022,11,2022-11,170,74060,Daniel Almeida,52044.69,1
PCDOB,2022,11,2022-11,602,81055,Márcio Jerry,43216.91,2
PCDOB,2022,11,2022-11,632,178987,Orlando Silva,42074.98,3
PCDOB,2022,11,2022-11,688,73943,Perpétua Almeida,41206.56,4
PCDOB,2022,11,2022-11,704,160641,Professora Marcivania,37899.20,5
PCDOB,2022,11,2022-11,724,73801,Renildo Calheiros,36622.97,6
PCDOB,2022,11,2022-11,401,74848,Jandira Feghali,35021.45,7
PCDOB,2022,11,2022-11,36,74057,Alice Portugal,20704.14,8
PCDOB,2022,12,2022-12,704,160641,Professora Marcivania,106048.45,1
PCDOB,2022,12,2022-12,602,81055,Márcio Jerry,89634.73,2
PCDOB,2022,12,2022-12,632,178987,Orlando Silva,63146.86,3
PCDOB,2022,12,2022-12,688,73943,Perpétua Almeida,59417.10,4
PCDOB,2022,12,2022-12,170,74060,Daniel Almeida,50253.98,5
PCDOB,2022,12,2022-12,36,74057,Alice Portugal,38763.71,6
PCDOB,2022,12,2022-12,724,73801,Renildo Calheiros,37176.04,7
PCDOB,2022,12,2022-12,401,74848,Jandira Feghali,36394.85,8
PCDOB,2023,1,2023-01,602,81055,Márcio Jerry,58484.03,1
PCDOB,2023,1,2023-01,36,74057,Alice Portugal,57719.35,2
PCDOB,2023,1,2023-01,704,160641,Professora Marcivania,42060.86,3
PCDOB,2023,1,2023-01,170,74060,Daniel Almeida,35469.87,4
PCDOB,2023,1,2023-01,401,74848,Jandira Feghali,30642.16,5
PCDOB,2023,1,2023-01,688,73943,Perpétua Almeida,30610.48,6
PCDOB,2023,1,2023-01,724,73801,Renildo Calheiros,30163.47,7
PCDOB,2023,1,2023-01,600,221183,Márcio Dória,29915.34,8
PCDOB,2023,1,2023-01,632,178987,Orlando Silva,29106.42,9
PCDOB,2023,2,2023-02,170,74060,Daniel Almeida,51452.70,1
PCDOB,2023,2,2023-02,602,81055,Márcio Jerry,35560.69,2
PCDOB,2023,2,2023-02,632,178987,Orlando Silva,34442.95,3
PCDOB,2023,2,2023-02,401,74848,Jandira Feghali,29900.12,4
PCDOB,2023,2,2023-02,724,73801,Renildo Calheiros,28285.00,5
PCDOB,2023,2,2023-02,36,74057,Alice Portugal,26386.71,6
PCDOB,2023,2,2023-02,688,73943,Perpétua Almeida,15450.00,7
PCDOB,2023,2,2023-02,164,220555,Daiana Santos,14289.46,8
PCDOB,2023,2,2023-02,338,204394,Gervásio Maia,13940.28,9
PCDOB,2023,2,2023-02,704,160641,Professora Marcivania,117.90,10
PCDOB,2023,3,2023-03,36,74057,Alice Portugal,56632.37,1
PCDOB,2023,3,2023-03,602,81055,Márcio Jerry,56295.75,2
PCDOB,2023,3,2023-03,170,74060,Daniel Almeida,53568.71,3
PCDOB,2023,3,2023-03,632,178987,Orlando Silva,41861.62,4
PCDOB,2023,3,2023-03,724,73801,Renildo Calheiros,39683.21,5
PCDOB,2023,3,2023-03,401,74848,Jandira Feghali,35490.25,6
PCDOB,2023,3,2023-03,338,204394,Gervásio Maia,33816.05,7
PCDOB,2023,3,2023-03,164,220555,Daiana Santos,25573.92,8
PCDOB,2023,4,2023-04,170,74060,Daniel Almeida,48882.31,1
PCDOB,2023,4,2023-04,36,74057,Alice Portugal,46799.59,2
PCDOB,2023,4,2023-04,602,81055,Márcio Jerry,41855.53,3
PCDOB,2023,4,2023-04,401,74848,Jandira Feghali,40417.05,4
PCDOB,2023,4,2023-04,338,204394,Gervásio Maia,34521.82,5
PCDOB,2023,4,2023-04,164,220555,Daiana Santos,32342.75,6
PCDOB,2023,4,2023-04,724,73801,Renildo Calheiros,23554.16,7
PCDOB,2023,4,2023-04,632,178987,Orlando Silva,7527.59,8
PCDOB,2023,5,2023-05,170,74060,Daniel Almeida,60506.08,1
PCDOB,2023,5,2023-05,602,81055,Márcio Jerry,54764.67,2
PCDOB,2023,5,2023-05,36,74057,Alice Portugal,50180.29,3
PCDOB,2023,5,2023-05,632,178987,Orlando Silva,48381.93,4
PCDOB,2023,5,2023-05,338,204394,Gervásio Maia,41548.92,5
PCDOB,2023,5,2023-05,164,220555,Daiana Santos,40871.38,6
PCDOB,2023,5,2023-05,724,73801,Renildo Calheiros,38350.59,7
PCDOB,2023,5,2023-05,401,74848,Jandira Feghali,32585.32,8
PCDOB,2023,6,2023-06,164,220555,Daiana Santos,60168.51,1
PCDOB,2023,6,2023-06,338,204394,Gervásio Maia,54952.44,2
PCDOB,2023,6,2023-06,632,178987,Orlando Silva,47566.77,3
PCDOB,2023,6,2023-06,602,81055,Márcio Jerry,47239.34,4
PCDOB,2023,6,2023-06,36,74057,Alice Portugal,46101.39,5
PCDOB,2023,6,2023-06,401,74848,Jandira Feghali,31876.27,6
PCDOB,2023,6,2023-06,170,74060,Daniel Almeida,26504.21,7
PCDOB,2023,6,2023-06,724,73801,Renildo Calheiros,23931.23,8
PCDOB,2023,6,2023-06,688,73943,Perpétua Almeida,-129.75,9
PCDOB,2023,7,2023-07,170,74060,Daniel Almeida,68204.77,1
PCDOB,2023,7,2023-07,164,220555,Daiana Santos,57994.68,2
PCDOB,2023,7,2023-07,401,74848,Jandira Feghali,47453.60,3
PCDOB,2023,7,2023-07,724,73801,Renildo Calheiros,40414.72,4
PCDOB,2023,7,2023-07,36,74057,Alice Portugal,39920.92,5
PCDOB,2023,7,2023-07,632,178987,Orlando Silva,38340.88,6
PCDOB,2023,7,2023-07,338,204394,Gervásio Maia,35369.11,7
PCDOB,2023,7,2023-07,602,81055,Márcio Jerry,35139.09,8
PCDOB,2023,8,2023-08,164,220555,Daiana Santos,62201.88,1
PCDOB,2023,8,2023-08,36,74057,Alice Portugal,58223.90,2
PCDOB,2023,8,2023-08,602,81055,Márcio Jerry,42279.86,3
PCDOB,2023,8,2023-08,401,74848,Jandira Feghali,33402.76,4
PCDOB,2023,8,2023-08,338,204394,Gervásio Maia,32514.84,5
PCDOB,2023,8,2023-08,724,73801,Renildo Calheiros,30486.53,6
PCDOB,2023,8,2023-08,170,74060,Daniel Almeida,21268.57,7
PCDOB,2023,8,2023-08,632,178987,Orlando Silva,18436.43,8
PCDOB,2023,9,2023-09,632,178987,Orlando Silva,72596.40,1
PCDOB,2023,9,2023-09,170,74060,Daniel Almeida,63394.05,2
PCDOB,2023,9,2023-09,338,204394,Gervásio Maia,54146.09,3
PCDOB,2023,9,2023-09,724,73801,Renildo Calheiros,51087.96,4
PCDOB,2023,9,2023-09,36,74057,Alice Portugal,46215.79,5
PCDOB,2023,9,2023-09,602,81055,Márcio Jerry,39225.89,6
PCDOB,2023,9,2023-09,164,220555,Daiana Santos,37964.70,7
PCDOB,2023,9,2023-09,401,74848,Jandira Feghali,24939.89,8
PCDOB,2023,10,2023-10,401,74848,Jandira Feghali,53004.60,1
PCDOB,2023,10,2023-10,164,220555,Daiana Santos,51733.73,2
PCDOB,2023,10,2023-10,170,74060,Daniel Almeida,49437.45,3
PCDOB,2023,10,2023-10,724,73801,Renildo Calheiros,44011.24,4
PCDOB,2023,10,2023-10,36,74057,Alice Portugal,43324.56,5
PCDOB,2023,10,2023-10,632,178987,Orlando Silva,41436.82,6
PCDOB,2023,10,2023-10,602,81055,Márcio Jerry,37883.79,7
PCDOB,2023,10,2023-10,338,204394,Gervásio Maia,24790.80,8
PCDOB,2023,11,2023-11,164,220555,Daiana Santos,62121.70,1
PCDOB,2023,11,2023-11,170,74060,Daniel Almeida,54147.67,2
PCDOB,2023,11,2023-11,602,81055,Márcio Jerry,54112.75,3
PCDOB,2023,11,2023-11,724,73801,Renildo Calheiros,42455.81,4
PCDOB,2023,11,2023-11,632,178987,Orlando Silva,40045.85,5
PCDOB,2023,11,2023-11,36,74057,Alice Portugal,29662.75,6
PCDOB,2023,11,2023-11,401,74848,Jandira Feghali,27866.19,7
PCDOB,2023,11,2023-11,338,204394,Gervásio Maia,25507.07,8
PCDOB,2023,12,2023-12,632,178987,Orlando Silva,101361.29,1
PCDOB,2023,12,2023-12,164,220555,Daiana Santos,78959.98,2
PCDOB,2023,12,2023-12,338,204394,Gervásio Maia,61920.53,3
PCDOB,2023,12,2023-12,36,74057,Alice Portugal,52133.26,4
PCDOB,2023,12,2023-12,602,81055,Márcio Jerry,51047.26,5
PCDOB,2023,12,2023-12,170,74060,Daniel Almeida,46809.63,6
PCDOB,2023,12,2023-12,401,74848,Jandira Feghali,36641.72,7
PCDOB,2023,12,2023-12,724,73801,Renildo Calheiros,31174.06,8
PCDOB,2024,1,2024-01,170,74060,Daniel Almeida,46262.77,1
PCDOB,2024,1,2024-01,602,81055,Márcio Jerry,37804.22,2
PCDOB,2024,1,2024-01,724,73801,Renildo Calheiros,37166.99,3
PCDOB,2024,1,2024-01,164,220555,Daiana Santos,33283.50,4
PCDOB,2024,1,2024-01,338,204394,Gervásio Maia,30427.02,5
PCDOB,2024,1,2024-01,401,74848,Jandira Feghali,21837.28,6
PCDOB,2024,1,2024-01,36,74057,Alice Portugal,19110.49,7
PCDOB,2024,1,2024-01,632,178987,Orlando Silva,10506.91,8
PCDOB,2024,2,2024-02,36,74057,Alice Portugal,59615.27,1
PCDOB,2024,2,2024-02,170,74060,Daniel Almeida,51109.05,2
PCDOB,2024,2,2024-02,164,220555,Daiana Santos,49510.47,3
PCDOB,2024,2,2024-02,632,178987,Orlando Silva,45274.57,4
PCDOB,2024,2,2024-02,602,81055,Márcio Jerry,42157.65,5
PCDOB,2024,2,2024-02,724,73801,Renildo Calheiros,38583.67,6
PCDOB,2024,2,2024-02,338,204394,Gervásio Maia,31061.07,7
PCDOB,2024,2,2024-02,401,74848,Jandira Feghali,30652.14,8
PCDOB,2024,3,2024-03,170,74060,Daniel Almeida,61852.54,1
PCDOB,2024,3,2024-03,164,220555,Daiana Santos,49228.94,2
PCDOB,2024,3,2024-03,602,81055,Márcio Jerry,42445.25,3
PCDOB,2024,3,2024-03,724,73801,Renildo Calheiros,36049.69,4
PCDOB,2024,3,2024-03,401,74848,Jandira Feghali,28154.89,5
PCDOB,2024,3,2024-03,36,74057,Alice Portugal,25478.51,6
PCDOB,2024,3,2024-03,338,204394,Gervásio Maia,23417.36,7
PCDOB,2024,3,2024-03,632,178987,Orlando Silva,19377.80,8
PCDOB,2024,4,2024-04,632,178987,Orlando Silva,51039.69,1
PCDOB,2024,4,2024-04,164,220555,Daiana Santos,49018.60,2
PCDOB,2024,4,2024-04,338,204394,Gervásio Maia,48536.47,3
PCDOB,2024,4,2024-04,36,74057,Alice Portugal,45677.90,4
PCDOB,2024,4,2024-04,170,74060,Daniel Almeida,40136.38,5
PCDOB,2024,4,2024-04,602,81055,Márcio Jerry,33664.24,6
PCDOB,2024,4,2024-04,401,74848,Jandira Feghali,27449.89,7
PCDOB,2024,4,2024-04,724,73801,Renildo Calheiros,22486.81,8
PCDOB,2024,5,2024-05,170,74060,Daniel Almeida,56429.50,1
PCDOB,2024,5,2024-05,36,74057,Alice Portugal,49842.13,2
PCDOB,2024,5,2024-05,632,178987,Orlando Silva,47805.26,3
PCDOB,2024,5,2024-05,164,220555,Daiana Santos,41134.81,4
PCDOB,2024,5,2024-05,401,74848,Jandira Feghali,41037.64,5
PCDOB,2024,5,2024-05,724,73801,Renildo Calheiros,38004.76,6
PCDOB,2024,5,2024-05,602,81055,Márcio Jerry,37951.95,7
PCDOB,2024,5,2024-05,338,204394,Gervásio Maia,21165.35,8
PCDOB,2024,6,2024-06,36,74057,Alice Portugal,60068.40,1
PCDOB,2024,6,2024-06,170,74060,Daniel Almeida,57831.27,2
PCDOB,2024,6,2024-06,632,178987,Orlando Silva,48239.37,3
PCDOB,2024,6,2024-06,164,220555,Daiana Santos,43731.71,4
PCDOB,2024,6,2024-06,338,204394,Gervásio Maia,42898.83,5
PCDOB,2024,6,2024-06,401,74848,Jandira Feghali,35786.79,6
PCDOB,2024,6,2024-06,602,81055,Márcio Jerry,35771.68,7
PCDOB,2024,6,2024-06,724,73801,Renildo Calheiros,27160.79,8
PCDOB,2024,7,2024-07,632,178987,Orlando Silva,75184.83,1
PCDOB,2024,7,2024-07,36,74057,Alice Portugal,66875.20,2
PCDOB,2024,7,2024-07,602,81055,Márcio Jerry,55972.80,3
PCDOB,2024,7,2024-07,164,220555,Daiana Santos,55651.68,4
PCDOB,2024,7,2024-07,724,73801,Renildo Calheiros,36526.14,5
PCDOB,2024,7,2024-07,401,74848,Jandira Feghali,27170.96,6
PCDOB,2024,7,2024-07,170,74060,Daniel Almeida,25162.39,7
PCDOB,2024,7,2024-07,338,204394,Gervásio Maia,16928.36,8
PCDOB,2024,8,2024-08,170,74060,Daniel Almeida,79590.58,1
PCDOB,2024,8,2024-08,164,220555,Daiana Santos,58579.72,2
PCDOB,2024,8,2024-08,632,178987,Orlando Silva,47508.34,3
PCDOB,2024,8,2024-08,724,73801,Renildo Calheiros,46559.19,4
PCDOB,2024,8,2024-08,602,81055,Márcio Jerry,40792.83,5
PCDOB,2024,8,2024-08,338,204394,Gervásio Maia,28424.68,6
PCDOB,2024,8,2024-08,36,74057,Alice Portugal,27301.44,7
PCDOB,2024,8,2024-08,401,74848,Jandira Feghali,19429.38,8
PCDOB,2024,9,2024-09,164,220555,Daiana Santos,54124.55,1
PCDOB,2024,9,2024-09,170,74060,Daniel Almeida,42811.52,2
PCDOB,2024,9,2024-09,632,178987,Orlando Silva,39783.63,3
PCDOB,2024,9,2024-09,338,204394,Gervásio Maia,36784.09,4
PCDOB,2024,9,2024-09,401,74848,Jandira Feghali,35174.80,5
PCDOB,2024,9,2024-09,602,81055,Márcio Jerry,33885.69,6
PCDOB,2024,9,2024-09,724,73801,Renildo Calheiros,30467.87,7
PCDOB,2024,9,2024-09,36,74057,Alice Portugal,27839.81,8
PCDOB,2024,10,2024-10,170,74060,Daniel Almeida,54533.73,1
PCDOB,2024,10,2024-10,36,74057,Alice Portugal,45030.74,2
PCDOB,2024,10,2024-10,164,220555,Daiana Santos,44967.20,3
PCDOB,2024,10,2024-10,632,178987,Orlando Silva,42716.31,4
PCDOB,2024,10,2024-10,602,81055,Márcio Jerry,40298.93,5
PCDOB,2024,10,2024-10,401,74848,Jandira Feghali,39103.21,6
PCDOB,2024,10,2024-10,724,73801,Renildo Calheiros,33951.95,7
PCDOB,2024,10,2024-10,338,204394,Gervásio Maia,33829.30,8
PCDOB,2024,11,2024-11,602,81055,Márcio Jerry,68421.97,1
PCDOB,2024,11,2024-11,164,220555,Daiana Santos,60128.05,2
PCDOB,2024,11,2024-11,632,178987,Orlando Silva,53181.60,3
PCDOB,2024,11,2024-11,36,74057,Alice Portugal,48775.93,4
PCDOB,2024,11,2024-11,170,74060,Daniel Almeida,38920.49,5
PCDOB,2024,11,2024-11,338,204394,Gervásio Maia,37733.86,6
PCDOB,2024,11,2024-11,401,74848,Jandira Feghali,37306.41,7
PCDOB,2024,11,2024-11,724,73801,Renildo Calheiros,34930.13,8
PCDOB,2024,12,2024-12,602,81055,Márcio Jerry,93576.38,1
PCDOB,2024,12,2024-12,36,74057,Alice Portugal,65865.63,2
PCDOB,2024,12,2024-12,401,74848,Jandira Feghali,32160.30,3
PCDOB,2024,12,2024-12,164,220555,Daiana Santos,29855.23,4
PCDOB,2024,12,2024-12,338,204394,Gervásio Maia,27771.59,5
PCDOB,2024,12,2024-12,724,73801,Renildo Calheiros,25226.97,6
PCDOB,2024,12,2024-12,632,178987,Orlando Silva,18897.44,7
PCDOB,2024,12,2024-12,170,74060,Daniel Almeida,17262.05,8
PCDOB,2025,1,2025-01,164,220555,Daiana Santos,65018.44,1
PCDOB,2025,1,2025-01,724,73801,Renildo Calheiros,56423.27,2
PCDOB,2025,1,2025-01,602,81055,Márcio Jerry,43857.40,3
PCDOB,2025,1,2025-01,36,74057,Alice Portugal,38232.09,4
PCDOB,2025,1,2025-01,170,74060,Daniel Almeida,31297.51,5
PCDOB,2025,1,2025-01,338,204394,Gervásio Maia,30601.96,6
PCDOB,2025,1,2025-01,401,74848,Jandira Feghali,25913.34,7
PCDOB,2025,1,2025-01,272,230765,Enfermeira Rejane,17524.81,8
PCDOB,2025,1,2025-01,632,178987,Orlando Silva,5342.18,9
PCDOB,2025,2,2025-02,602,81055,Márcio Jerry,58914.47,1
PCDOB,2025,2,2025-02,164,220555,Daiana Santos,52426.62,2
PCDOB,2025,2,2025-02,36,74057,Alice Portugal,47309.22,3
PCDOB,2025,2,2025-02,632,178987,Orlando Silva,47088.83,4
PCDOB,2025,2,2025-02,724,73801,Renildo Calheiros,43173.08,5
PCDOB,2025,2,2025-02,170,74060,Daniel Almeida,40060.99,6
PCDOB,2025,2,2025-02,338,204394,Gervásio Maia,39223.18,7
PCDOB,2025,2,2025-02,401,74848,Jandira Feghali,32530.27,8
PCDOB,2025,2,2025-02,272,230765,Enfermeira Rejane,15884.20,9
PCDOB,2025,3,2025-03,338,204394,Gervásio Maia,60415.69,1
PCDOB,2025,3,2025-03,170,74060,Daniel Almeida,57975.56,2
PCDOB,2025,3,2025-03,36,74057,Alice Portugal,50496.79,3
PCDOB,2025,3,2025-03,632,178987,Orlando Silva,50101.09,4
PCDOB,2025,3,2025-03,164,220555,Daiana Santos,45840.25,5
PCDOB,2025,3,2025-03,602,81055,Márcio Jerry,42062.03,6
PCDOB,2025,3,2025-03,401,74848,Jandira Feghali,36285.20,7
PCDOB,2025,3,2025-03,724,73801,Renildo Calheiros,31566.08,8
PCDOB,2025,3,2025-03,272,230765,Enfermeira Rejane,14142.92,9
PCDOB,2025,4,2025-04,401,74848,Jandira Feghali,56728.59,1
PCDOB,2025,4,2025-04,170,74060,Daniel Almeida,51302.05,2
PCDOB,2025,4,2025-04,36,74057,Alice Portugal,48649.13,3
PCDOB,2025,4,2025-04,164,220555,Daiana Santos,45736.50,4
PCDOB,2025,4,2025-04,338,204394,Gervásio Maia,45648.08,5
PCDOB,2025,4,2025-04,602,81055,Márcio Jerry,45102.35,6
PCDOB,2025,4,2025-04,724,73801,Renildo Calheiros,41223.00,7
PCDOB,2025,4,2025-04,632,178987,Orlando Silva,38130.75,8
PCDOB,2025,4,2025-04,272,230765,Enfermeira Rejane,17084.56,9
PCDOB,2025,5,2025-05,602,81055,Márcio Jerry,58811.36,1
PCDOB,2025,5,2025-05,632,178987,Orlando Silva,54736.43,2
PCDOB,2025,5,2025-05,170,74060,Daniel Almeida,48958.66,3
PCDOB,2025,5,2025-05,164,220555,Daiana Santos,48208.98,4
PCDOB,2025,5,2025-05,338,204394,Gervásio Maia,45417.09,5
PCDOB,2025,5,2025-05,36,74057,Alice Portugal,37447.58,6
PCDOB,2025,5,2025-05,401,74848,Jandira Feghali,36713.38,7
PCDOB,2025,5,2025-05,272,230765,Enfermeira Rejane,25011.86,8
PCDOB,2025,5,2025-05,724,73801,Renildo Calheiros,20094.44,9
PCDOB,2025,6,2025-06,170,74060,Daniel Almeida,63986.95,1
PCDOB,2025,6,2025-06,338,204394,Gervásio Maia,45917.96,2
PCDOB,2025,6,2025-06,602,81055,Márcio Jerry,45465.36,3
PCDOB,2025,6,2025-06,164,220555,Daiana Santos,44612.95,4
PCDOB,2025,6,2025-06,401,74848,Jandira Feghali,41145.64,5
PCDOB,2025,6,2025-06,724,73801,Renildo Calheiros,38177.05,6
PCDOB,2025,6,2025-06,632,178987,Orlando Silva,36331.09,7
PCDOB,2025,6,2025-06,36,74057,Alice Portugal,31843.50,8
PCDOB,2025,6,2025-06,272,230765,Enfermeira Rejane,17825.27,9
PCDOB,2025,7,2025-07,36,74057,Alice Portugal,63205.39,1
PCDOB,2025,7,2025-07,338,204394,Gervásio Maia,43172.03,2
PCDOB,2025,7,2025-07,632,178987,Orlando Silva,42668.25,3
PCDOB,2025,7,2025-07,724,73801,Renildo Calheiros,41849.45,4
PCDOB,2025,7,2025-07,164,220555,Daiana Santos,40435.16,5
PCDOB,2025,7,2025-07,401,74848,Jandira Feghali,39757.52,6
PCDOB,2025,7,2025-07,602,81055,Márcio Jerry,39231.60,7
PCDOB,2025,7,2025-07,170,74060,Daniel Almeida,29441.75,8
PCDOB,2025,7,2025-07,272,230765,Enfermeira Rejane,18310.57,9
PCDOB,2025,8,2025-08,170,74060,Daniel Almeida,67143.67,1
PCDOB,2025,8,2025-08,401,74848,Jandira Feghali,57354.53,2
PCDOB,2025,8,2025-08,602,81055,Márcio Jerry,39686.17,3
PCDOB,2025,8,2025-08,338,204394,Gervásio Maia,39484.07,4
PCDOB,2025,8,2025-08,724,73801,Renildo Calheiros,32319.79,5
PCDOB,2025,8,2025-08,36,74057,Alice Portugal,31822.78,6
PCDOB,2025,8,2025-08,632,178987,Orlando Silva,27696.94,7
PCDOB,2025,8,2025-08,164,220555,Daiana Santos,23581.12,8
PCDOB,2025,8,2025-08,272,230765,Enfermeira Rejane,9549.33,9
PCDOB,2025,8,2025-08,704,160641,Professora Marcivania,4548.47,10
PCDOB,2025,9,2025-09,36,74057,Alice Portugal,44024.04,1
PCDOB,2025,9,2025-09,338,204394,Gervásio Maia,41659.48,2
PCDOB,2025,9,2025-09,170,74060,Daniel Almeida,41494.34,3
PCDOB,2025,9,2025-09,632,178987,Orlando Silva,36440.78,4
PCDOB,2025,9,2025-09,704,160641,Professora Marcivania,36130.73,5
PCDOB,2025,9,2025-09,401,74848,Jandira Feghali,32882.86,6
PCDOB,2025,9,2025-09,724,73801,Renildo Calheiros,27579.73,7
PCDOB,2025,9,2025-09,602,81055,Márcio Jerry,27152.82,8
PCDOB,2025,9,2025-09,164,220555,Daiana Santos,25758.84,9
PCDOB,2025,9,2025-09,272,230765,Enfermeira Rejane,23203.21,10
PCDOB,2025,10,2025-10,704,160641,Professora Marcivania,47102.92,1
PCDOB,2025,10,2025-10,632,178987,Orlando Silva,45657.76,2
PCDOB,2025,10,2025-10,338,204394,Gervásio Maia,42741.99,3
PCDOB,2025,10,2025-10,602,81055,Márcio Jerry,41596.51,4
PCDOB,2025,10,2025-10,272,230765,Enfermeira Rejane,34945.36,5
PCDOB,2025,10,2025-10,401,74848,Jandira Feghali,33056.94,6
PCDOB,2025,10,2025-10,724,73801,Renildo Calheiros,32551.26,7
PCDOB,2025,10,2025-10,164,220555,Daiana Santos,25255.10,8
PCDOB,2025,10,2025-10,36,74057,Alice Portugal,22424.44,9
PCDOB,2025,10,2025-10,170,74060,Daniel Almeida,22042.49,10
PCDOB,2025,11,2025-11,272,230765,Enfermeira Rejane,97149.12,1
PCDOB,2025,11,2025-11,170,74060,Daniel Almeida,73875.24,2
PCDOB,2025,11,2025-11,632,178987,Orlando Silva,44615.29,3
PCDOB,2025,11,2025-11,704,160641,Professora Marcivania,42540.65,4
PCDOB,2025,11,2025-11,36,74057,Alice Portugal,40429.86,5
PCDOB,2025,11,2025-11,602,81055,Márcio Jerry,34942.34,6
PCDOB,2025,11,2025-11,724,73801,Renildo Calheiros,32145.61,7
PCDOB,2025,11,2025-11,338,204394,Gervásio Maia,30622.32,8
PCDOB,2025,11,2025-11,401,74848,Jandira Feghali,25417.54,9
PCDOB,2025,11,2025-11,164,220555,Daiana Santos,25341.25,10
PCDOB,2025,12,2025-12,164,220555,Daiana Santos,86188.61,1
PCDOB,2025,12,2025-12,704,160641,Professora Marcivania,53601.03,2
PCDOB,2025,12,2025-12,401,74848,Jandira Feghali,45193.25,3
PCDOB,2025,12,2025-12,602,81055,Márcio Jerry,38823.27,4
PCDOB,2025,12,2025-12,338,204394,Gervásio Maia,38802.53,5
PCDOB,2025,12,2025-12,272,230765,Enfermeira Rejane,32644.89,6
PCDOB,2025,12,2025-12,724,73801,Renildo Calheiros,22064.28,7
PCDOB,2025,12,2025-12,170,74060,Daniel Almeida,10805.88,8
PCDOB,2025,12,2025-12,632,178987,Orlando Silva,8045.37,9
PCDOB,2025,12,2025-12,36,74057,Alice Portugal,3665.80,10
PCDOB,2026,1,2026-01,602,81055,Márcio Jerry,55223.97,1
PCDOB,2026,1,2026-01,704,160641,Professora Marcivania,47254.99,2
PCDOB,2026,1,2026-01,272,230765,Enfermeira Rejane,42297.82,3
PCDOB,2026,1,2026-01,170,74060,Daniel Almeida,39905.36,4
PCDOB,2026,1,2026-01,724,73801,Renildo Calheiros,37013.44,5
PCDOB,2026,1,2026-01,164,220555,Daiana Santos,35087.30,6
PCDOB,2026,1,2026-01,36,74057,Alice Portugal,34431.77,7
PCDOB,2026,1,2026-01,338,204394,Gervásio Maia,33150.67,8
PCDOB,2026,1,2026-01,632,178987,Orlando Silva,32383.50,9
PCDOB,2026,1,2026-01,401,74848,Jandira Feghali,21729.83,10
PCDOB,2026,2,2026-02,602,81055,Márcio Jerry,51014.57,1
PCDOB,2026,2,2026-02,704,160641,Professora Marcivania,47250.00,2
PCDOB,2026,2,2026-02,36,74057,Alice Portugal,36593.53,3
PCDOB,2026,2,2026-02,632,178987,Orlando Silva,34513.96,4
PCDOB,2026,2,2026-02,401,74848,Jandira Feghali,29535.34,5
PCDOB,2026,2,2026-02,338,204394,Gervásio Maia,28034.66,6
PCDOB,2026,2,2026-02,272,230765,Enfermeira Rejane,25957.48,7
PCDOB,2026,2,2026-02,724,73801,Renildo Calheiros,25279.07,8
PCDOB,2026,2,2026-02,164,220555,Daiana Santos,22989.63,9
PCDOB,2026,2,2026-02,170,74060,Daniel Almeida,14781.19,10
PCDOB,2026,3,2026-03,632,178987,Orlando Silva,61358.88,1
PCDOB,2026,3,2026-03,170,74060,Daniel Almeida,60427.89,2
PCDOB,2026,3,2026-03,272,230765,Enfermeira Rejane,49992.44,3
PCDOB,2026,3,2026-03,602,81055,Márcio Jerry,48843.50,4
PCDOB,2026,3,2026-03,401,74848,Jandira Feghali,44155.11,5
PCDOB,2026,3,2026-03,704,160641,Professora Marcivania,42015.50,6
PCDOB,2026,3,2026-03,36,74057,Alice Portugal,33808.93,7
PCDOB,2026,3,2026-03,164,220555,Daiana Santos,33038.78,8
PCDOB,2026,3,2026-03,724,73801,Renildo Calheiros,32268.43,9
PCDOB,2026,3,2026-03,338,204394,Gervásio Maia,30096.26,10
PCDOB,2026,4,2026-04,338,204394,Gervásio Maia,37525.15,1
PCDOB,2026,4,2026-04,724,73801,Renildo Calheiros,22508.92,2
PCDOB,2026,4,2026-04,164,220555,Daiana Santos,18471.87,3
PCDOB,2026,4,2026-04,602,81055,Márcio Jerry,12678.69,4
PCDOB,2026,4,2026-04,170,74060,Daniel Almeida,9300.00,5
PCDOB,2026,4,2026-04,632,178987,Orlando Silva,6834.96,6
PCDOB,2026,4,2026-04,401,74848,Jandira Feghali,6649.11,7
PCDOB,2026,4,2026-04,704,160641,Professora Marcivania,5354.26,8
PCDOB,2026,4,2026-04,272,230765,Enfermeira Rejane,5233.01,9
PCDOB,2026,4,2026-04,36,74057,Alice Portugal,2045.22,10
PDT,,,,13,178835,Afonso Motta,12038.93,1
PDT,,,,422,220578,Josenildo,10648.36,2
PDT,,,,702,220580,Professora Goreth,9407.20,3
PDT,,,,479,74299,Leônidas Cristino,5411.95,4
PDT,,,,324,160666,Félix Mendonça Júnior,2766.70,5
PDT,,,,57,133439,André Figueiredo,2732.55,6
PDT,,,,557,220604,Marcos Tavares,2533.49,7
PDT,,,,692,73486,Pompeo De Mattos,1283.55,8
PDT,,,,675,90201,Pedro Augusto Bezerra,263.07,9
PDT,,,,309,160598,Flávia Morais,254.48,10
PDT,2021,12,2021-12,692,73486,Pompeo De Mattos,1547.56,1
PDT,2021,12,2021-12,134,141439,Chico D'angelo,784.21,2
PDT,2022,1,2022-01,363,73460,Gustavo Fruet,49703.72,1
PDT,2022,1,2022-01,250,204541,Eduardo Bismarck,42771.78,2
PDT,2022,1,2022-01,406,204435,Jesus Sérgio,33950.00,3
PDT,2022,1,2022-01,692,73486,Pompeo De Mattos,32683.45,4
PDT,2022,1,2022-01,309,160598,Flávia Morais,31596.46,5
PDT,2022,1,2022-01,606,74158,Mário Heringer,24451.25,6
PDT,2022,1,2022-01,134,141439,Chico D'angelo,24388.31,7
PDT,2022,1,2022-01,324,160666,Félix Mendonça Júnior,24023.29,8
PDT,2022,1,2022-01,13,178835,Afonso Motta,22607.53,9
PDT,2022,1,2022-01,57,133439,André Figueiredo,21482.24,10
PDT,2022,2,2022-02,363,73460,Gustavo Fruet,64090.68,1
PDT,2022,2,2022-02,744,204489,Robério Monteiro,60538.16,2
PDT,2022,2,2022-02,692,73486,Pompeo De Mattos,50941.18,3
PDT,2022,2,2022-02,388,204533,Idilvan Alencar,50531.82,4
PDT,2022,2,2022-02,250,204541,Eduardo Bismarck,48433.07,5
PDT,2022,2,2022-02,183,205548,David Miranda,39375.80,6
PDT,2022,2,2022-02,57,133439,André Figueiredo,39325.57,7
PDT,2022,2,2022-02,13,178835,Afonso Motta,37297.98,8
PDT,2022,2,2022-02,406,204435,Jesus Sérgio,37058.14,9
PDT,2022,2,2022-02,730,215042,Ricardo Da Karol,35046.61,10
PDT,2022,3,2022-03,57,133439,André Figueiredo,86170.31,1
PDT,2022,3,2022-03,363,73460,Gustavo Fruet,62809.27,2
PDT,2022,3,2022-03,13,178835,Afonso Motta,57967.02,3
PDT,2022,3,2022-03,406,204435,Jesus Sérgio,57149.46,4
PDT,2022,3,2022-03,250,204541,Eduardo Bismarck,53046.89,5
PDT,2022,3,2022-03,183,205548,David Miranda,52894.54,6
PDT,2022,3,2022-03,606,74158,Mário Heringer,52241.72,7
PDT,2022,3,2022-03,744,204489,Robério Monteiro,51636.05,8
PDT,2022,3,2022-03,692,73486,Pompeo De Mattos,50951.74,9
PDT,2022,3,2022-03,388,204533,Idilvan Alencar,48392.05,10
PDT,2022,4,2022-04,406,204435,Jesus Sérgio,71733.56,1
PDT,2022,4,2022-04,13,178835,Afonso Motta,70263.24,2
PDT,2022,4,2022-04,675,90201,Pedro Augusto Bezerra,67897.86,3
PDT,2022,4,2022-04,363,73460,Gustavo Fruet,60429.39,4
PDT,2022,4,2022-04,57,133439,André Figueiredo,57817.94,5
PDT,2022,4,2022-04,744,204489,Robério Monteiro,57738.39,6
PDT,2022,4,2022-04,730,215042,Ricardo Da Karol,52034.28,7
PDT,2022,4,2022-04,388,204533,Idilvan Alencar,51280.55,8
PDT,2022,4,2022-04,670,133968,Paulo Ramos,47889.74,9
PDT,2022,4,2022-04,867,74439,Wolney Queiroz,46770.12,10
PDT,2022,5,2022-05,692,73486,Pompeo De Mattos,71242.61,1
PDT,2022,5,2022-05,250,204541,Eduardo Bismarck,65671.00,2
PDT,2022,5,2022-05,183,205548,David Miranda,64945.00,3
PDT,2022,5,2022-05,867,74439,Wolney Queiroz,61367.48,4
PDT,2022,5,2022-05,363,73460,Gustavo Fruet,60772.85,5
PDT,2022,5,2022-05,388,204533,Idilvan Alencar,59711.15,6
PDT,2022,5,2022-05,324,160666,Félix Mendonça Júnior,48359.76,7
PDT,2022,5,2022-05,406,204435,Jesus Sérgio,48254.18,8
PDT,2022,5,2022-05,670,133968,Paulo Ramos,48228.88,9
PDT,2022,5,2022-05,675,90201,Pedro Augusto Bezerra,48164.98,10
PDT,2022,6,2022-06,406,204435,Jesus Sérgio,68404.53,1
PDT,2022,6,2022-06,867,74439,Wolney Queiroz,53800.01,2
PDT,2022,6,2022-06,388,204533,Idilvan Alencar,53103.04,3
PDT,2022,6,2022-06,730,215042,Ricardo Da Karol,47348.58,4
PDT,2022,6,2022-06,576,204486,Mauro Benevides Filho,39658.35,5
PDT,2022,6,2022-06,675,90201,Pedro Augusto Bezerra,38213.22,6
PDT,2022,6,2022-06,692,73486,Pompeo De Mattos,37256.27,7
PDT,2022,6,2022-06,606,74158,Mário Heringer,36378.55,8
PDT,2022,6,2022-06,250,204541,Eduardo Bismarck,35992.28,9
PDT,2022,6,2022-06,309,160598,Flávia Morais,34152.46,10
PDT,2022,7,2022-07,250,204541,Eduardo Bismarck,47920.51,1
PDT,2022,7,2022-07,324,160666,Félix Mendonça Júnior,43359.77,2
PDT,2022,7,2022-07,13,178835,Afonso Motta,37895.91,3
PDT,2022,7,2022-07,479,74299,Leônidas Cristino,36568.53,4
PDT,2022,7,2022-07,134,141439,Chico D'angelo,33635.69,5
PDT,2022,7,2022-07,388,204533,Idilvan Alencar,33501.68,6
PDT,2022,7,2022-07,675,90201,Pedro Augusto Bezerra,30651.92,7
PDT,2022,7,2022-07,692,73486,Pompeo De Mattos,30209.07,8
PDT,2022,7,2022-07,606,74158,Mário Heringer,27895.17,9
PDT,2022,7,2022-07,670,133968,Paulo Ramos,27007.04,10
PDT,2022,8,2022-08,57,133439,André Figueiredo,56828.95,1
PDT,2022,8,2022-08,406,204435,Jesus Sérgio,36369.37,2
PDT,2022,8,2022-08,675,90201,Pedro Augusto Bezerra,28439.34,3
PDT,2022,8,2022-08,250,204541,Eduardo Bismarck,24745.64,4
PDT,2022,8,2022-08,13,178835,Afonso Motta,24315.98,5
PDT,2022,8,2022-08,324,160666,Félix Mendonça Júnior,23672.42,6
PDT,2022,8,2022-08,670,133968,Paulo Ramos,22546.75,7
PDT,2022,8,2022-08,134,141439,Chico D'angelo,21686.27,8
PDT,2022,8,2022-08,388,204533,Idilvan Alencar,20702.22,9
PDT,2022,8,2022-08,867,74439,Wolney Queiroz,18340.01,10
PDT,2022,9,2022-09,867,74439,Wolney Queiroz,28949.87,1
PDT,2022,9,2022-09,309,160598,Flávia Morais,22118.89,2
PDT,2022,9,2022-09,670,133968,Paulo Ramos,19942.16,3
PDT,2022,9,2022-09,134,141439,Chico D'angelo,19113.69,4
PDT,2022,9,2022-09,13,178835,Afonso Motta,18187.66,5
PDT,2022,9,2022-09,57,133439,André Figueiredo,18132.35,6
PDT,2022,9,2022-09,675,90201,Pedro Augusto Bezerra,16748.36,7
PDT,2022,9,2022-09,692,73486,Pompeo De Mattos,15465.37,8
PDT,2022,9,2022-09,324,160666,Félix Mendonça Júnior,14505.65,9
PDT,2022,9,2022-09,576,204486,Mauro Benevides Filho,7760.94,10
PDT,2022,10,2022-10,406,204435,Jesus Sérgio,49871.50,1
PDT,2022,10,2022-10,576,204486,Mauro Benevides Filho,44262.20,2
PDT,2022,10,2022-10,250,204541,Eduardo Bismarck,41016.40,3
PDT,2022,10,2022-10,57,133439,André Figueiredo,39523.25,4
PDT,2022,10,2022-10,309,160598,Flávia Morais,38968.99,5
PDT,2022,10,2022-10,13,178835,Afonso Motta,35590.96,6
PDT,2022,10,2022-10,363,73460,Gustavo Fruet,30367.17,7
PDT,2022,10,2022-10,324,160666,Félix Mendonça Júnior,23340.37,8
PDT,2022,10,2022-10,692,73486,Pompeo De Mattos,21955.98,9
PDT,2022,10,2022-10,744,204489,Robério Monteiro,21772.43,10
PDT,2022,11,2022-11,730,215042,Ricardo Da Karol,129535.41,1
PDT,2022,11,2022-11,388,204533,Idilvan Alencar,71449.14,2
PDT,2022,11,2022-11,744,204489,Robério Monteiro,63885.79,3
PDT,2022,11,2022-11,13,178835,Afonso Motta,62586.85,4
PDT,2022,11,2022-11,57,133439,André Figueiredo,46491.46,5
PDT,2022,11,2022-11,576,204486,Mauro Benevides Filho,45740.77,6
PDT,2022,11,2022-11,309,160598,Flávia Morais,43078.57,7
PDT,2022,11,2022-11,675,90201,Pedro Augusto Bezerra,41000.02,8
PDT,2022,11,2022-11,363,73460,Gustavo Fruet,40221.58,9
PDT,2022,11,2022-11,406,204435,Jesus Sérgio,38701.99,10
PDT,2022,12,2022-12,867,74439,Wolney Queiroz,125168.14,1
PDT,2022,12,2022-12,744,204489,Robério Monteiro,101286.20,2
PDT,2022,12,2022-12,134,141439,Chico D'angelo,92072.88,3
PDT,2022,12,2022-12,406,204435,Jesus Sérgio,87170.12,4
PDT,2022,12,2022-12,670,133968,Paulo Ramos,84859.95,5
PDT,2022,12,2022-12,479,74299,Leônidas Cristino,70753.82,6
PDT,2022,12,2022-12,388,204533,Idilvan Alencar,66368.41,7
PDT,2022,12,2022-12,250,204541,Eduardo Bismarck,58798.83,8
PDT,2022,12,2022-12,13,178835,Afonso Motta,55855.31,9
PDT,2022,12,2022-12,692,73486,Pompeo De Mattos,55834.10,10
PDT,2023,1,2023-01,324,160666,Félix Mendonça Júnior,96690.23,1
PDT,2023,1,2023-01,309,160598,Flávia Morais,72388.38,2
PDT,2023,1,2023-01,576,204486,Mauro Benevides Filho,55826.18,3
PDT,2023,1,2023-01,250,204541,Eduardo Bismarck,51484.59,4
PDT,2023,1,2023-01,744,204489,Robério Monteiro,43828.51,5
PDT,2023,1,2023-01,406,204435,Jesus Sérgio,40548.71,6
PDT,2023,1,2023-01,692,73486,Pompeo De Mattos,39367.37,7
PDT,2023,1,2023-01,134,141439,Chico D'angelo,38099.86,8
PDT,2023,1,2023-01,57,133439,André Figueiredo,34888.97,9
PDT,2023,1,2023-01,730,215042,Ricardo Da Karol,34879.49,10
PDT,2023,2,2023-02,57,133439,André Figueiredo,46028.69,1
PDT,2023,2,2023-02,13,178835,Afonso Motta,38918.41,2
PDT,2023,2,2023-02,557,220604,Marcos Tavares,32060.30,3
PDT,2023,2,2023-02,606,74158,Mário Heringer,27243.32,4
PDT,2023,2,2023-02,692,73486,Pompeo De Mattos,23941.04,5
PDT,2023,2,2023-02,324,160666,Félix Mendonça Júnior,23412.70,6
PDT,2023,2,2023-02,129,204496,Celso Sabino,23202.76,7
PDT,2023,2,2023-02,388,204533,Idilvan Alencar,18849.51,8
PDT,2023,2,2023-02,702,220580,Professora Goreth,18232.06,9
PDT,2023,2,2023-02,216,220573,Dorinaldo Malafaia,14845.82,10
PDT,2023,3,2023-03,702,220580,Professora Goreth,70901.64,1
PDT,2023,3,2023-03,606,74158,Mário Heringer,59625.53,2
PDT,2023,3,2023-03,57,133439,André Figueiredo,58571.12,3
PDT,2023,3,2023-03,422,220578,Josenildo,48349.59,4
PDT,2023,3,2023-03,13,178835,Afonso Motta,47549.24,5
PDT,2023,3,2023-03,479,74299,Leônidas Cristino,34716.82,6
PDT,2023,3,2023-03,129,204496,Celso Sabino,34534.56,7
PDT,2023,3,2023-03,692,73486,Pompeo De Mattos,33727.01,8
PDT,2023,3,2023-03,581,220607,Max Lemos,30169.98,9
PDT,2023,3,2023-03,324,160666,Félix Mendonça Júnior,27785.45,10
PDT,2023,4,2023-04,13,178835,Afonso Motta,59164.19,1
PDT,2023,4,2023-04,422,220578,Josenildo,44824.70,2
PDT,2023,4,2023-04,581,220607,Max Lemos,42678.10,3
PDT,2023,4,2023-04,57,133439,André Figueiredo,38926.34,4
PDT,2023,4,2023-04,479,74299,Leônidas Cristino,30517.38,5
PDT,2023,4,2023-04,606,74158,Mário Heringer,29909.55,6
PDT,2023,4,2023-04,557,220604,Marcos Tavares,27516.21,7
PDT,2023,4,2023-04,324,160666,Félix Mendonça Júnior,25526.01,8
PDT,2023,4,2023-04,129,204496,Celso Sabino,25445.89,9
PDT,2023,4,2023-04,692,73486,Pompeo De Mattos,24237.84,10
PDT,2023,5,2023-05,702,220580,Professora Goreth,70141.84,1
PDT,2023,5,2023-05,581,220607,Max Lemos,61493.31,2
PDT,2023,5,2023-05,129,204496,Celso Sabino,55937.27,3
PDT,2023,5,2023-05,606,74158,Mário Heringer,54572.52,4
PDT,2023,5,2023-05,57,133439,André Figueiredo,53809.74,5
PDT,2023,5,2023-05,13,178835,Afonso Motta,51349.44,6
PDT,2023,5,2023-05,216,220573,Dorinaldo Malafaia,38114.57,7
PDT,2023,5,2023-05,557,220604,Marcos Tavares,35005.67,8
PDT,2023,5,2023-05,479,74299,Leônidas Cristino,29315.55,9
PDT,2023,5,2023-05,692,73486,Pompeo De Mattos,29023.51,10
PDT,2023,6,2023-06,57,133439,André Figueiredo,68039.68,1
PDT,2023,6,2023-06,422,220578,Josenildo,62290.90,2
PDT,2023,6,2023-06,129,204496,Celso Sabino,59580.86,3
PDT,2023,6,2023-06,581,220607,Max Lemos,55253.30,4
PDT,2023,6,2023-06,702,220580,Professora Goreth,53366.48,5
PDT,2023,6,2023-06,692,73486,Pompeo De Mattos,53223.26,6
PDT,2023,6,2023-06,216,220573,Dorinaldo Malafaia,48250.32,7
PDT,2023,6,2023-06,606,74158,Mário Heringer,41109.98,8
PDT,2023,6,2023-06,479,74299,Leônidas Cristino,36803.83,9
PDT,2023,6,2023-06,557,220604,Marcos Tavares,30883.70,10
PDT,2023,7,2023-07,581,220607,Max Lemos,61142.98,1
PDT,2023,7,2023-07,422,220578,Josenildo,47833.67,2
PDT,2023,7,2023-07,13,178835,Afonso Motta,47820.15,3
PDT,2023,7,2023-07,129,204496,Celso Sabino,42122.53,4
PDT,2023,7,2023-07,702,220580,Professora Goreth,38172.02,5
PDT,2023,7,2023-07,606,74158,Mário Heringer,33532.31,6
PDT,2023,7,2023-07,557,220604,Marcos Tavares,31666.83,7
PDT,2023,7,2023-07,479,74299,Leônidas Cristino,31103.83,8
PDT,2023,7,2023-07,692,73486,Pompeo De Mattos,25586.89,9
PDT,2023,7,2023-07,216,220573,Dorinaldo Malafaia,23532.68,10
PDT,2023,8,2023-08,692,73486,Pompeo De Mattos,85008.48,1
PDT,2023,8,2023-08,422,220578,Josenildo,70605.68,2
PDT,2023,8,2023-08,702,220580,Professora Goreth,65872.60,3
PDT,2023,8,2023-08,57,133439,André Figueiredo,59751.25,4
PDT,2023,8,2023-08,606,74158,Mário Heringer,50494.24,5
PDT,2023,8,2023-08,581,220607,Max Lemos,48972.97,6
PDT,2023,8,2023-08,479,74299,Leônidas Cristino,45795.29,7
PDT,2023,8,2023-08,216,220573,Dorinaldo Malafaia,41830.33,8
PDT,2023,8,2023-08,13,178835,Afonso Motta,40480.54,9
PDT,2023,8,2023-08,557,220604,Marcos Tavares,31413.86,10
PDT,2023,9,2023-09,216,220573,Dorinaldo Malafaia,82811.29,1
PDT,2023,9,2023-09,422,220578,Josenildo,62899.36,2
PDT,2023,9,2023-09,557,220604,Marcos Tavares,57501.63,3
PDT,2023,9,2023-09,702,220580,Professora Goreth,55662.54,4
PDT,2023,9,2023-09,581,220607,Max Lemos,54778.47,5
PDT,2023,9,2023-09,57,133439,André Figueiredo,47444.56,6
PDT,2023,9,2023-09,13,178835,Afonso Motta,37149.03,7
PDT,2023,9,2023-09,606,74158,Mário Heringer,35735.51,8
PDT,2023,9,2023-09,692,73486,Pompeo De Mattos,34449.28,9
PDT,2023,9,2023-09,479,74299,Leônidas Cristino,28900.35,10
PDT,2023,10,2023-10,692,73486,Pompeo De Mattos,94578.77,1
PDT,2023,10,2023-10,216,220573,Dorinaldo Malafaia,81851.07,2
PDT,2023,10,2023-10,702,220580,Professora Goreth,58838.99,3
PDT,2023,10,2023-10,422,220578,Josenildo,52760.14,4
PDT,2023,10,2023-10,557,220604,Marcos Tavares,49592.93,5
PDT,2023,10,2023-10,13,178835,Afonso Motta,49295.09,6
PDT,2023,10,2023-10,479,74299,Leônidas Cristino,48298.93,7
PDT,2023,10,2023-10,581,220607,Max Lemos,36859.31,8
PDT,2023,10,2023-10,606,74158,Mário Heringer,31626.88,9
PDT,2023,10,2023-10,57,133439,André Figueiredo,30125.16,10
PDT,2023,11,2023-11,324,160666,Félix Mendonça Júnior,127320.93,1
PDT,2023,11,2023-11,692,73486,Pompeo De Mattos,108563.10,2
PDT,2023,11,2023-11,216,220573,Dorinaldo Malafaia,78892.65,3
PDT,2023,11,2023-11,422,220578,Josenildo,50530.56,4
PDT,2023,11,2023-11,13,178835,Afonso Motta,48104.93,5
PDT,2023,11,2023-11,581,220607,Max Lemos,42151.58,6
PDT,2023,11,2023-11,557,220604,Marcos Tavares,40768.41,7
PDT,2023,11,2023-11,57,133439,André Figueiredo,40021.51,8
PDT,2023,11,2023-11,702,220580,Professora Goreth,34369.22,9
PDT,2023,11,2023-11,606,74158,Mário Heringer,31416.66,10
PDT,2023,12,2023-12,692,73486,Pompeo De Mattos,126093.60,1
PDT,2023,12,2023-12,216,220573,Dorinaldo Malafaia,98738.38,2
PDT,2023,12,2023-12,324,160666,Félix Mendonça Júnior,93393.12,3
PDT,2023,12,2023-12,13,178835,Afonso Motta,86516.94,4
PDT,2023,12,2023-12,557,220604,Marcos Tavares,62907.74,5
PDT,2023,12,2023-12,702,220580,Professora Goreth,55807.98,6
PDT,2023,12,2023-12,422,220578,Josenildo,51326.18,7
PDT,2023,12,2023-12,581,220607,Max Lemos,42925.79,8
PDT,2023,12,2023-12,606,74158,Mário Heringer,31469.80,9
PDT,2023,12,2023-12,57,133439,André Figueiredo,22318.51,10
PDT,2024,1,2024-01,702,220580,Professora Goreth,56090.83,1
PDT,2024,1,2024-01,216,220573,Dorinaldo Malafaia,41240.01,2
PDT,2024,1,2024-01,692,73486,Pompeo De Mattos,40034.10,3
PDT,2024,1,2024-01,57,133439,André Figueiredo,39417.08,4
PDT,2024,1,2024-01,581,220607,Max Lemos,39376.45,5
PDT,2024,1,2024-01,479,74299,Leônidas Cristino,33352.54,6
PDT,2024,1,2024-01,606,74158,Mário Heringer,32303.70,7
PDT,2024,1,2024-01,422,220578,Josenildo,28857.63,8
PDT,2024,1,2024-01,324,160666,Félix Mendonça Júnior,28676.12,9
PDT,2024,1,2024-01,13,178835,Afonso Motta,23859.25,10
PDT,2024,2,2024-02,581,220607,Max Lemos,53351.03,1
PDT,2024,2,2024-02,13,178835,Afonso Motta,49014.76,2
PDT,2024,2,2024-02,606,74158,Mário Heringer,47698.69,3
PDT,2024,2,2024-02,422,220578,Josenildo,40778.07,4
PDT,2024,2,2024-02,57,133439,André Figueiredo,38336.34,5
PDT,2024,2,2024-02,692,73486,Pompeo De Mattos,36229.96,6
PDT,2024,2,2024-02,557,220604,Marcos Tavares,32545.51,7
PDT,2024,2,2024-02,324,160666,Félix Mendonça Júnior,27850.27,8
PDT,2024,2,2024-02,702,220580,Professora Goreth,26490.68,9
PDT,2024,2,2024-02,479,74299,Leônidas Cristino,22977.97,10
PDT,2024,3,2024-03,702,220580,Professora Goreth,77214.25,1
PDT,2024,3,2024-03,13,178835,Afonso Motta,65308.51,2
PDT,2024,3,2024-03,692,73486,Pompeo De Mattos,49015.18,3
PDT,2024,3,2024-03,57,133439,André Figueiredo,48289.37,4
PDT,2024,3,2024-03,216,220573,Dorinaldo Malafaia,46180.65,5
PDT,2024,3,2024-03,581,220607,Max Lemos,42396.38,6
PDT,2024,3,2024-03,479,74299,Leônidas Cristino,40485.19,7
PDT,2024,3,2024-03,324,160666,Félix Mendonça Júnior,39747.84,8
PDT,2024,3,2024-03,606,74158,Mário Heringer,29684.11,9
PDT,2024,3,2024-03,422,220578,Josenildo,28887.03,10
PDT,2024,4,2024-04,57,133439,André Figueiredo,70425.04,1
PDT,2024,4,2024-04,422,220578,Josenildo,52595.17,2
PDT,2024,4,2024-04,479,74299,Leônidas Cristino,49740.68,3
PDT,2024,4,2024-04,702,220580,Professora Goreth,49641.58,4
PDT,2024,4,2024-04,557,220604,Marcos Tavares,44688.85,5
PDT,2024,4,2024-04,581,220607,Max Lemos,44632.75,6
PDT,2024,4,2024-04,216,220573,Dorinaldo Malafaia,40814.68,7
PDT,2024,4,2024-04,692,73486,Pompeo De Mattos,39809.32,8
PDT,2024,4,2024-04,13,178835,Afonso Motta,28300.89,9
PDT,2024,4,2024-04,606,74158,Mário Heringer,20443.23,10
PDT,2024,5,2024-05,324,160666,Félix Mendonça Júnior,119148.34,1
PDT,2024,5,2024-05,216,220573,Dorinaldo Malafaia,72820.02,2
PDT,2024,5,2024-05,13,178835,Afonso Motta,64409.79,3
PDT,2024,5,2024-05,702,220580,Professora Goreth,51327.48,4
PDT,2024,5,2024-05,557,220604,Marcos Tavares,44618.77,5
PDT,2024,5,2024-05,692,73486,Pompeo De Mattos,44255.38,6
PDT,2024,5,2024-05,581,220607,Max Lemos,44106.78,7
PDT,2024,5,2024-05,479,74299,Leônidas Cristino,41716.23,8
PDT,2024,5,2024-05,422,220578,Josenildo,36194.87,9
PDT,2024,5,2024-05,57,133439,André Figueiredo,31676.23,10
PDT,2024,6,2024-06,692,73486,Pompeo De Mattos,97737.35,1
PDT,2024,6,2024-06,13,178835,Afonso Motta,53118.10,2
PDT,2024,6,2024-06,702,220580,Professora Goreth,49886.13,3
PDT,2024,6,2024-06,422,220578,Josenildo,39677.56,4
PDT,2024,6,2024-06,57,133439,André Figueiredo,39559.63,5
PDT,2024,6,2024-06,557,220604,Marcos Tavares,37155.25,6
PDT,2024,6,2024-06,245,228272,Délio Pinheiro,33445.19,7
PDT,2024,6,2024-06,324,160666,Félix Mendonça Júnior,27384.78,8
PDT,2024,6,2024-06,581,220607,Max Lemos,20522.72,9
PDT,2024,6,2024-06,479,74299,Leônidas Cristino,18889.19,10
PDT,2024,7,2024-07,216,220573,Dorinaldo Malafaia,80173.23,1
PDT,2024,7,2024-07,13,178835,Afonso Motta,74210.66,2
PDT,2024,7,2024-07,692,73486,Pompeo De Mattos,61144.87,3
PDT,2024,7,2024-07,702,220580,Professora Goreth,57091.22,4
PDT,2024,7,2024-07,422,220578,Josenildo,39709.19,5
PDT,2024,7,2024-07,57,133439,André Figueiredo,37040.51,6
PDT,2024,7,2024-07,500,229082,Lucyana Genésio,35448.90,7
PDT,2024,7,2024-07,581,220607,Max Lemos,34414.66,8
PDT,2024,7,2024-07,324,160666,Félix Mendonça Júnior,26087.42,9
PDT,2024,7,2024-07,245,228272,Délio Pinheiro,26034.81,10
PDT,2024,8,2024-08,692,73486,Pompeo De Mattos,94398.48,1
PDT,2024,8,2024-08,500,229082,Lucyana Genésio,67788.14,2
PDT,2024,8,2024-08,702,220580,Professora Goreth,47037.71,3
PDT,2024,8,2024-08,216,220573,Dorinaldo Malafaia,45405.92,4
PDT,2024,8,2024-08,422,220578,Josenildo,38205.10,5
PDT,2024,8,2024-08,324,160666,Félix Mendonça Júnior,35090.08,6
PDT,2024,8,2024-08,57,133439,André Figueiredo,34956.00,7
PDT,2024,8,2024-08,581,220607,Max Lemos,32497.51,8
PDT,2024,8,2024-08,606,74158,Mário Heringer,31671.21,9
PDT,2024,8,2024-08,13,178835,Afonso Motta,30260.82,10
PDT,2024,9,2024-09,57,133439,André Figueiredo,59849.26,1
PDT,2024,9,2024-09,422,220578,Josenildo,55615.25,2
PDT,2024,9,2024-09,692,73486,Pompeo De Mattos,50237.76,3
PDT,2024,9,2024-09,500,229082,Lucyana Genésio,49362.66,4
PDT,2024,9,2024-09,13,178835,Afonso Motta,47141.21,5
PDT,2024,9,2024-09,702,220580,Professora Goreth,46973.89,6
PDT,2024,9,2024-09,324,160666,Félix Mendonça Júnior,31401.35,7
PDT,2024,9,2024-09,557,220604,Marcos Tavares,30720.11,8
PDT,2024,9,2024-09,581,220607,Max Lemos,30341.15,9
PDT,2024,9,2024-09,606,74158,Mário Heringer,26897.13,10
PDT,2024,10,2024-10,422,220578,Josenildo,62180.94,1
PDT,2024,10,2024-10,692,73486,Pompeo De Mattos,51746.74,2
PDT,2024,10,2024-10,581,220607,Max Lemos,50597.49,3
PDT,2024,10,2024-10,13,178835,Afonso Motta,50212.69,4
PDT,2024,10,2024-10,702,220580,Professora Goreth,45325.97,5
PDT,2024,10,2024-10,216,220573,Dorinaldo Malafaia,44470.27,6
PDT,2024,10,2024-10,57,133439,André Figueiredo,41434.35,7
PDT,2024,10,2024-10,606,74158,Mário Heringer,38045.65,8
PDT,2024,10,2024-10,324,160666,Félix Mendonça Júnior,34319.61,9
PDT,2024,10,2024-10,500,229082,Lucyana Genésio,29259.46,10
PDT,2024,11,2024-11,422,220578,Josenildo,76127.98,1
PDT,2024,11,2024-11,216,220573,Dorinaldo Malafaia,72127.97,2
PDT,2024,11,2024-11,606,74158,Mário Heringer,60197.11,3
PDT,2024,11,2024-11,702,220580,Professora Goreth,53226.31,4
PDT,2024,11,2024-11,581,220607,Max Lemos,52461.01,5
PDT,2024,11,2024-11,557,220604,Marcos Tavares,44716.99,6
PDT,2024,11,2024-11,13,178835,Afonso Motta,43224.28,7
PDT,2024,11,2024-11,692,73486,Pompeo De Mattos,41930.96,8
PDT,2024,11,2024-11,57,133439,André Figueiredo,35941.74,9
PDT,2024,11,2024-11,324,160666,Félix Mendonça Júnior,31971.54,10
PDT,2024,12,2024-12,216,220573,Dorinaldo Malafaia,94934.93,1
PDT,2024,12,2024-12,692,73486,Pompeo De Mattos,60472.50,2
PDT,2024,12,2024-12,581,220607,Max Lemos,59600.10,3
PDT,2024,12,2024-12,606,74158,Mário Heringer,44830.35,4
PDT,2024,12,2024-12,422,220578,Josenildo,42230.36,5
PDT,2024,12,2024-12,557,220604,Marcos Tavares,42107.36,6
PDT,2024,12,2024-12,702,220580,Professora Goreth,37431.22,7
PDT,2024,12,2024-12,13,178835,Afonso Motta,36480.43,8
PDT,2024,12,2024-12,57,133439,André Figueiredo,35061.28,9
PDT,2024,12,2024-12,324,160666,Félix Mendonça Júnior,27755.31,10
PDT,2025,1,2025-01,13,178835,Afonso Motta,56861.72,1
PDT,2025,1,2025-01,692,73486,Pompeo De Mattos,50948.33,2
PDT,2025,1,2025-01,57,133439,André Figueiredo,48050.42,3
PDT,2025,1,2025-01,422,220578,Josenildo,41720.89,4
PDT,2025,1,2025-01,581,220607,Max Lemos,41557.75,5
PDT,2025,1,2025-01,702,220580,Professora Goreth,39229.22,6
PDT,2025,1,2025-01,216,220573,Dorinaldo Malafaia,34937.58,7
PDT,2025,1,2025-01,324,160666,Félix Mendonça Júnior,34220.06,8
PDT,2025,1,2025-01,557,220604,Marcos Tavares,29002.00,9
PDT,2025,1,2025-01,479,74299,Leônidas Cristino,23532.62,10
PDT,2025,2,2025-02,216,220573,Dorinaldo Malafaia,69963.21,1
PDT,2025,2,2025-02,702,220580,Professora Goreth,57499.46,2
PDT,2025,2,2025-02,606,74158,Mário Heringer,54349.47,3
PDT,2025,2,2025-02,13,178835,Afonso Motta,48014.53,4
PDT,2025,2,2025-02,57,133439,André Figueiredo,44663.79,5
PDT,2025,2,2025-02,581,220607,Max Lemos,44492.09,6
PDT,2025,2,2025-02,692,73486,Pompeo De Mattos,43956.86,7
PDT,2025,2,2025-02,557,220604,Marcos Tavares,36516.70,8
PDT,2025,2,2025-02,324,160666,Félix Mendonça Júnior,34150.31,9
PDT,2025,2,2025-02,422,220578,Josenildo,30054.09,10
PDT,2025,3,2025-03,324,160666,Félix Mendonça Júnior,72408.53,1
PDT,2025,3,2025-03,692,73486,Pompeo De Mattos,60848.29,2
PDT,2025,3,2025-03,57,133439,André Figueiredo,51594.33,3
PDT,2025,3,2025-03,422,220578,Josenildo,50683.73,4
PDT,2025,3,2025-03,216,220573,Dorinaldo Malafaia,45884.58,5
PDT,2025,3,2025-03,479,74299,Leônidas Cristino,44955.46,6
PDT,2025,3,2025-03,13,178835,Afonso Motta,43972.83,7
PDT,2025,3,2025-03,702,220580,Professora Goreth,43338.42,8
PDT,2025,3,2025-03,606,74158,Mário Heringer,39630.99,9
PDT,2025,3,2025-03,581,220607,Max Lemos,37029.50,10
PDT,2025,4,2025-04,692,73486,Pompeo De Mattos,61373.56,1
PDT,2025,4,2025-04,606,74158,Mário Heringer,53299.00,2
PDT,2025,4,2025-04,13,178835,Afonso Motta,52683.18,3
PDT,2025,4,2025-04,581,220607,Max Lemos,49859.92,4
PDT,2025,4,2025-04,479,74299,Leônidas Cristino,47793.82,5
PDT,2025,4,2025-04,702,220580,Professora Goreth,47336.14,6
PDT,2025,4,2025-04,216,220573,Dorinaldo Malafaia,45516.02,7
PDT,2025,4,2025-04,57,133439,André Figueiredo,42929.81,8
PDT,2025,4,2025-04,422,220578,Josenildo,37340.41,9
PDT,2025,4,2025-04,324,160666,Félix Mendonça Júnior,26836.98,10
PDT,2025,5,2025-05,702,220580,Professora Goreth,63518.08,1
PDT,2025,5,2025-05,692,73486,Pompeo De Mattos,56001.48,2
PDT,2025,5,2025-05,13,178835,Afonso Motta,52079.31,3
PDT,2025,5,2025-05,57,133439,André Figueiredo,50564.04,4
PDT,2025,5,2025-05,606,74158,Mário Heringer,47029.43,5
PDT,2025,5,2025-05,479,74299,Leônidas Cristino,40522.65,6
PDT,2025,5,2025-05,581,220607,Max Lemos,40472.97,7
PDT,2025,5,2025-05,557,220604,Marcos Tavares,34748.38,8
PDT,2025,5,2025-05,324,160666,Félix Mendonça Júnior,25934.37,9
PDT,2025,5,2025-05,422,220578,Josenildo,19874.11,10
PDT,2025,6,2025-06,422,220578,Josenildo,68848.31,1
PDT,2025,6,2025-06,324,160666,Félix Mendonça Júnior,56152.07,2
PDT,2025,6,2025-06,57,133439,André Figueiredo,51702.23,3
PDT,2025,6,2025-06,692,73486,Pompeo De Mattos,50060.08,4
PDT,2025,6,2025-06,216,220573,Dorinaldo Malafaia,48314.54,5
PDT,2025,6,2025-06,702,220580,Professora Goreth,46667.34,6
PDT,2025,6,2025-06,13,178835,Afonso Motta,46348.55,7
PDT,2025,6,2025-06,606,74158,Mário Heringer,46221.77,8
PDT,2025,6,2025-06,581,220607,Max Lemos,41526.36,9
PDT,2025,6,2025-06,479,74299,Leônidas Cristino,34443.22,10
PDT,2025,7,2025-07,57,133439,André Figueiredo,62632.07,1
PDT,2025,7,2025-07,692,73486,Pompeo De Mattos,60215.88,2
PDT,2025,7,2025-07,216,220573,Dorinaldo Malafaia,59214.72,3
PDT,2025,7,2025-07,606,74158,Mário Heringer,58298.13,4
PDT,2025,7,2025-07,422,220578,Josenildo,55678.01,5
PDT,2025,7,2025-07,479,74299,Leônidas Cristino,48876.83,6
PDT,2025,7,2025-07,557,220604,Marcos Tavares,43751.42,7
PDT,2025,7,2025-07,581,220607,Max Lemos,43315.96,8
PDT,2025,7,2025-07,702,220580,Professora Goreth,38925.21,9
PDT,2025,7,2025-07,324,160666,Félix Mendonça Júnior,35459.60,10
PDT,2025,8,2025-08,692,73486,Pompeo De Mattos,43218.03,1
PDT,2025,8,2025-08,13,178835,Afonso Motta,41326.96,2
PDT,2025,8,2025-08,479,74299,Leônidas Cristino,41323.12,3
PDT,2025,8,2025-08,422,220578,Josenildo,40958.91,4
PDT,2025,8,2025-08,216,220573,Dorinaldo Malafaia,40665.51,5
PDT,2025,8,2025-08,57,133439,André Figueiredo,40129.32,6
PDT,2025,8,2025-08,581,220607,Max Lemos,39421.87,7
PDT,2025,8,2025-08,324,160666,Félix Mendonça Júnior,37638.35,8
PDT,2025,8,2025-08,606,74158,Mário Heringer,28980.00,9
PDT,2025,8,2025-08,557,220604,Marcos Tavares,26149.75,10
PDT,2025,9,2025-09,422,220578,Josenildo,70277.64,1
PDT,2025,9,2025-09,13,178835,Afonso Motta,56578.16,2
PDT,2025,9,2025-09,692,73486,Pompeo De Mattos,47340.06,3
PDT,2025,9,2025-09,557,220604,Marcos Tavares,42924.85,4
PDT,2025,9,2025-09,216,220573,Dorinaldo Malafaia,42628.85,5
PDT,2025,9,2025-09,581,220607,Max Lemos,39421.87,6
PDT,2025,9,2025-09,57,133439,André Figueiredo,35029.80,7
PDT,2025,9,2025-09,479,74299,Leônidas Cristino,32046.15,8
PDT,2025,9,2025-09,606,74158,Mário Heringer,31480.00,9
PDT,2025,9,2025-09,324,160666,Félix Mendonça Júnior,29245.68,10
PDT,2025,10,2025-10,692,73486,Pompeo De Mattos,55261.74,1
PDT,2025,10,2025-10,479,74299,Leônidas Cristino,44411.97,2
PDT,2025,10,2025-10,557,220604,Marcos Tavares,43795.04,3
PDT,2025,10,2025-10,422,220578,Josenildo,42418.32,4
PDT,2025,10,2025-10,581,220607,Max Lemos,39421.87,5
PDT,2025,10,2025-10,13,178835,Afonso Motta,38509.82,6
PDT,2025,10,2025-10,216,220573,Dorinaldo Malafaia,36290.17,7
PDT,2025,10,2025-10,324,160666,Félix Mendonça Júnior,31276.86,8
PDT,2025,10,2025-10,57,133439,André Figueiredo,31185.49,9
PDT,2025,10,2025-10,606,74158,Mário Heringer,27980.00,10
PDT,2025,11,2025-11,324,160666,Félix Mendonça Júnior,68409.77,1
PDT,2025,11,2025-11,422,220578,Josenildo,55629.80,2
PDT,2025,11,2025-11,216,220573,Dorinaldo Malafaia,42053.51,3
PDT,2025,11,2025-11,13,178835,Afonso Motta,38978.81,4
PDT,2025,11,2025-11,557,220604,Marcos Tavares,37719.27,5
PDT,2025,11,2025-11,479,74299,Leônidas Cristino,37021.57,6
PDT,2025,11,2025-11,57,133439,André Figueiredo,32209.49,7
PDT,2025,11,2025-11,606,74158,Mário Heringer,31480.00,8
PDT,2025,11,2025-11,581,220607,Max Lemos,31421.87,9
PDT,2025,11,2025-11,692,73486,Pompeo De Mattos,31261.37,10
PDT,2025,12,2025-12,422,220578,Josenildo,68200.59,1
PDT,2025,12,2025-12,581,220607,Max Lemos,47421.87,2
PDT,2025,12,2025-12,692,73486,Pompeo De Mattos,45098.53,3
PDT,2025,12,2025-12,324,160666,Félix Mendonça Júnior,43996.72,4
PDT,2025,12,2025-12,57,133439,André Figueiredo,42925.96,5
PDT,2025,12,2025-12,13,178835,Afonso Motta,37794.85,6
PDT,2025,12,2025-12,479,74299,Leônidas Cristino,37412.74,7
PDT,2025,12,2025-12,606,74158,Mário Heringer,35859.70,8
PDT,2025,12,2025-12,557,220604,Marcos Tavares,33703.44,9
PDT,2025,12,2025-12,216,220573,Dorinaldo Malafaia,19365.33,10
PDT,2026,1,2026-01,692,73486,Pompeo De Mattos,39625.65,1
PDT,2026,1,2026-01,422,220578,Josenildo,39597.37,2
PDT,2026,1,2026-01,557,220604,Marcos Tavares,39492.67,3
PDT,2026,1,2026-01,581,220607,Max Lemos,39421.87,4
PDT,2026,1,2026-01,216,220573,Dorinaldo Malafaia,38857.39,5
PDT,2026,1,2026-01,13,178835,Afonso Motta,36907.12,6
PDT,2026,1,2026-01,324,160666,Félix Mendonça Júnior,34233.19,7
PDT,2026,1,2026-01,479,74299,Leônidas Cristino,31736.70,8
PDT,2026,1,2026-01,57,133439,André Figueiredo,15105.46,9
PDT,2026,1,2026-01,606,74158,Mário Heringer,2684.46,10
PDT,2026,2,2026-02,606,74158,Mário Heringer,52302.77,1
PDT,2026,2,2026-02,13,178835,Afonso Motta,50075.66,2
PDT,2026,2,2026-02,692,73486,Pompeo De Mattos,44499.89,3
PDT,2026,2,2026-02,479,74299,Leônidas Cristino,43316.35,4
PDT,2026,2,2026-02,57,133439,André Figueiredo,39070.86,5
PDT,2026,2,2026-02,216,220573,Dorinaldo Malafaia,36479.26,6
PDT,2026,2,2026-02,324,160666,Félix Mendonça Júnior,35129.66,7
PDT,2026,2,2026-02,557,220604,Marcos Tavares,33843.26,8
PDT,2026,2,2026-02,129,204496,Celso Sabino,30457.81,9
PDT,2026,2,2026-02,422,220578,Josenildo,27003.49,10
PDT,2026,3,2026-03,581,220607,Max Lemos,81571.87,1
PDT,2026,3,2026-03,13,178835,Afonso Motta,46030.58,2
PDT,2026,3,2026-03,606,74158,Mário Heringer,45970.00,3
PDT,2026,3,2026-03,692,73486,Pompeo De Mattos,44260.09,4
PDT,2026,3,2026-03,422,220578,Josenildo,43226.16,5
PDT,2026,3,2026-03,57,133439,André Figueiredo,41526.41,6
PDT,2026,3,2026-03,324,160666,Félix Mendonça Júnior,37353.80,7
PDT,2026,3,2026-03,216,220573,Dorinaldo Malafaia,37292.44,8
PDT,2026,3,2026-03,557,220604,Marcos Tavares,34929.49,9
PDT,2026,3,2026-03,479,74299,Leônidas Cristino,34882.85,10
PDT,2026,4,2026-04,606,74158,Mário Heringer,42970.00,1
PDT,2026,4,2026-04,216,220573,Dorinaldo Malafaia,35649.33,2
PDT,2026,4,2026-04,422,220578,Josenildo,34579.34,3
PDT,2026,4,2026-04,57,133439,André Figueiredo,28116.44,4
PDT,2026,4,2026-04,324,160666,Félix Mendonça Júnior,27066.58,5
PDT,2026,4,2026-04,557,220604,Marcos Tavares,20802.31,6
PDT,2026,4,2026-04,692,73486,Pompeo De Mattos,13465.76,7
PDT,2026,4,2026-04,13,178835,Afonso Motta,11696.82,8
PDT,2026,4,2026-04,129,204496,Celso Sabino,7500.00,9
PL,,,,409,178910,Joaquim Passarinho,17792.47,1
PL,,,,149,220666,Coronel Meira,15996.62,2
PL,,,,200,220619,Delegado Ramagem,13403.56,3
PL,,,,588,178985,Miguel Lombardi,12151.12,4
PL,,,,718,205865,Reinhold Stephanes,11943.85,5
PL,,,,113,204507,Carla Zambelli,11638.04,6
PL,,,,148,220595,Coronel Fernanda,10972.13,7
PL,,,,555,220547,Marcos Pollon,10185.90,8
PL,,,,331,220611,General Pazuello,9758.21,9
PL,,,,330,204473,General Girão,9666.53,10
PL,2021,12,2021-12,409,178910,Joaquim Passarinho,4376.33,1
PL,2021,12,2021-12,147,204378,Coronel Chrisóstomo,1744.54,2
PL,2021,12,2021-12,359,204531,Guilherme Derrite,894.59,3
PL,2021,12,2021-12,215,160758,Domingos Sávio,660.00,4
PL,2021,12,2021-12,136,204462,Chris Tonietto,654.17,5
PL,2021,12,2021-12,94,74052,Bosco Costa,456.34,6
PL,2021,12,2021-12,612,204449,Nelson Barbudo,312.82,7
PL,2021,12,2021-12,89,204374,Bia Kicis,279.38,8
PL,2021,12,2021-12,567,204403,Marlon Santos,248.80,9
PL,2021,12,2021-12,480,74585,Lincoln Portela,60.26,10
PL,2022,1,2022-01,419,218245,Jorielson,49169.22,1
PL,2022,1,2022-01,270,161550,Emidinho Madeira,45088.28,2
PL,2022,1,2022-01,147,204378,Coronel Chrisóstomo,41707.75,3
PL,2022,1,2022-01,202,178908,Delegado Éder Mauro,40847.19,4
PL,2022,1,2022-01,847,204396,Vermelho,39598.16,5
PL,2022,1,2022-01,330,204473,General Girão,38327.13,6
PL,2022,1,2022-01,303,204411,Filipe Barros,38182.92,7
PL,2022,1,2022-01,428,204472,José Medeiros,35308.67,8
PL,2022,1,2022-01,424,204563,Josimar Maranhãozinho,34856.30,9
PL,2022,1,2022-01,247,141417,Edio Lopes,34733.66,10
PL,2022,2,2022-02,90,204388,Bibo Nunes,118819.19,1
PL,2022,2,2022-02,483,204382,Loester Trutis,79609.55,2
PL,2022,2,2022-02,439,141459,João Maia,71490.24,3
PL,2022,2,2022-02,612,204449,Nelson Barbudo,56407.19,4
PL,2022,2,2022-02,517,204526,Luiz Philippe De Orleans E Bragança,55930.08,5
PL,2022,2,2022-02,229,204481,Dr. Jaziel,54370.46,6
PL,2022,2,2022-02,202,178908,Delegado Éder Mauro,53509.41,7
PL,2022,2,2022-02,339,74383,Giacobo,53310.38,8
PL,2022,2,2022-02,147,204378,Coronel Chrisóstomo,50409.32,9
PL,2022,2,2022-02,863,74043,Wellington Roberto,50206.45,10
PL,2022,3,2022-03,90,204388,Bibo Nunes,114730.25,1
PL,2022,3,2022-03,435,141458,João Carlos Bacelar,94826.43,2
PL,2022,3,2022-03,839,204385,Valdevan Noventa,91333.08,3
PL,2022,3,2022-03,428,204472,José Medeiros,81671.76,4
PL,2022,3,2022-03,328,115746,Gelson Azevedo,76900.88,5
PL,2022,3,2022-03,56,204423,André Ferreira,73482.90,6
PL,2022,3,2022-03,215,160758,Domingos Sávio,69795.64,7
PL,2022,3,2022-03,483,204382,Loester Trutis,65460.97,8
PL,2022,3,2022-03,339,74383,Giacobo,63019.96,9
PL,2022,3,2022-03,780,204416,Sanderson,58256.60,10
PL,2022,4,2022-04,567,204403,Marlon Santos,83246.25,1
PL,2022,4,2022-04,302,204427,Fernando Rodolfo,64768.54,2
PL,2022,4,2022-04,646,160642,Pastor Eurico,63915.93,3
PL,2022,4,2022-04,303,204411,Filipe Barros,59929.01,4
PL,2022,4,2022-04,424,204563,Josimar Maranhãozinho,58599.48,5
PL,2022,4,2022-04,202,178908,Delegado Éder Mauro,58513.50,6
PL,2022,4,2022-04,612,204449,Nelson Barbudo,53650.12,7
PL,2022,4,2022-04,603,204452,Márcio Labre,53084.46,8
PL,2022,4,2022-04,347,160673,Giovani Cherini,52875.97,9
PL,2022,4,2022-04,763,204525,Rosana Valle,52828.19,10
PL,2022,5,2022-05,372,204444,Helio Lopes,126006.40,1
PL,2022,5,2022-05,247,141417,Edio Lopes,86858.54,2
PL,2022,5,2022-05,428,204472,José Medeiros,82064.31,3
PL,2022,5,2022-05,105,204572,Capitão Alberto Neto,80927.44,4
PL,2022,5,2022-05,459,204550,Júnior Mano,75066.09,5
PL,2022,5,2022-05,145,204376,Coronel Armando,70465.11,6
PL,2022,5,2022-05,517,204526,Luiz Philippe De Orleans E Bragança,68060.30,7
PL,2022,5,2022-05,612,204449,Nelson Barbudo,66233.31,8
PL,2022,5,2022-05,328,115746,Gelson Azevedo,60920.12,9
PL,2022,5,2022-05,567,204403,Marlon Santos,59330.04,10
PL,2022,6,2022-06,647,204570,Pastor Gil,108682.77,1
PL,2022,6,2022-06,797,204360,Silvia Cristina,76610.94,2
PL,2022,6,2022-06,854,160591,Vinicius Gurgel,75181.12,3
PL,2022,6,2022-06,94,74052,Bosco Costa,68222.17,4
PL,2022,6,2022-06,409,178910,Joaquim Passarinho,60607.74,5
PL,2022,6,2022-06,372,204444,Helio Lopes,56266.13,6
PL,2022,6,2022-06,693,160601,Pr. Marco Feliciano,55625.24,7
PL,2022,6,2022-06,347,160673,Giovani Cherini,54408.56,8
PL,2022,6,2022-06,428,204472,José Medeiros,53197.71,9
PL,2022,6,2022-06,202,178908,Delegado Éder Mauro,51445.34,10
PL,2022,7,2022-07,668,128760,Paulo Marinho Jr,70072.06,1
PL,2022,7,2022-07,251,92346,Eduardo Bolsonaro,54377.66,2
PL,2022,7,2022-07,780,204416,Sanderson,48287.51,3
PL,2022,7,2022-07,646,160642,Pastor Eurico,46750.23,4
PL,2022,7,2022-07,441,204576,João Roma,45403.48,5
PL,2022,7,2022-07,278,160640,Eros Biondini,45336.93,6
PL,2022,7,2022-07,94,74052,Bosco Costa,43869.99,7
PL,2022,7,2022-07,56,204423,André Ferreira,41779.95,8
PL,2022,7,2022-07,259,204364,Eli Borges,41589.00,9
PL,2022,7,2022-07,435,141458,João Carlos Bacelar,41330.51,10
PL,2022,8,2022-08,347,160673,Giovani Cherini,55452.80,1
PL,2022,8,2022-08,697,204390,Professor Alcides,54752.74,2
PL,2022,8,2022-08,452,204574,Junior Lourenço,39930.17,3
PL,2022,8,2022-08,94,74052,Bosco Costa,39432.52,4
PL,2022,8,2022-08,56,204423,André Ferreira,39008.53,5
PL,2022,8,2022-08,646,160642,Pastor Eurico,38873.13,6
PL,2022,8,2022-08,251,92346,Eduardo Bolsonaro,37336.95,7
PL,2022,8,2022-08,691,204529,Policial Katia Sastre,36343.41,8
PL,2022,8,2022-08,259,204364,Eli Borges,35462.72,9
PL,2022,8,2022-08,763,204525,Rosana Valle,33697.72,10
PL,2022,9,2022-09,854,160591,Vinicius Gurgel,92456.66,1
PL,2022,9,2022-09,691,204529,Policial Katia Sastre,44315.29,2
PL,2022,9,2022-09,409,178910,Joaquim Passarinho,40107.51,3
PL,2022,9,2022-09,94,74052,Bosco Costa,39825.19,4
PL,2022,9,2022-09,863,74043,Wellington Roberto,33084.47,5
PL,2022,9,2022-09,646,160642,Pastor Eurico,32436.99,6
PL,2022,9,2022-09,428,204472,José Medeiros,32163.88,7
PL,2022,9,2022-09,229,204481,Dr. Jaziel,31773.31,8
PL,2022,9,2022-09,372,204444,Helio Lopes,30534.72,9
PL,2022,9,2022-09,56,204423,André Ferreira,29991.19,10
PL,2022,10,2022-10,483,204382,Loester Trutis,94611.49,1
PL,2022,10,2022-10,439,141459,João Maia,89174.98,2
PL,2022,10,2022-10,339,74383,Giacobo,76925.44,3
PL,2022,10,2022-10,813,178947,Sóstenes Cavalcante,64146.63,4
PL,2022,10,2022-10,650,205535,Patricia Ferraz,56012.31,5
PL,2022,10,2022-10,329,160669,Genecias Noronha,49721.44,6
PL,2022,10,2022-10,94,74052,Bosco Costa,49272.24,7
PL,2022,10,2022-10,330,204473,General Girão,49114.95,8
PL,2022,10,2022-10,847,204396,Vermelho,48640.35,9
PL,2022,10,2022-10,229,204481,Dr. Jaziel,47215.41,10
PL,2022,11,2022-11,202,178908,Delegado Éder Mauro,152925.78,1
PL,2022,11,2022-11,247,141417,Edio Lopes,151515.68,2
PL,2022,11,2022-11,647,204570,Pastor Gil,109103.32,3
PL,2022,11,2022-11,329,160669,Genecias Noronha,108415.47,4
PL,2022,11,2022-11,514,204455,Luiz Lima,81112.71,5
PL,2022,11,2022-11,150,204514,Coronel Tadeu,79342.76,6
PL,2022,11,2022-11,439,141459,João Maia,75552.53,7
PL,2022,11,2022-11,435,141458,João Carlos Bacelar,75370.39,8
PL,2022,11,2022-11,662,160558,Paulo Freire Costa,68620.54,9
PL,2022,11,2022-11,863,74043,Wellington Roberto,66907.82,10
PL,2022,12,2022-12,459,204550,Júnior Mano,189276.05,1
PL,2022,12,2022-12,329,160669,Genecias Noronha,182687.47,2
PL,2022,12,2022-12,302,204427,Fernando Rodolfo,150050.90,3
PL,2022,12,2022-12,693,160601,Pr. Marco Feliciano,137518.35,4
PL,2022,12,2022-12,451,204520,Junio Amaral,109946.31,5
PL,2022,12,2022-12,797,204360,Silvia Cristina,107659.81,6
PL,2022,12,2022-12,880,204517,Zé Vitor,104170.46,7
PL,2022,12,2022-12,452,204574,Junior Lourenço,103838.38,8
PL,2022,12,2022-12,424,204563,Josimar Maranhãozinho,98792.00,9
PL,2022,12,2022-12,113,204507,Carla Zambelli,89366.94,10
PL,2023,1,2023-01,328,115746,Gelson Azevedo,71596.22,1
PL,2023,1,2023-01,527,166402,Magda Mofatto,64233.58,2
PL,2023,1,2023-01,603,204452,Márcio Labre,59462.20,3
PL,2023,1,2023-01,330,204473,General Girão,51154.95,4
PL,2023,1,2023-01,612,204449,Nelson Barbudo,45907.55,5
PL,2023,1,2023-01,105,204572,Capitão Alberto Neto,45442.46,6
PL,2023,1,2023-01,662,160558,Paulo Freire Costa,45311.08,7
PL,2023,1,2023-01,173,204367,Daniel Freitas,45044.80,8
PL,2023,1,2023-01,278,160640,Eros Biondini,44194.37,9
PL,2023,1,2023-01,362,204442,Gurgel,43245.11,10
PL,2023,2,2023-02,303,204411,Filipe Barros,94222.71,1
PL,2023,2,2023-02,202,178908,Delegado Éder Mauro,59268.34,2
PL,2023,2,2023-02,330,204473,General Girão,56185.76,3
PL,2023,2,2023-02,148,220595,Coronel Fernanda,52650.85,4
PL,2023,2,2023-02,806,220575,Sonize Barbosa,48660.00,5
PL,2023,2,2023-02,90,204388,Bibo Nunes,48204.67,6
PL,2023,2,2023-02,56,204423,André Ferreira,46045.47,7
PL,2023,2,2023-02,147,204378,Coronel Chrisóstomo,45636.13,8
PL,2023,2,2023-02,813,178947,Sóstenes Cavalcante,45023.52,9
PL,2023,2,2023-02,428,204472,José Medeiros,43030.44,10
PL,2023,3,2023-03,347,160673,Giovani Cherini,86911.36,1
PL,2023,3,2023-03,113,204507,Carla Zambelli,75228.08,2
PL,2023,3,2023-03,769,220620,Rosângela Reis,73862.29,3
PL,2023,3,2023-03,428,204472,José Medeiros,67277.32,4
PL,2023,3,2023-03,90,204388,Bibo Nunes,66793.20,5
PL,2023,3,2023-03,621,204479,Nicoletti,65505.12,6
PL,2023,3,2023-03,173,204367,Daniel Freitas,63639.78,7
PL,2023,3,2023-03,146,220594,Coronel Assis,61934.86,8
PL,2023,3,2023-03,106,220690,Capitão Alden,60926.91,9
PL,2023,3,2023-03,880,204517,Zé Vitor,60780.14,10
PL,2023,4,2023-04,879,220558,Zé Trovão,84625.39,1
PL,2023,4,2023-04,647,204570,Pastor Gil,82259.20,2
PL,2023,4,2023-04,100,220574,Cabo Gilberto Silva,77661.59,3
PL,2023,4,2023-04,206,220689,Detinha,61943.89,4
PL,2023,4,2023-04,148,220595,Coronel Fernanda,61931.46,5
PL,2023,4,2023-04,424,204563,Josimar Maranhãozinho,59875.59,6
PL,2023,4,2023-04,224,220610,Dr. Fernando Máximo,56997.95,7
PL,2023,4,2023-04,621,204479,Nicoletti,54524.00,8
PL,2023,4,2023-04,330,204473,General Girão,53575.22,9
PL,2023,4,2023-04,168,220603,Dani Cunha,53211.76,10
PL,2023,5,2023-05,202,178908,Delegado Éder Mauro,98423.82,1
PL,2023,5,2023-05,854,160591,Vinicius Gurgel,96761.33,2
PL,2023,5,2023-05,331,220611,General Pazuello,83192.75,3
PL,2023,5,2023-05,813,178947,Sóstenes Cavalcante,74037.17,4
PL,2023,5,2023-05,168,220603,Dani Cunha,72914.57,5
PL,2023,5,2023-05,149,220666,Coronel Meira,70969.72,6
PL,2023,5,2023-05,499,178954,Lucio Mosquini,70856.37,7
PL,2023,5,2023-05,347,160673,Giovani Cherini,69989.52,8
PL,2023,5,2023-05,424,204563,Josimar Maranhãozinho,68237.54,9
PL,2023,5,2023-05,409,178910,Joaquim Passarinho,65952.97,10
PL,2023,6,2023-06,47,220596,Amália Barros,68216.65,1
PL,2023,6,2023-06,345,220526,Gilvan Da Federal,68130.11,2
PL,2023,6,2023-06,566,220655,Mario Frias,66048.42,3
PL,2023,6,2023-06,780,204416,Sanderson,63537.04,4
PL,2023,6,2023-06,879,220558,Zé Trovão,61068.36,5
PL,2023,6,2023-06,206,220689,Detinha,58681.04,6
PL,2023,6,2023-06,424,204563,Josimar Maranhãozinho,57218.95,7
PL,2023,6,2023-06,304,220545,Filipe Martins,56833.56,8
PL,2023,6,2023-06,100,220574,Cabo Gilberto Silva,54785.96,9
PL,2023,6,2023-06,852,141555,Vinicius Carvalho,54601.96,10
PL,2023,7,2023-07,854,160591,Vinicius Gurgel,85805.14,1
PL,2023,7,2023-07,113,204507,Carla Zambelli,67875.74,2
PL,2023,7,2023-07,435,141458,João Carlos Bacelar,65655.12,3
PL,2023,7,2023-07,780,204416,Sanderson,61642.77,4
PL,2023,7,2023-07,149,220666,Coronel Meira,57370.16,5
PL,2023,7,2023-07,852,141555,Vinicius Carvalho,56381.61,6
PL,2023,7,2023-07,202,178908,Delegado Éder Mauro,55445.81,7
PL,2023,7,2023-07,146,220594,Coronel Assis,54106.01,8
PL,2023,7,2023-07,428,204472,José Medeiros,53713.40,9
PL,2023,7,2023-07,798,220579,Silvia Waiãpi,52285.20,10
PL,2023,8,2023-08,693,160601,Pr. Marco Feliciano,148515.89,1
PL,2023,8,2023-08,18,73579,Alberto Fraga,143430.14,2
PL,2023,8,2023-08,621,204479,Nicoletti,91135.43,3
PL,2023,8,2023-08,173,204367,Daniel Freitas,85227.42,4
PL,2023,8,2023-08,100,220574,Cabo Gilberto Silva,85088.25,5
PL,2023,8,2023-08,806,220575,Sonize Barbosa,82421.34,6
PL,2023,8,2023-08,647,204570,Pastor Gil,79714.48,7
PL,2023,8,2023-08,854,160591,Vinicius Gurgel,72419.66,8
PL,2023,8,2023-08,178,220557,Daniela Reinehr,66372.54,9
PL,2023,8,2023-08,330,204473,General Girão,65073.18,10
PL,2023,9,2023-09,647,204570,Pastor Gil,91186.47,1
PL,2023,9,2023-09,854,160591,Vinicius Gurgel,90286.72,2
PL,2023,9,2023-09,345,220526,Gilvan Da Federal,85921.94,3
PL,2023,9,2023-09,798,220579,Silvia Waiãpi,81135.00,4
PL,2023,9,2023-09,229,204481,Dr. Jaziel,70357.32,5
PL,2023,9,2023-09,745,220546,Rodolfo Nogueira,70210.39,6
PL,2023,9,2023-09,56,204423,André Ferreira,70084.76,7
PL,2023,9,2023-09,555,220547,Marcos Pollon,69056.23,8
PL,2023,9,2023-09,780,204416,Sanderson,67894.06,9
PL,2023,9,2023-09,6,221328,Adilson Barroso,60651.92,10
PL,2023,10,2023-10,806,220575,Sonize Barbosa,107347.19,1
PL,2023,10,2023-10,694,226075,Priscila Costa,105533.54,2
PL,2023,10,2023-10,63,220638,Antonio Carlos Rodrigues,89784.40,3
PL,2023,10,2023-10,798,220579,Silvia Waiãpi,87748.25,4
PL,2023,10,2023-10,224,220610,Dr. Fernando Máximo,76799.59,5
PL,2023,10,2023-10,769,220620,Rosângela Reis,74918.17,6
PL,2023,10,2023-10,745,220546,Rodolfo Nogueira,74656.86,7
PL,2023,10,2023-10,443,220559,Julia Zanatta,68867.47,8
PL,2023,10,2023-10,304,220545,Filipe Martins,68682.99,9
PL,2023,10,2023-10,173,204367,Daniel Freitas,63415.28,10
PL,2023,11,2023-11,555,220547,Marcos Pollon,121933.40,1
PL,2023,11,2023-11,647,204570,Pastor Gil,113245.88,2
PL,2023,11,2023-11,130,204504,Cezinha De Madureira,88079.53,3
PL,2023,11,2023-11,763,204525,Rosana Valle,81302.76,4
PL,2023,11,2023-11,806,220575,Sonize Barbosa,79968.10,5
PL,2023,11,2023-11,178,220557,Daniela Reinehr,77838.85,6
PL,2023,11,2023-11,424,204563,Josimar Maranhãozinho,72228.69,7
PL,2023,11,2023-11,224,220610,Dr. Fernando Máximo,70833.66,8
PL,2023,11,2023-11,206,220689,Detinha,69249.73,9
PL,2023,11,2023-11,754,165470,Rodrigo Valadares,63274.35,10
PL,2023,12,2023-12,807,178946,Soraya Santos,135993.22,1
PL,2023,12,2023-12,303,204411,Filipe Barros,132216.08,2
PL,2023,12,2023-12,149,220666,Coronel Meira,116745.19,3
PL,2023,12,2023-12,178,220557,Daniela Reinehr,112713.10,4
PL,2023,12,2023-12,409,178910,Joaquim Passarinho,111732.21,5
PL,2023,12,2023-12,693,160601,Pr. Marco Feliciano,109197.14,6
PL,2023,12,2023-12,784,220621,Sargento Gonçalves,108307.04,7
PL,2023,12,2023-12,6,221328,Adilson Barroso,104934.03,8
PL,2023,12,2023-12,136,204462,Chris Tonietto,102577.47,9
PL,2023,12,2023-12,56,204423,André Ferreira,99551.82,10
PL,2024,1,2024-01,555,220547,Marcos Pollon,67385.11,1
PL,2024,1,2024-01,583,74428,Mendonça Filho,67121.19,2
PL,2024,1,2024-01,499,178954,Lucio Mosquini,66733.82,3
PL,2024,1,2024-01,118,204460,Carlos Jordy,63571.80,4
PL,2024,1,2024-01,148,220595,Coronel Fernanda,60772.84,5
PL,2024,1,2024-01,806,220575,Sonize Barbosa,57949.73,6
PL,2024,1,2024-01,224,220610,Dr. Fernando Máximo,55505.50,7
PL,2024,1,2024-01,428,204472,José Medeiros,54520.43,8
PL,2024,1,2024-01,18,73579,Alberto Fraga,52983.96,9
PL,2024,1,2024-01,738,220693,Roberta Roma,51490.39,10
PL,2024,2,2024-02,854,160591,Vinicius Gurgel,86510.39,1
PL,2024,2,2024-02,118,204460,Carlos Jordy,73635.90,2
PL,2024,2,2024-02,224,220610,Dr. Fernando Máximo,70660.26,3
PL,2024,2,2024-02,798,220579,Silvia Waiãpi,66444.11,4
PL,2024,2,2024-02,330,204473,General Girão,60310.71,5
PL,2024,2,2024-02,100,220574,Cabo Gilberto Silva,60129.44,6
PL,2024,2,2024-02,572,220661,Matheus Noronha,56971.23,7
PL,2024,2,2024-02,847,204396,Vermelho,56601.48,8
PL,2024,2,2024-02,443,220559,Julia Zanatta,55895.43,9
PL,2024,2,2024-02,499,178954,Lucio Mosquini,55747.78,10
PL,2024,3,2024-03,742,220613,Roberto Monteiro Pai,164975.68,1
PL,2024,3,2024-03,149,220666,Coronel Meira,74704.12,2
PL,2024,3,2024-03,497,227323,Luciano Galego,72778.07,3
PL,2024,3,2024-03,880,204517,Zé Vitor,71894.36,4
PL,2024,3,2024-03,635,73692,Osmar Terra,71235.03,5
PL,2024,3,2024-03,668,128760,Paulo Marinho Jr,70537.89,6
PL,2024,3,2024-03,199,220654,Delegado Paulo Bilynskyj,70309.17,7
PL,2024,3,2024-03,118,204460,Carlos Jordy,68456.25,8
PL,2024,3,2024-03,224,220610,Dr. Fernando Máximo,64661.69,9
PL,2024,3,2024-03,105,204572,Capitão Alberto Neto,60275.40,10
PL,2024,4,2024-04,149,220666,Coronel Meira,76476.93,1
PL,2024,4,2024-04,202,178908,Delegado Éder Mauro,73932.02,2
PL,2024,4,2024-04,105,204572,Capitão Alberto Neto,72856.36,3
PL,2024,4,2024-04,635,73692,Osmar Terra,71480.79,4
PL,2024,4,2024-04,178,220557,Daniela Reinehr,67885.53,5
PL,2024,4,2024-04,428,204472,José Medeiros,65672.19,6
PL,2024,4,2024-04,799,227310,Silvio Antonio,62502.00,7
PL,2024,4,2024-04,224,220610,Dr. Fernando Máximo,62167.08,8
PL,2024,4,2024-04,662,160558,Paulo Freire Costa,60272.19,9
PL,2024,4,2024-04,572,220661,Matheus Noronha,58688.82,10
PL,2024,5,2024-05,854,160591,Vinicius Gurgel,114336.06,1
PL,2024,5,2024-05,621,204479,Nicoletti,101458.55,2
PL,2024,5,2024-05,148,220595,Coronel Fernanda,66426.06,3
PL,2024,5,2024-05,754,165470,Rodrigo Valadares,63399.10,4
PL,2024,5,2024-05,780,204416,Sanderson,63179.35,5
PL,2024,5,2024-05,100,220574,Cabo Gilberto Silva,61302.99,6
PL,2024,5,2024-05,806,220575,Sonize Barbosa,60831.27,7
PL,2024,5,2024-05,1,220593,Abilio Brunini,59654.78,8
PL,2024,5,2024-05,879,220558,Zé Trovão,57093.32,9
PL,2024,5,2024-05,635,73692,Osmar Terra,56627.07,10
PL,2024,6,2024-06,527,166402,Magda Mofatto,81331.13,1
PL,2024,6,2024-06,146,220594,Coronel Assis,73863.65,2
PL,2024,6,2024-06,202,178908,Delegado Éder Mauro,72480.86,3
PL,2024,6,2024-06,6,221328,Adilson Barroso,69333.63,4
PL,2024,6,2024-06,304,220545,Filipe Martins,67914.03,5
PL,2024,6,2024-06,90,204388,Bibo Nunes,67025.25,6
PL,2024,6,2024-06,330,204473,General Girão,65390.70,7
PL,2024,6,2024-06,635,73692,Osmar Terra,64105.46,8
PL,2024,6,2024-06,105,204572,Capitão Alberto Neto,62021.20,9
PL,2024,6,2024-06,130,204504,Cezinha De Madureira,61804.05,10
PL,2024,7,2024-07,270,161550,Emidinho Madeira,74746.10,1
PL,2024,7,2024-07,647,204570,Pastor Gil,64397.80,2
PL,2024,7,2024-07,63,220638,Antonio Carlos Rodrigues,62698.75,3
PL,2024,7,2024-07,443,220559,Julia Zanatta,61417.39,4
PL,2024,7,2024-07,635,73692,Osmar Terra,60922.49,5
PL,2024,7,2024-07,146,220594,Coronel Assis,59698.96,6
PL,2024,7,2024-07,404,74273,Jefferson Campos,58111.01,7
PL,2024,7,2024-07,149,220666,Coronel Meira,57160.23,8
PL,2024,7,2024-07,330,204473,General Girão,56986.60,9
PL,2024,7,2024-07,130,204504,Cezinha De Madureira,55063.86,10
PL,2024,8,2024-08,435,141458,João Carlos Bacelar,69680.84,1
PL,2024,8,2024-08,517,204526,Luiz Philippe De Orleans E Bragança,61948.17,2
PL,2024,8,2024-08,168,220603,Dani Cunha,60533.08,3
PL,2024,8,2024-08,813,178947,Sóstenes Cavalcante,59118.26,4
PL,2024,8,2024-08,173,204367,Daniel Freitas,55699.79,5
PL,2024,8,2024-08,635,73692,Osmar Terra,55541.00,6
PL,2024,8,2024-08,215,160758,Domingos Sávio,55537.03,7
PL,2024,8,2024-08,94,74052,Bosco Costa,55158.74,8
PL,2024,8,2024-08,356,198197,Greyce Elias,54898.11,9
PL,2024,8,2024-08,146,220594,Coronel Assis,54228.59,10
PL,2024,9,2024-09,798,220579,Silvia Waiãpi,91081.81,1
PL,2024,9,2024-09,331,220611,General Pazuello,63275.81,2
PL,2024,9,2024-09,527,166402,Magda Mofatto,60673.35,3
PL,2024,9,2024-09,147,204378,Coronel Chrisóstomo,59549.61,4
PL,2024,9,2024-09,555,220547,Marcos Pollon,55892.36,5
PL,2024,9,2024-09,435,141458,João Carlos Bacelar,54812.46,6
PL,2024,9,2024-09,173,204367,Daniel Freitas,54180.57,7
PL,2024,9,2024-09,148,220595,Coronel Fernanda,53846.84,8
PL,2024,9,2024-09,224,220610,Dr. Fernando Máximo,53015.13,9
PL,2024,9,2024-09,813,178947,Sóstenes Cavalcante,51496.28,10
PL,2024,10,2024-10,435,141458,João Carlos Bacelar,129698.02,1
PL,2024,10,2024-10,754,165470,Rodrigo Valadares,72029.51,2
PL,2024,10,2024-10,813,178947,Sóstenes Cavalcante,62746.24,3
PL,2024,10,2024-10,229,204481,Dr. Jaziel,60937.35,4
PL,2024,10,2024-10,480,74585,Lincoln Portela,58937.36,5
PL,2024,10,2024-10,798,220579,Silvia Waiãpi,57361.43,6
PL,2024,10,2024-10,6,221328,Adilson Barroso,54367.94,7
PL,2024,10,2024-10,572,220661,Matheus Noronha,53566.71,8
PL,2024,10,2024-10,854,160591,Vinicius Gurgel,53513.30,9
PL,2024,10,2024-10,107,178829,Capitão Augusto,53035.58,10
PL,2024,11,2024-11,693,160601,Pr. Marco Feliciano,147512.94,1
PL,2024,11,2024-11,113,204507,Carla Zambelli,115859.02,2
PL,2024,11,2024-11,499,178954,Lucio Mosquini,99893.25,3
PL,2024,11,2024-11,817,230177,Tadeu Oliveira,84941.16,4
PL,2024,11,2024-11,854,160591,Vinicius Gurgel,76863.80,5
PL,2024,11,2024-11,769,220620,Rosângela Reis,75199.01,6
PL,2024,11,2024-11,63,220638,Antonio Carlos Rodrigues,74031.51,7
PL,2024,11,2024-11,304,220545,Filipe Martins,66300.66,8
PL,2024,11,2024-11,480,74585,Lincoln Portela,62571.30,9
PL,2024,11,2024-11,852,141555,Vinicius Carvalho,62191.28,10
PL,2024,12,2024-12,555,220547,Marcos Pollon,161110.69,1
PL,2024,12,2024-12,784,220621,Sargento Gonçalves,157709.55,2
PL,2024,12,2024-12,647,204570,Pastor Gil,144072.79,3
PL,2024,12,2024-12,90,204388,Bibo Nunes,138301.28,4
PL,2024,12,2024-12,202,178908,Delegado Éder Mauro,136556.72,5
PL,2024,12,2024-12,745,220546,Rodolfo Nogueira,120204.38,6
PL,2024,12,2024-12,693,160601,Pr. Marco Feliciano,111117.23,7
PL,2024,12,2024-12,424,204563,Josimar Maranhãozinho,105936.88,8
PL,2024,12,2024-12,806,220575,Sonize Barbosa,103042.59,9
PL,2024,12,2024-12,206,220689,Detinha,97384.10,10
PL,2025,1,2025-01,106,220690,Capitão Alden,108194.51,1
PL,2025,1,2025-01,807,178946,Soraya Santos,88634.29,2
PL,2025,1,2025-01,304,220545,Filipe Martins,80573.56,3
PL,2025,1,2025-01,130,204504,Cezinha De Madureira,70994.99,4
PL,2025,1,2025-01,192,220673,Delegado Caveira,61580.05,5
PL,2025,1,2025-01,499,178954,Lucio Mosquini,60868.67,6
PL,2025,1,2025-01,769,220620,Rosângela Reis,58783.66,7
PL,2025,1,2025-01,583,74428,Mendonça Filho,55235.12,8
PL,2025,1,2025-01,806,220575,Sonize Barbosa,53431.75,9
PL,2025,1,2025-01,113,204507,Carla Zambelli,53234.27,10
PL,2025,2,2025-02,435,141458,João Carlos Bacelar,81173.00,1
PL,2025,2,2025-02,527,166402,Magda Mofatto,77824.26,2
PL,2025,2,2025-02,572,220661,Matheus Noronha,75399.17,3
PL,2025,2,2025-02,806,220575,Sonize Barbosa,75160.63,4
PL,2025,2,2025-02,347,160673,Giovani Cherini,70759.20,5
PL,2025,2,2025-02,149,220666,Coronel Meira,67303.49,6
PL,2025,2,2025-02,621,204479,Nicoletti,67101.59,7
PL,2025,2,2025-02,393,98615,Ismael,66024.38,8
PL,2025,2,2025-02,148,220595,Coronel Fernanda,62697.52,9
PL,2025,2,2025-02,229,204481,Dr. Jaziel,61089.21,10
PL,2025,3,2025-03,854,160591,Vinicius Gurgel,92215.51,1
PL,2025,3,2025-03,798,220579,Silvia Waiãpi,84633.29,2
PL,2025,3,2025-03,555,220547,Marcos Pollon,84560.71,3
PL,2025,3,2025-03,393,98615,Ismael,72504.00,4
PL,2025,3,2025-03,662,160558,Paulo Freire Costa,71379.90,5
PL,2025,3,2025-03,347,160673,Giovani Cherini,63350.16,6
PL,2025,3,2025-03,621,204479,Nicoletti,62651.26,7
PL,2025,3,2025-03,147,204378,Coronel Chrisóstomo,60223.30,8
PL,2025,3,2025-03,100,220574,Cabo Gilberto Silva,58526.32,9
PL,2025,3,2025-03,178,220557,Daniela Reinehr,56328.96,10
PL,2025,4,2025-04,555,220547,Marcos Pollon,79952.81,1
PL,2025,4,2025-04,732,204362,Ricardo Guidi,74231.95,2
PL,2025,4,2025-04,118,204460,Carlos Jordy,72331.00,3
PL,2025,4,2025-04,621,204479,Nicoletti,68424.82,4
PL,2025,4,2025-04,807,178946,Soraya Santos,66954.27,5
PL,2025,4,2025-04,347,160673,Giovani Cherini,62807.13,6
PL,2025,4,2025-04,769,220620,Rosângela Reis,62048.85,7
PL,2025,4,2025-04,229,204481,Dr. Jaziel,61893.29,8
PL,2025,4,2025-04,304,220545,Filipe Martins,61505.70,9
PL,2025,4,2025-04,173,204367,Daniel Freitas,58699.75,10
PL,2025,5,2025-05,854,160591,Vinicius Gurgel,80219.77,1
PL,2025,5,2025-05,806,220575,Sonize Barbosa,69876.96,2
PL,2025,5,2025-05,173,204367,Daniel Freitas,64652.60,3
PL,2025,5,2025-05,499,178954,Lucio Mosquini,63949.10,4
PL,2025,5,2025-05,18,73579,Alberto Fraga,63305.11,5
PL,2025,5,2025-05,304,220545,Filipe Martins,58166.49,6
PL,2025,5,2025-05,738,220693,Roberta Roma,57835.12,7
PL,2025,5,2025-05,662,160558,Paulo Freire Costa,57780.28,8
PL,2025,5,2025-05,347,160673,Giovani Cherini,56793.43,9
PL,2025,5,2025-05,566,220655,Mario Frias,56494.49,10
PL,2025,6,2025-06,202,178908,Delegado Éder Mauro,115426.33,1
PL,2025,6,2025-06,278,160640,Eros Biondini,71633.16,2
PL,2025,6,2025-06,527,166402,Magda Mofatto,71187.89,3
PL,2025,6,2025-06,224,220610,Dr. Fernando Máximo,68113.88,4
PL,2025,6,2025-06,147,204378,Coronel Chrisóstomo,64980.47,5
PL,2025,6,2025-06,100,220574,Cabo Gilberto Silva,64725.67,6
PL,2025,6,2025-06,480,74585,Lincoln Portela,63084.10,7
PL,2025,6,2025-06,499,178954,Lucio Mosquini,62538.23,8
PL,2025,6,2025-06,745,220546,Rodolfo Nogueira,61215.40,9
PL,2025,6,2025-06,347,160673,Giovani Cherini,58446.18,10
PL,2025,7,2025-07,635,73692,Osmar Terra,90504.29,1
PL,2025,7,2025-07,573,220628,Mauricio Do Vôlei,74661.65,2
PL,2025,7,2025-07,224,220610,Dr. Fernando Máximo,66385.46,3
PL,2025,7,2025-07,428,204472,José Medeiros,64644.97,4
PL,2025,7,2025-07,192,220673,Delegado Caveira,64015.72,5
PL,2025,7,2025-07,347,160673,Giovani Cherini,63421.45,6
PL,2025,7,2025-07,499,178954,Lucio Mosquini,61147.51,7
PL,2025,7,2025-07,847,204396,Vermelho,58474.42,8
PL,2025,7,2025-07,100,220574,Cabo Gilberto Silva,57459.70,9
PL,2025,7,2025-07,742,220613,Roberto Monteiro Pai,57198.39,10
PL,2025,8,2025-08,224,220610,Dr. Fernando Máximo,67786.55,1
PL,2025,8,2025-08,807,178946,Soraya Santos,64028.52,2
PL,2025,8,2025-08,229,204481,Dr. Jaziel,58400.00,3
PL,2025,8,2025-08,107,178829,Capitão Augusto,57700.16,4
PL,2025,8,2025-08,112,213762,Carla Dickson,54611.31,5
PL,2025,8,2025-08,647,204570,Pastor Gil,52965.13,6
PL,2025,8,2025-08,149,220666,Coronel Meira,52040.52,7
PL,2025,8,2025-08,545,179000,Marcelo Álvaro Antônio,50728.69,8
PL,2025,8,2025-08,745,220546,Rodolfo Nogueira,49670.11,9
PL,2025,8,2025-08,56,204423,André Ferreira,49631.16,10
PL,2025,9,2025-09,594,160561,Missionário José Olimpio,105760.88,1
PL,2025,9,2025-09,738,220693,Roberta Roma,62094.86,2
PL,2025,9,2025-09,635,73692,Osmar Terra,57453.07,3
PL,2025,9,2025-09,130,204504,Cezinha De Madureira,55818.46,4
PL,2025,9,2025-09,745,220546,Rodolfo Nogueira,53601.80,5
PL,2025,9,2025-09,206,220689,Detinha,53000.00,6
PL,2025,9,2025-09,693,160601,Pr. Marco Feliciano,51437.90,7
PL,2025,9,2025-09,202,178908,Delegado Éder Mauro,49849.91,8
PL,2025,9,2025-09,854,160591,Vinicius Gurgel,49400.00,9
PL,2025,9,2025-09,424,204563,Josimar Maranhãozinho,49191.16,10
PL,2025,10,2025-10,784,220621,Sargento Gonçalves,136334.73,1
PL,2025,10,2025-10,149,220666,Coronel Meira,72974.12,2
PL,2025,10,2025-10,880,204517,Zé Vitor,70517.94,3
PL,2025,10,2025-10,63,220638,Antonio Carlos Rodrigues,68586.06,4
PL,2025,10,2025-10,112,213762,Carla Dickson,65964.70,5
PL,2025,10,2025-10,435,141458,João Carlos Bacelar,65738.76,6
PL,2025,10,2025-10,202,178908,Delegado Éder Mauro,62660.19,7
PL,2025,10,2025-10,480,74585,Lincoln Portela,60551.06,8
PL,2025,10,2025-10,738,220693,Roberta Roma,59656.71,9
PL,2025,10,2025-10,304,220545,Filipe Martins,58338.66,10
PL,2025,11,2025-11,852,141555,Vinicius Carvalho,87546.31,1
PL,2025,11,2025-11,270,161550,Emidinho Madeira,69700.81,2
PL,2025,11,2025-11,56,204423,André Ferreira,66973.43,3
PL,2025,11,2025-11,738,220693,Roberta Roma,59138.08,4
PL,2025,11,2025-11,304,220545,Filipe Martins,57851.85,5
PL,2025,11,2025-11,647,204570,Pastor Gil,55907.11,6
PL,2025,11,2025-11,732,204362,Ricardo Guidi,54093.06,7
PL,2025,11,2025-11,178,220557,Daniela Reinehr,53731.83,8
PL,2025,11,2025-11,55,220657,André Fernandes,50450.00,9
PL,2025,11,2025-11,105,204572,Capitão Alberto Neto,49313.35,10
PL,2025,12,2025-12,55,220657,André Fernandes,147550.00,1
PL,2025,12,2025-12,784,220621,Sargento Gonçalves,145643.07,2
PL,2025,12,2025-12,647,204570,Pastor Gil,131620.16,3
PL,2025,12,2025-12,409,178910,Joaquim Passarinho,92502.90,4
PL,2025,12,2025-12,424,204563,Josimar Maranhãozinho,87971.74,5
PL,2025,12,2025-12,443,220559,Julia Zanatta,84938.41,6
PL,2025,12,2025-12,112,213762,Carla Dickson,82205.57,7
PL,2025,12,2025-12,202,178908,Delegado Éder Mauro,79511.25,8
PL,2025,12,2025-12,693,160601,Pr. Marco Feliciano,79095.70,9
PL,2025,12,2025-12,90,204388,Bibo Nunes,77144.93,10
PL,2026,1,2026-01,880,204517,Zé Vitor,66882.05,1
PL,2026,1,2026-01,738,220693,Roberta Roma,62379.24,2
PL,2026,1,2026-01,55,220657,André Fernandes,56177.21,3
PL,2026,1,2026-01,527,166402,Magda Mofatto,52896.96,4
PL,2026,1,2026-01,573,220628,Mauricio Do Vôlei,46865.18,5
PL,2026,1,2026-01,224,220610,Dr. Fernando Máximo,46639.80,6
PL,2026,1,2026-01,732,204362,Ricardo Guidi,45846.29,7
PL,2026,1,2026-01,304,220545,Filipe Martins,43704.95,8
PL,2026,1,2026-01,718,205865,Reinhold Stephanes,43149.55,9
PL,2026,1,2026-01,784,220621,Sargento Gonçalves,42591.47,10
PL,2026,2,2026-02,106,220690,Capitão Alden,71303.81,1
PL,2026,2,2026-02,854,160591,Vinicius Gurgel,69390.00,2
PL,2026,2,2026-02,330,204473,General Girão,66562.03,3
PL,2026,2,2026-02,443,220559,Julia Zanatta,58491.88,4
PL,2026,2,2026-02,517,204526,Luiz Philippe De Orleans E Bragança,55694.67,5
PL,2026,2,2026-02,847,204396,Vermelho,52183.15,6
PL,2026,2,2026-02,18,73579,Alberto Fraga,46250.00,7
PL,2026,2,2026-02,748,230767,Rodrigo Da Zaeli,45883.13,8
PL,2026,2,2026-02,647,204570,Pastor Gil,45360.38,9
PL,2026,2,2026-02,588,178985,Miguel Lombardi,44028.37,10
PL,2026,3,2026-03,745,220546,Rodolfo Nogueira,70045.34,1
PL,2026,3,2026-03,90,204388,Bibo Nunes,67599.30,2
PL,2026,3,2026-03,693,160601,Pr. Marco Feliciano,66660.00,3
PL,2026,3,2026-03,112,213762,Carla Dickson,65857.04,4
PL,2026,3,2026-03,769,220620,Rosângela Reis,64727.01,5
PL,2026,3,2026-03,220,227991,Dr Flávio,63638.84,6
PL,2026,3,2026-03,178,220557,Daniela Reinehr,62368.46,7
PL,2026,3,2026-03,621,204479,Nicoletti,61059.94,8
PL,2026,3,2026-03,435,141458,João Carlos Bacelar,59785.25,9
PL,2026,3,2026-03,738,220693,Roberta Roma,59678.84,10
PL,2026,4,2026-04,668,128760,Paulo Marinho Jr,74802.84,1
PL,2026,4,2026-04,647,204570,Pastor Gil,63000.00,2
PL,2026,4,2026-04,202,178908,Delegado Éder Mauro,57011.00,3
PL,2026,4,2026-04,90,204388,Bibo Nunes,55734.16,4
PL,2026,4,2026-04,748,230767,Rodrigo Da Zaeli,52029.18,5
PL,2026,4,2026-04,330,204473,General Girão,42912.05,6
PL,2026,4,2026-04,693,160601,Pr. Marco Feliciano,41260.00,7
PL,2026,4,2026-04,18,73579,Alberto Fraga,40550.00,8
PL,2026,4,2026-04,573,220628,Mauricio Do Vôlei,40109.21,9
PL,2026,4,2026-04,270,161550,Emidinho Madeira,38627.12,10
PL,2026,5,2026-05,90,204388,Bibo Nunes,295.22,1
PODE,,,,242,220540,Duda Ramos,10057.74,1
PODE,,,,785,220618,Sargento Portugal,2594.03,2
PODE,,,,342,74270,Gilberto Nascimento,2583.03,3
PODE,,,,612,204449,Nelson Barbudo,2081.60,4
PODE,,,,343,220529,Gilson Daniel,1704.23,5
PODE,,,,184,204511,David Soares,834.10,6
PODE,,,,759,160629,Romero Rodrigues,278.98,7
PODE,,,,721,178989,Renata Abreu,228.60,8
PODE,,,,234,220528,Dr. Victor Linhalis,183.56,9
PODE,,,,508,73778,Luiz Carlos Hauly,142.83,10
PODE,2021,12,2021-12,829,143084,Tiago Dimas,1078.15,1
PODE,2022,1,2022-01,737,178920,Ricardo Teobaldo,35372.57,1
PODE,2022,1,2022-01,721,178989,Renata Abreu,28970.55,2
PODE,2022,1,2022-01,711,204567,Raimundo Costa,26129.93,3
PODE,2022,1,2022-01,390,204508,Igor Timo,25825.24,4
PODE,2022,1,2022-01,580,75431,Maurício Dziedricki,24844.47,5
PODE,2022,1,2022-01,829,143084,Tiago Dimas,21519.57,6
PODE,2022,1,2022-01,523,204359,Léo Moraes,13457.20,7
PODE,2022,1,2022-01,747,204366,Rodrigo Coelho,12377.70,8
PODE,2022,2,2022-02,580,75431,Maurício Dziedricki,36322.43,1
PODE,2022,2,2022-02,829,143084,Tiago Dimas,30790.47,2
PODE,2022,2,2022-02,721,178989,Renata Abreu,30774.68,3
PODE,2022,2,2022-02,390,204508,Igor Timo,30559.48,4
PODE,2022,2,2022-02,711,204567,Raimundo Costa,21149.34,5
PODE,2022,2,2022-02,747,204366,Rodrigo Coelho,19897.96,6
PODE,2022,2,2022-02,737,178920,Ricardo Teobaldo,16533.47,7
PODE,2022,2,2022-02,523,204359,Léo Moraes,8055.32,8
PODE,2022,3,2022-03,737,178920,Ricardo Teobaldo,81635.40,1
PODE,2022,3,2022-03,580,75431,Maurício Dziedricki,60748.45,2
PODE,2022,3,2022-03,829,143084,Tiago Dimas,59020.85,3
PODE,2022,3,2022-03,711,204567,Raimundo Costa,52025.76,4
PODE,2022,3,2022-03,390,204508,Igor Timo,41938.78,5
PODE,2022,3,2022-03,721,178989,Renata Abreu,40532.74,6
PODE,2022,3,2022-03,523,204359,Léo Moraes,37850.14,7
PODE,2022,3,2022-03,747,204366,Rodrigo Coelho,29754.65,8
PODE,2022,4,2022-04,829,143084,Tiago Dimas,71714.24,1
PODE,2022,4,2022-04,711,204567,Raimundo Costa,54245.47,2
PODE,2022,4,2022-04,390,204508,Igor Timo,45284.42,3
PODE,2022,4,2022-04,580,75431,Maurício Dziedricki,44592.00,4
PODE,2022,4,2022-04,523,204359,Léo Moraes,37950.40,5
PODE,2022,4,2022-04,737,178920,Ricardo Teobaldo,33870.90,6
PODE,2022,4,2022-04,721,178989,Renata Abreu,33365.71,7
PODE,2022,4,2022-04,747,204366,Rodrigo Coelho,20479.65,8
PODE,2022,5,2022-05,523,204359,Léo Moraes,68395.78,1
PODE,2022,5,2022-05,711,204567,Raimundo Costa,61243.52,2
PODE,2022,5,2022-05,580,75431,Maurício Dziedricki,60298.76,3
PODE,2022,5,2022-05,721,178989,Renata Abreu,46958.91,4
PODE,2022,5,2022-05,737,178920,Ricardo Teobaldo,36788.33,5
PODE,2022,5,2022-05,390,204508,Igor Timo,29369.56,6
PODE,2022,5,2022-05,829,143084,Tiago Dimas,25694.63,7
PODE,2022,5,2022-05,747,204366,Rodrigo Coelho,24971.43,8
PODE,2022,6,2022-06,390,204508,Igor Timo,64772.38,1
PODE,2022,6,2022-06,711,204567,Raimundo Costa,39945.31,2
PODE,2022,6,2022-06,737,178920,Ricardo Teobaldo,37627.93,3
PODE,2022,6,2022-06,523,204359,Léo Moraes,32838.44,4
PODE,2022,6,2022-06,580,75431,Maurício Dziedricki,29033.36,5
PODE,2022,6,2022-06,829,143084,Tiago Dimas,27505.06,6
PODE,2022,6,2022-06,747,204366,Rodrigo Coelho,18353.74,7
PODE,2022,6,2022-06,782,219599,Sargento Alexandre,14983.70,8
PODE,2022,6,2022-06,721,178989,Renata Abreu,3199.41,9
PODE,2022,7,2022-07,782,219599,Sargento Alexandre,45249.42,1
PODE,2022,7,2022-07,390,204508,Igor Timo,40823.73,2
PODE,2022,7,2022-07,711,204567,Raimundo Costa,38171.00,3
PODE,2022,7,2022-07,580,75431,Maurício Dziedricki,37617.82,4
PODE,2022,7,2022-07,737,178920,Ricardo Teobaldo,32718.17,5
PODE,2022,7,2022-07,829,143084,Tiago Dimas,29171.48,6
PODE,2022,7,2022-07,523,204359,Léo Moraes,18094.10,7
PODE,2022,7,2022-07,747,204366,Rodrigo Coelho,6284.24,8
PODE,2022,7,2022-07,721,178989,Renata Abreu,641.58,9
PODE,2022,8,2022-08,737,178920,Ricardo Teobaldo,37324.72,1
PODE,2022,8,2022-08,711,204567,Raimundo Costa,27680.83,2
PODE,2022,8,2022-08,390,204508,Igor Timo,27340.18,3
PODE,2022,8,2022-08,580,75431,Maurício Dziedricki,25048.41,4
PODE,2022,8,2022-08,782,219599,Sargento Alexandre,11708.41,5
PODE,2022,8,2022-08,829,143084,Tiago Dimas,10068.73,6
PODE,2022,8,2022-08,523,204359,Léo Moraes,6095.30,7
PODE,2022,9,2022-09,711,204567,Raimundo Costa,30433.96,1
PODE,2022,9,2022-09,737,178920,Ricardo Teobaldo,26976.20,2
PODE,2022,9,2022-09,580,75431,Maurício Dziedricki,23962.43,3
PODE,2022,9,2022-09,390,204508,Igor Timo,23828.84,4
PODE,2022,9,2022-09,782,219599,Sargento Alexandre,14817.95,5
PODE,2022,9,2022-09,829,143084,Tiago Dimas,3024.80,6
PODE,2022,9,2022-09,523,204359,Léo Moraes,2535.20,7
PODE,2022,10,2022-10,829,143084,Tiago Dimas,77152.46,1
PODE,2022,10,2022-10,580,75431,Maurício Dziedricki,51505.86,2
PODE,2022,10,2022-10,390,204508,Igor Timo,37218.74,3
PODE,2022,10,2022-10,711,204567,Raimundo Costa,29006.32,4
PODE,2022,10,2022-10,523,204359,Léo Moraes,28783.42,5
PODE,2022,10,2022-10,721,178989,Renata Abreu,28343.79,6
PODE,2022,10,2022-10,737,178920,Ricardo Teobaldo,27147.50,7
PODE,2022,10,2022-10,747,204366,Rodrigo Coelho,12665.17,8
PODE,2022,10,2022-10,782,219599,Sargento Alexandre,7610.86,9
PODE,2022,11,2022-11,711,204567,Raimundo Costa,53227.84,1
PODE,2022,11,2022-11,580,75431,Maurício Dziedricki,40560.43,2
PODE,2022,11,2022-11,829,143084,Tiago Dimas,31175.63,3
PODE,2022,11,2022-11,390,204508,Igor Timo,28115.50,4
PODE,2022,11,2022-11,737,178920,Ricardo Teobaldo,27259.70,5
PODE,2022,11,2022-11,523,204359,Léo Moraes,24851.84,6
PODE,2022,11,2022-11,721,178989,Renata Abreu,22238.36,7
PODE,2022,11,2022-11,747,204366,Rodrigo Coelho,14743.18,8
PODE,2022,12,2022-12,737,178920,Ricardo Teobaldo,109048.03,1
PODE,2022,12,2022-12,829,143084,Tiago Dimas,73961.90,2
PODE,2022,12,2022-12,721,178989,Renata Abreu,63182.62,3
PODE,2022,12,2022-12,580,75431,Maurício Dziedricki,48648.46,4
PODE,2022,12,2022-12,711,204567,Raimundo Costa,45439.17,5
PODE,2022,12,2022-12,523,204359,Léo Moraes,41808.69,6
PODE,2022,12,2022-12,390,204508,Igor Timo,19100.30,7
PODE,2022,12,2022-12,747,204366,Rodrigo Coelho,7026.35,8
PODE,2023,1,2023-01,390,204508,Igor Timo,45126.65,1
PODE,2023,1,2023-01,737,178920,Ricardo Teobaldo,43429.16,2
PODE,2023,1,2023-01,580,75431,Maurício Dziedricki,42800.34,3
PODE,2023,1,2023-01,824,180018,Thiago Cartaxo,41573.68,4
PODE,2023,1,2023-01,829,143084,Tiago Dimas,34807.54,5
PODE,2023,1,2023-01,233,178830,Dr. Sinval Malheiros,32343.02,6
PODE,2023,1,2023-01,711,204567,Raimundo Costa,31010.79,7
PODE,2023,1,2023-01,553,204011,Marcos Pacco,29147.33,8
PODE,2023,1,2023-01,721,178989,Renata Abreu,25887.86,9
PODE,2023,1,2023-01,523,204359,Léo Moraes,16613.82,10
PODE,2023,2,2023-02,184,204511,David Soares,36230.45,1
PODE,2023,2,2023-02,751,220641,Rodrigo Gambale,30080.84,2
PODE,2023,2,2023-02,291,220646,Felipe Becari,29565.40,3
PODE,2023,2,2023-02,785,220618,Sargento Portugal,27313.89,4
PODE,2023,2,2023-02,721,178989,Renata Abreu,26873.95,5
PODE,2023,2,2023-02,342,74270,Gilberto Nascimento,26867.94,6
PODE,2023,2,2023-02,203,220705,Deltan Dallagnol,26025.69,7
PODE,2023,2,2023-02,630,204498,Olival Marques,25780.69,8
PODE,2023,2,2023-02,234,220528,Dr. Victor Linhalis,22918.26,9
PODE,2023,2,2023-02,99,220635,Bruno Ganem,22122.99,10
PODE,2023,3,2023-03,776,160635,Ruy Carneiro,83362.34,1
PODE,2023,3,2023-03,293,204398,Felipe Francischini,75040.41,2
PODE,2023,3,2023-03,721,178989,Renata Abreu,65885.85,3
PODE,2023,3,2023-03,630,204498,Olival Marques,55942.25,4
PODE,2023,3,2023-03,751,220641,Rodrigo Gambale,55057.67,5
PODE,2023,3,2023-03,351,204419,Glaustin Da Fokus,49487.73,6
PODE,2023,3,2023-03,99,220635,Bruno Ganem,46537.32,7
PODE,2023,3,2023-03,759,160629,Romero Rodrigues,44101.22,8
PODE,2023,3,2023-03,291,220646,Felipe Becari,39807.85,9
PODE,2023,3,2023-03,184,204511,David Soares,35194.67,10
PODE,2023,4,2023-04,776,160635,Ruy Carneiro,58135.15,1
PODE,2023,4,2023-04,630,204498,Olival Marques,52548.79,2
PODE,2023,4,2023-04,154,220608,Cristiane Lopes,47655.59,3
PODE,2023,4,2023-04,99,220635,Bruno Ganem,43029.60,4
PODE,2023,4,2023-04,342,74270,Gilberto Nascimento,42563.18,5
PODE,2023,4,2023-04,343,220529,Gilson Daniel,36368.85,6
PODE,2023,4,2023-04,184,204511,David Soares,35662.66,7
PODE,2023,4,2023-04,759,160629,Romero Rodrigues,33896.37,8
PODE,2023,4,2023-04,785,220618,Sargento Portugal,32104.20,9
PODE,2023,4,2023-04,242,220540,Duda Ramos,32087.95,10
PODE,2023,5,2023-05,242,220540,Duda Ramos,81236.80,1
PODE,2023,5,2023-05,776,160635,Ruy Carneiro,74069.19,2
PODE,2023,5,2023-05,203,220705,Deltan Dallagnol,69390.09,3
PODE,2023,5,2023-05,99,220635,Bruno Ganem,68108.44,4
PODE,2023,5,2023-05,236,220674,Dra. Alessandra Haber,61012.00,5
PODE,2023,5,2023-05,198,220652,Delegado Palumbo,51028.84,6
PODE,2023,5,2023-05,630,204498,Olival Marques,49193.05,7
PODE,2023,5,2023-05,351,204419,Glaustin Da Fokus,48196.40,8
PODE,2023,5,2023-05,293,204398,Felipe Francischini,47893.20,9
PODE,2023,5,2023-05,721,178989,Renata Abreu,47610.81,10
PODE,2023,6,2023-06,319,220681,Fábio Macedo,77402.37,1
PODE,2023,6,2023-06,532,220648,Marangoni,71979.38,2
PODE,2023,6,2023-06,242,220540,Duda Ramos,67759.73,3
PODE,2023,6,2023-06,271,225730,Enfermeira Ana Paula,60374.68,4
PODE,2023,6,2023-06,236,220674,Dra. Alessandra Haber,56892.00,5
PODE,2023,6,2023-06,99,220635,Bruno Ganem,53917.86,6
PODE,2023,6,2023-06,776,160635,Ruy Carneiro,53458.95,7
PODE,2023,6,2023-06,630,204498,Olival Marques,51429.94,8
PODE,2023,6,2023-06,154,220608,Cristiane Lopes,47906.08,9
PODE,2023,6,2023-06,198,220652,Delegado Palumbo,44252.15,10
PODE,2023,7,2023-07,293,204398,Felipe Francischini,74365.85,1
PODE,2023,7,2023-07,319,220681,Fábio Macedo,70559.63,2
PODE,2023,7,2023-07,351,204419,Glaustin Da Fokus,67380.00,3
PODE,2023,7,2023-07,242,220540,Duda Ramos,66741.33,4
PODE,2023,7,2023-07,236,220674,Dra. Alessandra Haber,57691.23,5
PODE,2023,7,2023-07,776,160635,Ruy Carneiro,51737.56,6
PODE,2023,7,2023-07,630,204498,Olival Marques,50369.78,7
PODE,2023,7,2023-07,154,220608,Cristiane Lopes,47085.81,8
PODE,2023,7,2023-07,271,225730,Enfermeira Ana Paula,43057.00,9
PODE,2023,7,2023-07,613,220622,Nely Aquino,42787.30,10
PODE,2023,8,2023-08,242,220540,Duda Ramos,69446.87,1
PODE,2023,8,2023-08,198,220652,Delegado Palumbo,68825.21,2
PODE,2023,8,2023-08,154,220608,Cristiane Lopes,68533.63,3
PODE,2023,8,2023-08,236,220674,Dra. Alessandra Haber,60551.88,4
PODE,2023,8,2023-08,291,220646,Felipe Becari,55016.96,5
PODE,2023,8,2023-08,271,225730,Enfermeira Ana Paula,52902.24,6
PODE,2023,8,2023-08,319,220681,Fábio Macedo,52042.16,7
PODE,2023,8,2023-08,751,220641,Rodrigo Gambale,46676.39,8
PODE,2023,8,2023-08,776,160635,Ruy Carneiro,44900.34,9
PODE,2023,8,2023-08,721,178989,Renata Abreu,44714.52,10
PODE,2023,9,2023-09,154,220608,Cristiane Lopes,75726.76,1
PODE,2023,9,2023-09,236,220674,Dra. Alessandra Haber,73407.98,2
PODE,2023,9,2023-09,242,220540,Duda Ramos,65431.46,3
PODE,2023,9,2023-09,532,220648,Marangoni,59469.87,4
PODE,2023,9,2023-09,343,220529,Gilson Daniel,57786.78,5
PODE,2023,9,2023-09,776,160635,Ruy Carneiro,55663.98,6
PODE,2023,9,2023-09,319,220681,Fábio Macedo,54567.37,7
PODE,2023,9,2023-09,293,204398,Felipe Francischini,54437.98,8
PODE,2023,9,2023-09,99,220635,Bruno Ganem,49686.46,9
PODE,2023,9,2023-09,198,220652,Delegado Palumbo,49001.85,10
PODE,2023,10,2023-10,613,220622,Nely Aquino,72441.05,1
PODE,2023,10,2023-10,184,204511,David Soares,70011.86,2
PODE,2023,10,2023-10,532,220648,Marangoni,68831.12,3
PODE,2023,10,2023-10,343,220529,Gilson Daniel,66096.12,4
PODE,2023,10,2023-10,319,220681,Fábio Macedo,59166.96,5
PODE,2023,10,2023-10,721,178989,Renata Abreu,57436.99,6
PODE,2023,10,2023-10,630,204498,Olival Marques,56811.68,7
PODE,2023,10,2023-10,293,204398,Felipe Francischini,56518.15,8
PODE,2023,10,2023-10,198,220652,Delegado Palumbo,50984.69,9
PODE,2023,10,2023-10,154,220608,Cristiane Lopes,50355.29,10
PODE,2023,11,2023-11,236,220674,Dra. Alessandra Haber,120863.89,1
PODE,2023,11,2023-11,613,220622,Nely Aquino,79915.44,2
PODE,2023,11,2023-11,154,220608,Cristiane Lopes,79059.70,3
PODE,2023,11,2023-11,343,220529,Gilson Daniel,76260.14,4
PODE,2023,11,2023-11,319,220681,Fábio Macedo,73442.00,5
PODE,2023,11,2023-11,99,220635,Bruno Ganem,73207.96,6
PODE,2023,11,2023-11,184,204511,David Soares,67737.46,7
PODE,2023,11,2023-11,630,204498,Olival Marques,65105.09,8
PODE,2023,11,2023-11,721,178989,Renata Abreu,62694.03,9
PODE,2023,11,2023-11,291,220646,Felipe Becari,50782.29,10
PODE,2023,12,2023-12,234,220528,Dr. Victor Linhalis,183648.00,1
PODE,2023,12,2023-12,291,220646,Felipe Becari,96455.00,2
PODE,2023,12,2023-12,293,204398,Felipe Francischini,82346.01,3
PODE,2023,12,2023-12,532,220648,Marangoni,78317.43,4
PODE,2023,12,2023-12,721,178989,Renata Abreu,68564.44,5
PODE,2023,12,2023-12,343,220529,Gilson Daniel,60659.58,6
PODE,2023,12,2023-12,184,204511,David Soares,60036.14,7
PODE,2023,12,2023-12,154,220608,Cristiane Lopes,52058.75,8
PODE,2023,12,2023-12,630,204498,Olival Marques,51254.02,9
PODE,2023,12,2023-12,759,160629,Romero Rodrigues,49616.28,10
PODE,2024,1,2024-01,184,204511,David Soares,43985.93,1
PODE,2024,1,2024-01,751,220641,Rodrigo Gambale,42205.82,2
PODE,2024,1,2024-01,351,204419,Glaustin Da Fokus,40920.00,3
PODE,2024,1,2024-01,99,220635,Bruno Ganem,40627.39,4
PODE,2024,1,2024-01,342,74270,Gilberto Nascimento,34100.29,5
PODE,2024,1,2024-01,613,220622,Nely Aquino,32252.20,6
PODE,2024,1,2024-01,234,220528,Dr. Victor Linhalis,29322.63,7
PODE,2024,1,2024-01,343,220529,Gilson Daniel,29160.02,8
PODE,2024,1,2024-01,532,220648,Marangoni,28051.11,9
PODE,2024,1,2024-01,776,160635,Ruy Carneiro,28018.95,10
PODE,2024,2,2024-02,532,220648,Marangoni,64891.33,1
PODE,2024,2,2024-02,630,204498,Olival Marques,61803.57,2
PODE,2024,2,2024-02,198,220652,Delegado Palumbo,50392.63,3
PODE,2024,2,2024-02,721,178989,Renata Abreu,49605.62,4
PODE,2024,2,2024-02,343,220529,Gilson Daniel,49508.28,5
PODE,2024,2,2024-02,613,220622,Nely Aquino,47790.30,6
PODE,2024,2,2024-02,154,220608,Cristiane Lopes,47435.79,7
PODE,2024,2,2024-02,234,220528,Dr. Victor Linhalis,44883.76,8
PODE,2024,2,2024-02,99,220635,Bruno Ganem,41630.65,9
PODE,2024,2,2024-02,351,204419,Glaustin Da Fokus,34968.00,10
PODE,2024,3,2024-03,242,220540,Duda Ramos,68252.74,1
PODE,2024,3,2024-03,154,220608,Cristiane Lopes,57596.15,2
PODE,2024,3,2024-03,532,220648,Marangoni,56645.05,3
PODE,2024,3,2024-03,198,220652,Delegado Palumbo,52387.60,4
PODE,2024,3,2024-03,342,74270,Gilberto Nascimento,49745.48,5
PODE,2024,3,2024-03,343,220529,Gilson Daniel,48156.08,6
PODE,2024,3,2024-03,99,220635,Bruno Ganem,46236.41,7
PODE,2024,3,2024-03,751,220641,Rodrigo Gambale,41163.25,8
PODE,2024,3,2024-03,234,220528,Dr. Victor Linhalis,41091.74,9
PODE,2024,3,2024-03,759,160629,Romero Rodrigues,40793.19,10
PODE,2024,4,2024-04,351,204419,Glaustin Da Fokus,80310.00,1
PODE,2024,4,2024-04,343,220529,Gilson Daniel,79669.16,2
PODE,2024,4,2024-04,236,220674,Dra. Alessandra Haber,78469.66,3
PODE,2024,4,2024-04,721,178989,Renata Abreu,75677.05,4
PODE,2024,4,2024-04,234,220528,Dr. Victor Linhalis,63952.41,5
PODE,2024,4,2024-04,154,220608,Cristiane Lopes,50931.41,6
PODE,2024,4,2024-04,613,220622,Nely Aquino,49252.96,7
PODE,2024,4,2024-04,319,220681,Fábio Macedo,49000.00,8
PODE,2024,4,2024-04,630,204498,Olival Marques,46871.70,9
PODE,2024,4,2024-04,759,160629,Romero Rodrigues,45847.39,10
PODE,2024,5,2024-05,613,220622,Nely Aquino,69809.78,1
PODE,2024,5,2024-05,342,74270,Gilberto Nascimento,59030.06,2
PODE,2024,5,2024-05,99,220635,Bruno Ganem,55002.60,3
PODE,2024,5,2024-05,630,204498,Olival Marques,53311.86,4
PODE,2024,5,2024-05,319,220681,Fábio Macedo,52519.07,5
PODE,2024,5,2024-05,343,220529,Gilson Daniel,50299.58,6
PODE,2024,5,2024-05,759,160629,Romero Rodrigues,49493.60,7
PODE,2024,5,2024-05,154,220608,Cristiane Lopes,48055.95,8
PODE,2024,5,2024-05,198,220652,Delegado Palumbo,42533.82,9
PODE,2024,5,2024-05,751,220641,Rodrigo Gambale,36367.44,10
PODE,2024,6,2024-06,630,204498,Olival Marques,61075.85,1
PODE,2024,6,2024-06,234,220528,Dr. Victor Linhalis,55305.64,2
PODE,2024,6,2024-06,342,74270,Gilberto Nascimento,50888.26,3
PODE,2024,6,2024-06,154,220608,Cristiane Lopes,48765.00,4
PODE,2024,6,2024-06,319,220681,Fábio Macedo,47609.81,5
PODE,2024,6,2024-06,293,204398,Felipe Francischini,44177.38,6
PODE,2024,6,2024-06,198,220652,Delegado Palumbo,44080.12,7
PODE,2024,6,2024-06,751,220641,Rodrigo Gambale,38679.17,8
PODE,2024,6,2024-06,343,220529,Gilson Daniel,37935.88,9
PODE,2024,6,2024-06,721,178989,Renata Abreu,37613.54,10
PODE,2024,7,2024-07,184,204511,David Soares,77303.87,1
PODE,2024,7,2024-07,293,204398,Felipe Francischini,76278.97,2
PODE,2024,7,2024-07,613,220622,Nely Aquino,57908.05,3
PODE,2024,7,2024-07,630,204498,Olival Marques,52531.48,4
PODE,2024,7,2024-07,475,122195,Leonardo Gadelha,51455.18,5
PODE,2024,7,2024-07,532,220648,Marangoni,49597.12,6
PODE,2024,7,2024-07,154,220608,Cristiane Lopes,45482.89,7
PODE,2024,7,2024-07,351,204419,Glaustin Da Fokus,44580.00,8
PODE,2024,7,2024-07,343,220529,Gilson Daniel,44373.27,9
PODE,2024,7,2024-07,236,220674,Dra. Alessandra Haber,42885.41,10
PODE,2024,8,2024-08,242,220540,Duda Ramos,101623.32,1
PODE,2024,8,2024-08,630,204498,Olival Marques,63792.42,2
PODE,2024,8,2024-08,343,220529,Gilson Daniel,50093.64,3
PODE,2024,8,2024-08,174,228941,Daniel José,46927.58,4
PODE,2024,8,2024-08,508,73778,Luiz Carlos Hauly,45857.33,5
PODE,2024,8,2024-08,532,220648,Marangoni,41738.04,6
PODE,2024,8,2024-08,351,204419,Glaustin Da Fokus,40789.00,7
PODE,2024,8,2024-08,751,220641,Rodrigo Gambale,38494.88,8
PODE,2024,8,2024-08,198,220652,Delegado Palumbo,37606.34,9
PODE,2024,8,2024-08,613,220622,Nely Aquino,37206.72,10
PODE,2024,9,2024-09,613,220622,Nely Aquino,61870.72,1
PODE,2024,9,2024-09,184,204511,David Soares,55363.98,2
PODE,2024,9,2024-09,154,220608,Cristiane Lopes,54902.99,3
PODE,2024,9,2024-09,532,220648,Marangoni,50999.51,4
PODE,2024,9,2024-09,475,122195,Leonardo Gadelha,49673.83,5
PODE,2024,9,2024-09,630,204498,Olival Marques,46901.04,6
PODE,2024,9,2024-09,508,73778,Luiz Carlos Hauly,45235.65,7
PODE,2024,9,2024-09,612,204449,Nelson Barbudo,40569.56,8
PODE,2024,9,2024-09,342,74270,Gilberto Nascimento,39346.87,9
PODE,2024,9,2024-09,351,204419,Glaustin Da Fokus,38000.00,10
PODE,2024,10,2024-10,293,204398,Felipe Francischini,54020.04,1
PODE,2024,10,2024-10,532,220648,Marangoni,47157.78,2
PODE,2024,10,2024-10,630,204498,Olival Marques,46950.43,3
PODE,2024,10,2024-10,342,74270,Gilberto Nascimento,44508.97,4
PODE,2024,10,2024-10,236,220674,Dra. Alessandra Haber,42021.07,5
PODE,2024,10,2024-10,508,73778,Luiz Carlos Hauly,41237.18,6
PODE,2024,10,2024-10,343,220529,Gilson Daniel,38822.78,7
PODE,2024,10,2024-10,174,228941,Daniel José,38520.91,8
PODE,2024,10,2024-10,198,220652,Delegado Palumbo,36589.34,9
PODE,2024,10,2024-10,184,204511,David Soares,32673.24,10
PODE,2024,11,2024-11,612,204449,Nelson Barbudo,87723.69,1
PODE,2024,11,2024-11,293,204398,Felipe Francischini,74740.93,2
PODE,2024,11,2024-11,721,178989,Renata Abreu,69208.03,3
PODE,2024,11,2024-11,234,220528,Dr. Victor Linhalis,61692.70,4
PODE,2024,11,2024-11,630,204498,Olival Marques,57385.54,5
PODE,2024,11,2024-11,342,74270,Gilberto Nascimento,56970.62,6
PODE,2024,11,2024-11,759,160629,Romero Rodrigues,53390.84,7
PODE,2024,11,2024-11,154,220608,Cristiane Lopes,44862.40,8
PODE,2024,11,2024-11,532,220648,Marangoni,44609.63,9
PODE,2024,11,2024-11,198,220652,Delegado Palumbo,44155.48,10
PODE,2024,12,2024-12,242,220540,Duda Ramos,207428.15,1
PODE,2024,12,2024-12,785,220618,Sargento Portugal,179088.76,2
PODE,2024,12,2024-12,351,204419,Glaustin Da Fokus,99044.00,3
PODE,2024,12,2024-12,319,220681,Fábio Macedo,90039.54,4
PODE,2024,12,2024-12,612,204449,Nelson Barbudo,87807.32,5
PODE,2024,12,2024-12,293,204398,Felipe Francischini,86506.72,6
PODE,2024,12,2024-12,154,220608,Cristiane Lopes,84765.05,7
PODE,2024,12,2024-12,342,74270,Gilberto Nascimento,64751.22,8
PODE,2024,12,2024-12,776,160635,Ruy Carneiro,63301.08,9
PODE,2024,12,2024-12,236,220674,Dra. Alessandra Haber,58085.96,10
PODE,2025,1,2025-01,759,160629,Romero Rodrigues,72153.94,1
PODE,2025,1,2025-01,234,220528,Dr. Victor Linhalis,56715.84,2
PODE,2025,1,2025-01,725,175765,Ribamar Silva,47959.82,3
PODE,2025,1,2025-01,776,160635,Ruy Carneiro,47349.65,4
PODE,2025,1,2025-01,342,74270,Gilberto Nascimento,43376.64,5
PODE,2025,1,2025-01,184,204511,David Soares,42797.86,6
PODE,2025,1,2025-01,154,220608,Cristiane Lopes,42240.20,7
PODE,2025,1,2025-01,532,220648,Marangoni,40615.21,8
PODE,2025,1,2025-01,785,220618,Sargento Portugal,38632.09,9
PODE,2025,1,2025-01,198,220652,Delegado Palumbo,38587.83,10
PODE,2025,2,2025-02,236,220674,Dra. Alessandra Haber,119614.42,1
PODE,2025,2,2025-02,776,160635,Ruy Carneiro,101952.65,2
PODE,2025,2,2025-02,612,204449,Nelson Barbudo,63310.06,3
PODE,2025,2,2025-02,342,74270,Gilberto Nascimento,61107.49,4
PODE,2025,2,2025-02,532,220648,Marangoni,56224.42,5
PODE,2025,2,2025-02,351,204419,Glaustin Da Fokus,53070.00,6
PODE,2025,2,2025-02,343,220529,Gilson Daniel,51160.16,7
PODE,2025,2,2025-02,191,220642,Delegado Bruno Lima,49614.74,8
PODE,2025,2,2025-02,630,204498,Olival Marques,49570.13,9
PODE,2025,2,2025-02,271,225730,Enfermeira Ana Paula,47500.45,10
PODE,2025,3,2025-03,99,220635,Bruno Ganem,66496.32,1
PODE,2025,3,2025-03,759,160629,Romero Rodrigues,52232.06,2
PODE,2025,3,2025-03,612,204449,Nelson Barbudo,51333.46,3
PODE,2025,3,2025-03,343,220529,Gilson Daniel,49198.45,4
PODE,2025,3,2025-03,234,220528,Dr. Victor Linhalis,48510.19,5
PODE,2025,3,2025-03,351,204419,Glaustin Da Fokus,48383.80,6
PODE,2025,3,2025-03,154,220608,Cristiane Lopes,48137.46,7
PODE,2025,3,2025-03,198,220652,Delegado Palumbo,45660.78,8
PODE,2025,3,2025-03,191,220642,Delegado Bruno Lima,45623.70,9
PODE,2025,3,2025-03,342,74270,Gilberto Nascimento,44273.60,10
PODE,2025,4,2025-04,630,204498,Olival Marques,67143.89,1
PODE,2025,4,2025-04,721,178989,Renata Abreu,62346.00,2
PODE,2025,4,2025-04,751,220641,Rodrigo Gambale,59495.89,3
PODE,2025,4,2025-04,612,204449,Nelson Barbudo,54825.52,4
PODE,2025,4,2025-04,759,160629,Romero Rodrigues,54688.70,5
PODE,2025,4,2025-04,351,204419,Glaustin Da Fokus,53680.00,6
PODE,2025,4,2025-04,342,74270,Gilberto Nascimento,49836.00,7
PODE,2025,4,2025-04,271,225730,Enfermeira Ana Paula,49221.14,8
PODE,2025,4,2025-04,191,220642,Delegado Bruno Lima,47461.52,9
PODE,2025,4,2025-04,785,220618,Sargento Portugal,45531.62,10
PODE,2025,5,2025-05,721,178989,Renata Abreu,78228.92,1
PODE,2025,5,2025-05,236,220674,Dra. Alessandra Haber,78087.17,2
PODE,2025,5,2025-05,630,204498,Olival Marques,69854.25,3
PODE,2025,5,2025-05,99,220635,Bruno Ganem,69387.63,4
PODE,2025,5,2025-05,776,160635,Ruy Carneiro,60021.79,5
PODE,2025,5,2025-05,751,220641,Rodrigo Gambale,57218.19,6
PODE,2025,5,2025-05,343,220529,Gilson Daniel,56459.39,7
PODE,2025,5,2025-05,242,220540,Duda Ramos,50247.78,8
PODE,2025,5,2025-05,271,225730,Enfermeira Ana Paula,49942.29,9
PODE,2025,5,2025-05,319,220681,Fábio Macedo,49000.00,10
PODE,2025,6,2025-06,759,160629,Romero Rodrigues,68555.12,1
PODE,2025,6,2025-06,242,220540,Duda Ramos,65943.14,2
PODE,2025,6,2025-06,236,220674,Dra. Alessandra Haber,58946.46,3
PODE,2025,6,2025-06,508,73778,Luiz Carlos Hauly,58736.87,4
PODE,2025,6,2025-06,751,220641,Rodrigo Gambale,56449.84,5
PODE,2025,6,2025-06,154,220608,Cristiane Lopes,55606.84,6
PODE,2025,6,2025-06,721,178989,Renata Abreu,55365.03,7
PODE,2025,6,2025-06,776,160635,Ruy Carneiro,54483.18,8
PODE,2025,6,2025-06,785,220618,Sargento Portugal,51241.78,9
PODE,2025,6,2025-06,293,204398,Felipe Francischini,50176.74,10
PODE,2025,7,2025-07,154,220608,Cristiane Lopes,66370.16,1
PODE,2025,7,2025-07,191,220642,Delegado Bruno Lima,64753.40,2
PODE,2025,7,2025-07,630,204498,Olival Marques,63320.99,3
PODE,2025,7,2025-07,271,225730,Enfermeira Ana Paula,62691.18,4
PODE,2025,7,2025-07,293,204398,Felipe Francischini,61487.92,5
PODE,2025,7,2025-07,508,73778,Luiz Carlos Hauly,61079.89,6
PODE,2025,7,2025-07,776,160635,Ruy Carneiro,60797.97,7
PODE,2025,7,2025-07,612,204449,Nelson Barbudo,57588.80,8
PODE,2025,7,2025-07,613,220622,Nely Aquino,54132.05,9
PODE,2025,7,2025-07,751,220641,Rodrigo Gambale,50832.82,10
PODE,2025,8,2025-08,184,204511,David Soares,71132.87,1
PODE,2025,8,2025-08,759,160629,Romero Rodrigues,55654.59,2
PODE,2025,8,2025-08,154,220608,Cristiane Lopes,50571.61,3
PODE,2025,8,2025-08,776,160635,Ruy Carneiro,49675.92,4
PODE,2025,8,2025-08,508,73778,Luiz Carlos Hauly,47315.32,5
PODE,2025,8,2025-08,342,74270,Gilberto Nascimento,45735.53,6
PODE,2025,8,2025-08,721,178989,Renata Abreu,44171.94,7
PODE,2025,8,2025-08,242,220540,Duda Ramos,41233.80,8
PODE,2025,8,2025-08,532,220648,Marangoni,39012.66,9
PODE,2025,8,2025-08,99,220635,Bruno Ganem,38172.13,10
PODE,2025,9,2025-09,776,160635,Ruy Carneiro,66983.89,1
PODE,2025,9,2025-09,242,220540,Duda Ramos,51198.85,2
PODE,2025,9,2025-09,759,160629,Romero Rodrigues,47676.18,3
PODE,2025,9,2025-09,613,220622,Nely Aquino,47306.80,4
PODE,2025,9,2025-09,154,220608,Cristiane Lopes,46398.73,5
PODE,2025,9,2025-09,191,220642,Delegado Bruno Lima,45858.68,6
PODE,2025,9,2025-09,707,233594,Rafael Fera,45681.55,7
PODE,2025,9,2025-09,785,220618,Sargento Portugal,44971.81,8
PODE,2025,9,2025-09,751,220641,Rodrigo Gambale,44607.66,9
PODE,2025,9,2025-09,342,74270,Gilberto Nascimento,38752.51,10
PODE,2025,10,2025-10,319,220681,Fábio Macedo,79000.00,1
PODE,2025,10,2025-10,778,233598,Samuel Santos,61106.10,2
PODE,2025,10,2025-10,776,160635,Ruy Carneiro,57015.64,3
PODE,2025,10,2025-10,759,160629,Romero Rodrigues,50585.60,4
PODE,2025,10,2025-10,725,175765,Ribamar Silva,49570.26,5
PODE,2025,10,2025-10,532,220648,Marangoni,45120.82,6
PODE,2025,10,2025-10,191,220642,Delegado Bruno Lima,43353.53,7
PODE,2025,10,2025-10,154,220608,Cristiane Lopes,42218.44,8
PODE,2025,10,2025-10,613,220622,Nely Aquino,41916.90,9
PODE,2025,10,2025-10,342,74270,Gilberto Nascimento,41288.67,10
PODE,2025,11,2025-11,319,220681,Fábio Macedo,165000.00,1
PODE,2025,11,2025-11,293,204398,Felipe Francischini,81587.69,2
PODE,2025,11,2025-11,99,220635,Bruno Ganem,67885.39,3
PODE,2025,11,2025-11,776,160635,Ruy Carneiro,60040.84,4
PODE,2025,11,2025-11,184,204511,David Soares,53322.86,5
PODE,2025,11,2025-11,778,233598,Samuel Santos,50342.27,6
PODE,2025,11,2025-11,234,220528,Dr. Victor Linhalis,48986.86,7
PODE,2025,11,2025-11,759,160629,Romero Rodrigues,47464.77,8
PODE,2025,11,2025-11,532,220648,Marangoni,45802.31,9
PODE,2025,11,2025-11,154,220608,Cristiane Lopes,41788.04,10
PODE,2025,12,2025-12,829,143084,Tiago Dimas,104971.24,1
PODE,2025,12,2025-12,319,220681,Fábio Macedo,94000.00,2
PODE,2025,12,2025-12,234,220528,Dr. Victor Linhalis,92839.72,3
PODE,2025,12,2025-12,293,204398,Felipe Francischini,89509.32,4
PODE,2025,12,2025-12,343,220529,Gilson Daniel,76227.44,5
PODE,2025,12,2025-12,291,220646,Felipe Becari,73133.68,6
PODE,2025,12,2025-12,271,225730,Enfermeira Ana Paula,57461.19,7
PODE,2025,12,2025-12,707,233594,Rafael Fera,55749.43,8
PODE,2025,12,2025-12,721,178989,Renata Abreu,46096.84,9
PODE,2025,12,2025-12,154,220608,Cristiane Lopes,45887.20,10
PODE,2026,1,2026-01,154,220608,Cristiane Lopes,78390.52,1
PODE,2026,1,2026-01,99,220635,Bruno Ganem,67664.91,2
PODE,2026,1,2026-01,291,220646,Felipe Becari,59863.75,3
PODE,2026,1,2026-01,707,233594,Rafael Fera,48395.39,4
PODE,2026,1,2026-01,725,175765,Ribamar Silva,48183.30,5
PODE,2026,1,2026-01,191,220642,Delegado Bruno Lima,47059.45,6
PODE,2026,1,2026-01,759,160629,Romero Rodrigues,43485.67,7
PODE,2026,1,2026-01,351,204419,Glaustin Da Fokus,37327.00,8
PODE,2026,1,2026-01,789,77003,Sergio Santos Rodrigues,34379.91,9
PODE,2026,1,2026-01,198,220652,Delegado Palumbo,33804.29,10
PODE,2026,2,2026-02,234,220528,Dr. Victor Linhalis,78169.71,1
PODE,2026,2,2026-02,343,220529,Gilson Daniel,55482.67,2
PODE,2026,2,2026-02,776,160635,Ruy Carneiro,51282.33,3
PODE,2026,2,2026-02,721,178989,Renata Abreu,50013.00,4
PODE,2026,2,2026-02,630,204498,Olival Marques,50000.00,5
PODE,2026,2,2026-02,759,160629,Romero Rodrigues,48519.59,6
PODE,2026,2,2026-02,508,73778,Luiz Carlos Hauly,46368.19,7
PODE,2026,2,2026-02,236,220674,Dra. Alessandra Haber,45060.00,8
PODE,2026,2,2026-02,707,233594,Rafael Fera,44911.79,9
PODE,2026,2,2026-02,785,220618,Sargento Portugal,43760.00,10
PODE,2026,3,2026-03,319,220681,Fábio Macedo,106000.00,1
PODE,2026,3,2026-03,234,220528,Dr. Victor Linhalis,83651.56,2
PODE,2026,3,2026-03,271,225730,Enfermeira Ana Paula,80704.08,3
PODE,2026,3,2026-03,351,204419,Glaustin Da Fokus,65454.00,4
PODE,2026,3,2026-03,725,175765,Ribamar Silva,63252.79,5
PODE,2026,3,2026-03,776,160635,Ruy Carneiro,55362.20,6
PODE,2026,3,2026-03,291,220646,Felipe Becari,54577.09,7
PODE,2026,3,2026-03,242,220540,Duda Ramos,53761.99,8
PODE,2026,3,2026-03,759,160629,Romero Rodrigues,53237.11,9
PODE,2026,3,2026-03,154,220608,Cristiane Lopes,51983.67,10
PODE,2026,4,2026-04,776,160635,Ruy Carneiro,56148.95,1
PODE,2026,4,2026-04,508,73778,Luiz Carlos Hauly,51965.40,2
PODE,2026,4,2026-04,707,233594,Rafael Fera,49977.72,3
PODE,2026,4,2026-04,191,220642,Delegado Bruno Lima,48460.49,4
PODE,2026,4,2026-04,351,204419,Glaustin Da Fokus,42198.00,5
PODE,2026,4,2026-04,759,160629,Romero Rodrigues,40715.25,6
PODE,2026,4,2026-04,630,204498,Olival Marques,40000.00,7
PODE,2026,4,2026-04,99,220635,Bruno Ganem,37940.75,8
PODE,2026,4,2026-04,829,143084,Tiago Dimas,37388.63,9
PODE,2026,4,2026-04,184,204511,David Soares,36180.35,10
PP,,,,521,220669,Lula Da Fonte,16462.96,1
PP,,,,40,226708,Allan Garcês,13367.19,2
PP,,,,141,74537,Claudio Cajado,12799.96,3
PP,,,,218,204450,Doutor Luizinho,11582.43,4
PP,,,,231,204351,Dr. Luiz Ovando,10997.86,5
PP,,,,834,178934,Toninho Wandscheer,10650.41,6
PP,,,,163,141411,Dagoberto Nogueira,10171.53,7
PP,,,,212,160599,Dimas Fabiano,9882.23,8
PP,,,,575,220647,Mauricio Neves,8957.41,9
PP,,,,194,220583,Delegado Fabio Costa,7629.16,10
PP,2021,12,2021-12,577,74749,Mauro Lopes,9237.54,1
PP,2021,12,2021-12,834,178934,Toninho Wandscheer,5755.94,2
PP,2021,12,2021-12,615,146307,Neri Geller,3500.00,3
PP,2021,12,2021-12,676,215045,Pedro Augusto Palareti,2910.00,4
PP,2021,12,2021-12,534,146788,Marcelo Aro,1712.50,5
PP,2021,12,2021-12,627,66179,Norma Ayub,1626.07,6
PP,2021,12,2021-12,153,178963,Covatti Filho,975.03,7
PP,2021,12,2021-12,281,178871,Evair Vieira De Melo,477.08,8
PP,2021,12,2021-12,141,74537,Claudio Cajado,444.34,9
PP,2022,1,2022-01,760,178861,Ronaldo Carletto,38444.62,1
PP,2022,1,2022-01,849,137070,Vicentinho Júnior,36919.64,2
PP,2022,1,2022-01,676,215045,Pedro Augusto Palareti,36237.26,3
PP,2022,1,2022-01,834,178934,Toninho Wandscheer,35451.76,4
PP,2022,1,2022-01,53,178831,André Abdon,35268.37,5
PP,2022,1,2022-01,617,74165,Neucimar Fraga,34312.27,6
PP,2022,1,2022-01,138,204440,Christino Aureo,33867.99,7
PP,2022,1,2022-01,10,141372,Aelton Freitas,33300.70,8
PP,2022,1,2022-01,558,204430,Margarete Coelho,32622.41,9
PP,2022,1,2022-01,382,178959,Hiran Gonçalves,32451.73,10
PP,2022,2,2022-02,162,204355,Da Vitoria,64149.22,1
PP,2022,2,2022-02,153,178963,Covatti Filho,61273.46,2
PP,2022,2,2022-02,53,178831,André Abdon,58125.79,3
PP,2022,2,2022-02,687,204406,Pedro Westphalen,58012.61,4
PP,2022,2,2022-02,690,204524,Pinheirinho,54227.88,5
PP,2022,2,2022-02,281,178871,Evair Vieira De Melo,46717.54,6
PP,2022,2,2022-02,12,136811,Afonso Hamm,46026.74,7
PP,2022,2,2022-02,405,160570,Jerônimo Goergen,45428.44,8
PP,2022,2,2022-02,758,178930,Roman,44647.12,9
PP,2022,2,2022-02,676,215045,Pedro Augusto Palareti,44493.38,10
PP,2022,3,2022-03,429,204391,José Nelto,75959.15,1
PP,2022,3,2022-03,296,204477,Felício Laterça,65961.19,2
PP,2022,3,2022-03,558,204430,Margarete Coelho,61679.72,3
PP,2022,3,2022-03,156,135054,Cristiano Vale,60832.55,4
PP,2022,3,2022-03,471,204375,Leda Sadala,59938.30,5
PP,2022,3,2022-03,570,178843,Marx Beltrão,56799.89,6
PP,2022,3,2022-03,882,74459,Átila Lira,55894.59,7
PP,2022,3,2022-03,301,92699,Fernando Monteiro,55787.16,8
PP,2022,3,2022-03,12,136811,Afonso Hamm,55045.77,9
PP,2022,3,2022-03,392,67138,Iracema Portella,54705.11,10
PP,2022,4,2022-04,382,178959,Hiran Gonçalves,68080.78,1
PP,2022,4,2022-04,12,136811,Afonso Hamm,65458.13,2
PP,2022,4,2022-04,402,108338,Jaqueline Cassol,62603.96,3
PP,2022,4,2022-04,464,151208,Laercio Oliveira,62547.59,4
PP,2022,4,2022-04,607,178858,Mário Negromonte Jr.,60645.44,5
PP,2022,4,2022-04,676,215045,Pedro Augusto Palareti,59919.32,6
PP,2022,4,2022-04,231,204351,Dr. Luiz Ovando,58182.81,7
PP,2022,4,2022-04,534,146788,Marcelo Aro,56747.87,8
PP,2022,4,2022-04,577,74749,Mauro Lopes,55739.25,9
PP,2022,4,2022-04,471,204375,Leda Sadala,55550.26,10
PP,2022,5,2022-05,16,204549,Aj Albuquerque,84853.32,1
PP,2022,5,2022-05,402,108338,Jaqueline Cassol,76040.92,2
PP,2022,5,2022-05,382,178959,Hiran Gonçalves,70601.31,3
PP,2022,5,2022-05,617,74165,Neucimar Fraga,70487.37,4
PP,2022,5,2022-05,290,66828,Fausto Pinato,68531.19,5
PP,2022,5,2022-05,485,196358,Lourival Gomes,68110.64,6
PP,2022,5,2022-05,615,146307,Neri Geller,66763.43,7
PP,2022,5,2022-05,505,204448,Luiz Antonio Corrêa,63267.62,8
PP,2022,5,2022-05,153,178963,Covatti Filho,60618.80,9
PP,2022,5,2022-05,12,136811,Afonso Hamm,58713.51,10
PP,2022,6,2022-06,534,146788,Marcelo Aro,65779.80,1
PP,2022,6,2022-06,101,93083,Cacá Leão,52534.75,2
PP,2022,6,2022-06,634,73463,Osmar Serraglio,51554.03,3
PP,2022,6,2022-06,58,178882,André Fufuca,49880.47,4
PP,2022,6,2022-06,485,196358,Lourival Gomes,48197.14,5
PP,2022,6,2022-06,153,178963,Covatti Filho,47075.51,6
PP,2022,6,2022-06,676,215045,Pedro Augusto Palareti,46580.04,7
PP,2022,6,2022-06,405,160570,Jerônimo Goergen,45243.89,8
PP,2022,6,2022-06,137,178928,Christiane De Souza Yared,42528.58,9
PP,2022,6,2022-06,849,137070,Vicentinho Júnior,41858.36,10
PP,2022,7,2022-07,729,73788,Ricardo Barros,54347.22,1
PP,2022,7,2022-07,634,73463,Osmar Serraglio,50976.24,2
PP,2022,7,2022-07,12,136811,Afonso Hamm,49566.50,3
PP,2022,7,2022-07,558,204430,Margarete Coelho,46897.32,4
PP,2022,7,2022-07,849,137070,Vicentinho Júnior,45973.22,5
PP,2022,7,2022-07,464,151208,Laercio Oliveira,43012.06,6
PP,2022,7,2022-07,429,204391,José Nelto,42475.93,7
PP,2022,7,2022-07,212,160599,Dimas Fabiano,41760.48,8
PP,2022,7,2022-07,290,66828,Fausto Pinato,41509.14,9
PP,2022,7,2022-07,101,93083,Cacá Leão,40708.09,10
PP,2022,8,2022-08,634,73463,Osmar Serraglio,56603.95,1
PP,2022,8,2022-08,615,146307,Neri Geller,53444.48,2
PP,2022,8,2022-08,471,204375,Leda Sadala,49495.86,3
PP,2022,8,2022-08,549,219585,Marco Brasil,42542.74,4
PP,2022,8,2022-08,676,215045,Pedro Augusto Palareti,39941.03,5
PP,2022,8,2022-08,101,93083,Cacá Leão,37164.13,6
PP,2022,8,2022-08,156,135054,Cristiano Vale,36910.48,7
PP,2022,8,2022-08,405,160570,Jerônimo Goergen,35825.78,8
PP,2022,8,2022-08,212,160599,Dimas Fabiano,34909.01,9
PP,2022,8,2022-08,729,73788,Ricardo Barros,33634.55,10
PP,2022,9,2022-09,405,160570,Jerônimo Goergen,43564.52,1
PP,2022,9,2022-09,429,204391,José Nelto,39082.77,2
PP,2022,9,2022-09,301,92699,Fernando Monteiro,34735.20,3
PP,2022,9,2022-09,156,135054,Cristiano Vale,32174.60,4
PP,2022,9,2022-09,849,137070,Vicentinho Júnior,30409.28,5
PP,2022,9,2022-09,882,74459,Átila Lira,30043.43,6
PP,2022,9,2022-09,254,141421,Eduardo Da Fonte,28905.90,7
PP,2022,9,2022-09,290,66828,Fausto Pinato,27728.45,8
PP,2022,9,2022-09,577,74749,Mauro Lopes,27305.44,9
PP,2022,9,2022-09,162,204355,Da Vitoria,25556.45,10
PP,2022,10,2022-10,87,178948,Beto Rosado,101566.89,1
PP,2022,10,2022-10,522,141480,Lázaro Botelho,74583.68,2
PP,2022,10,2022-10,264,220008,Eliza Virgínia,63851.65,3
PP,2022,10,2022-10,882,74459,Átila Lira,53120.90,4
PP,2022,10,2022-10,849,137070,Vicentinho Júnior,53061.74,5
PP,2022,10,2022-10,729,73788,Ricardo Barros,51291.33,6
PP,2022,10,2022-10,558,204430,Margarete Coelho,51219.81,7
PP,2022,10,2022-10,505,204448,Luiz Antonio Corrêa,49651.99,8
PP,2022,10,2022-10,296,204477,Felício Laterça,47363.47,9
PP,2022,10,2022-10,53,178831,André Abdon,46560.53,10
PP,2022,11,2022-11,137,178928,Christiane De Souza Yared,111917.09,1
PP,2022,11,2022-11,570,178843,Marx Beltrão,103187.13,2
PP,2022,11,2022-11,53,178831,André Abdon,93763.36,3
PP,2022,11,2022-11,153,178963,Covatti Filho,86031.73,4
PP,2022,11,2022-11,9,121948,Adriano Do Baldy,72044.23,5
PP,2022,11,2022-11,254,141421,Eduardo Da Fonte,65975.45,6
PP,2022,11,2022-11,16,204549,Aj Albuquerque,63659.81,7
PP,2022,11,2022-11,634,73463,Osmar Serraglio,60863.47,8
PP,2022,11,2022-11,687,204406,Pedro Westphalen,59823.81,9
PP,2022,11,2022-11,132,204490,Charlles Evangelista,59652.47,10
PP,2022,12,2022-12,402,108338,Jaqueline Cassol,148977.60,1
PP,2022,12,2022-12,607,178858,Mário Negromonte Jr.,140359.44,2
PP,2022,12,2022-12,16,204549,Aj Albuquerque,117183.10,3
PP,2022,12,2022-12,464,151208,Laercio Oliveira,101339.76,4
PP,2022,12,2022-12,570,178843,Marx Beltrão,90526.76,5
PP,2022,12,2022-12,729,73788,Ricardo Barros,82610.44,6
PP,2022,12,2022-12,58,178882,André Fufuca,79100.97,7
PP,2022,12,2022-12,760,178861,Ronaldo Carletto,74846.16,8
PP,2022,12,2022-12,471,204375,Leda Sadala,73845.90,9
PP,2022,12,2022-12,231,204351,Dr. Luiz Ovando,70966.98,10
PP,2023,1,2023-01,156,135054,Cristiano Vale,85563.78,1
PP,2023,1,2023-01,382,178959,Hiran Gonçalves,75151.28,2
PP,2023,1,2023-01,392,67138,Iracema Portella,70374.87,3
PP,2023,1,2023-01,281,178871,Evair Vieira De Melo,62473.06,4
PP,2023,1,2023-01,485,196358,Lourival Gomes,54604.78,5
PP,2023,1,2023-01,834,178934,Toninho Wandscheer,47244.21,6
PP,2023,1,2023-01,153,178963,Covatti Filho,45531.42,7
PP,2023,1,2023-01,615,146307,Neri Geller,43762.38,8
PP,2023,1,2023-01,687,204406,Pedro Westphalen,43529.34,9
PP,2023,1,2023-01,760,178861,Ronaldo Carletto,43436.94,10
PP,2023,2,2023-02,439,141459,João Maia,80481.49,1
PP,2023,2,2023-02,883,123086,Átila Lira,51522.13,2
PP,2023,2,2023-02,834,178934,Toninho Wandscheer,46445.19,3
PP,2023,2,2023-02,14,160527,Aguinaldo Ribeiro,46317.32,4
PP,2023,2,2023-02,254,141421,Eduardo Da Fonte,45638.09,5
PP,2023,2,2023-02,194,220583,Delegado Fabio Costa,43970.35,6
PP,2023,2,2023-02,153,178963,Covatti Filho,38975.48,7
PP,2023,2,2023-02,438,74550,João Leão,37738.73,8
PP,2023,2,2023-02,690,204524,Pinheirinho,37453.60,9
PP,2023,2,2023-02,449,74253,Julio Lopes,37052.79,10
PP,2023,3,2023-03,153,178963,Covatti Filho,74777.88,1
PP,2023,3,2023-03,872,220592,Zezinho Barbary,69839.16,2
PP,2023,3,2023-03,254,141421,Eduardo Da Fonte,62673.40,3
PP,2023,3,2023-03,141,74537,Claudio Cajado,62364.96,4
PP,2023,3,2023-03,180,62881,Danilo Forte,58319.62,5
PP,2023,3,2023-03,687,204406,Pedro Westphalen,57715.21,6
PP,2023,3,2023-03,12,136811,Afonso Hamm,57672.19,7
PP,2023,3,2023-03,151,222142,Coronel Telhada,57608.88,8
PP,2023,3,2023-03,447,66385,Julio Arcoverde,55501.47,9
PP,2023,3,2023-03,883,123086,Átila Lira,55257.96,10
PP,2023,4,2023-04,797,204360,Silvia Cristina,66286.22,1
PP,2023,4,2023-04,447,66385,Julio Arcoverde,62441.45,2
PP,2023,4,2023-04,141,74537,Claudio Cajado,55321.24,3
PP,2023,4,2023-04,194,220583,Delegado Fabio Costa,51578.81,4
PP,2023,4,2023-04,872,220592,Zezinho Barbary,48184.07,5
PP,2023,4,2023-04,153,178963,Covatti Filho,46284.06,6
PP,2023,4,2023-04,14,160527,Aguinaldo Ribeiro,45851.49,7
PP,2023,4,2023-04,834,178934,Toninho Wandscheer,45175.80,8
PP,2023,4,2023-04,210,73768,Dilceu Sperafico,43801.51,9
PP,2023,4,2023-04,45,204356,Amaro Neto,43789.31,10
PP,2023,5,2023-05,439,141459,João Maia,66357.46,1
PP,2023,5,2023-05,48,107970,Ana Paula Leão,65270.69,2
PP,2023,5,2023-05,522,141480,Lázaro Botelho,63095.08,3
PP,2023,5,2023-05,797,204360,Silvia Cristina,61397.46,4
PP,2023,5,2023-05,447,66385,Julio Arcoverde,60858.75,5
PP,2023,5,2023-05,872,220592,Zezinho Barbary,60702.81,6
PP,2023,5,2023-05,833,220684,Tião Medeiros,56715.13,7
PP,2023,5,2023-05,883,123086,Átila Lira,53393.84,8
PP,2023,5,2023-05,687,204406,Pedro Westphalen,50989.10,9
PP,2023,5,2023-05,210,73768,Dilceu Sperafico,50787.03,10
PP,2023,6,2023-06,439,141459,João Maia,65757.43,1
PP,2023,6,2023-06,797,204360,Silvia Cristina,65732.73,2
PP,2023,6,2023-06,522,141480,Lázaro Botelho,56160.04,3
PP,2023,6,2023-06,194,220583,Delegado Fabio Costa,54810.93,4
PP,2023,6,2023-06,447,66385,Julio Arcoverde,54146.69,5
PP,2023,6,2023-06,883,123086,Átila Lira,49437.46,6
PP,2023,6,2023-06,833,220684,Tião Medeiros,49242.22,7
PP,2023,6,2023-06,687,204406,Pedro Westphalen,48526.50,8
PP,2023,6,2023-06,521,220669,Lula Da Fonte,47608.26,9
PP,2023,6,2023-06,231,204351,Dr. Luiz Ovando,46557.22,10
PP,2023,7,2023-07,171,220582,Daniel Barbosa,68189.15,1
PP,2023,7,2023-07,549,219585,Marco Brasil,57763.36,2
PP,2023,7,2023-07,180,62881,Danilo Forte,57193.98,3
PP,2023,7,2023-07,194,220583,Delegado Fabio Costa,55814.24,4
PP,2023,7,2023-07,521,220669,Lula Da Fonte,51692.14,5
PP,2023,7,2023-07,575,220647,Mauricio Neves,51655.52,6
PP,2023,7,2023-07,797,204360,Silvia Cristina,51339.65,7
PP,2023,7,2023-07,833,220684,Tião Medeiros,50881.18,8
PP,2023,7,2023-07,834,178934,Toninho Wandscheer,50648.86,9
PP,2023,7,2023-07,522,141480,Lázaro Botelho,49729.74,10
PP,2023,8,2023-08,505,204448,Luiz Antonio Corrêa,117078.84,1
PP,2023,8,2023-08,804,104552,Socorro Neri,79499.57,2
PP,2023,8,2023-08,12,136811,Afonso Hamm,76812.35,3
PP,2023,8,2023-08,14,160527,Aguinaldo Ribeiro,74862.75,4
PP,2023,8,2023-08,439,141459,João Maia,70926.18,5
PP,2023,8,2023-08,48,107970,Ana Paula Leão,68417.90,6
PP,2023,8,2023-08,833,220684,Tião Medeiros,64356.39,7
PP,2023,8,2023-08,797,204360,Silvia Cristina,61029.03,8
PP,2023,8,2023-08,194,220583,Delegado Fabio Costa,60083.97,9
PP,2023,8,2023-08,447,66385,Julio Arcoverde,58310.05,10
PP,2023,9,2023-09,872,220592,Zezinho Barbary,88467.90,1
PP,2023,9,2023-09,797,204360,Silvia Cristina,70886.33,2
PP,2023,9,2023-09,521,220669,Lula Da Fonte,69690.23,3
PP,2023,9,2023-09,522,141480,Lázaro Botelho,64539.08,4
PP,2023,9,2023-09,687,204406,Pedro Westphalen,59076.53,5
PP,2023,9,2023-09,438,74550,João Leão,55863.15,6
PP,2023,9,2023-09,210,73768,Dilceu Sperafico,55370.85,7
PP,2023,9,2023-09,171,220582,Daniel Barbosa,54336.53,8
PP,2023,9,2023-09,447,66385,Julio Arcoverde,53334.98,9
PP,2023,9,2023-09,194,220583,Delegado Fabio Costa,52072.61,10
PP,2023,10,2023-10,804,104552,Socorro Neri,79646.56,1
PP,2023,10,2023-10,438,74550,João Leão,69678.94,2
PP,2023,10,2023-10,231,204351,Dr. Luiz Ovando,68575.18,3
PP,2023,10,2023-10,439,141459,João Maia,63072.64,4
PP,2023,10,2023-10,48,107970,Ana Paula Leão,62478.10,5
PP,2023,10,2023-10,212,160599,Dimas Fabiano,58421.37,6
PP,2023,10,2023-10,449,74253,Julio Lopes,56801.44,7
PP,2023,10,2023-10,521,220669,Lula Da Fonte,55972.75,8
PP,2023,10,2023-10,194,220583,Delegado Fabio Costa,55566.00,9
PP,2023,10,2023-10,171,220582,Daniel Barbosa,54035.45,10
PP,2023,11,2023-11,687,204406,Pedro Westphalen,67705.83,1
PP,2023,11,2023-11,804,104552,Socorro Neri,65805.95,2
PP,2023,11,2023-11,151,222142,Coronel Telhada,64667.93,3
PP,2023,11,2023-11,438,74550,João Leão,64197.39,4
PP,2023,11,2023-11,14,160527,Aguinaldo Ribeiro,61771.32,5
PP,2023,11,2023-11,16,204549,Aj Albuquerque,60116.44,6
PP,2023,11,2023-11,231,204351,Dr. Luiz Ovando,56897.97,7
PP,2023,11,2023-11,449,74253,Julio Lopes,52933.18,8
PP,2023,11,2023-11,12,136811,Afonso Hamm,50944.67,9
PP,2023,11,2023-11,522,141480,Lázaro Botelho,50804.00,10
PP,2023,12,2023-12,44,220707,Amanda Gentil,276958.64,1
PP,2023,12,2023-12,365,204408,Gustinho Ribeiro,190838.23,2
PP,2023,12,2023-12,80,220612,Bebeto,122562.51,3
PP,2023,12,2023-12,163,141411,Dagoberto Nogueira,120278.11,4
PP,2023,12,2023-12,180,62881,Danilo Forte,117402.09,5
PP,2023,12,2023-12,337,220587,Gerlen Diniz,106079.24,6
PP,2023,12,2023-12,212,160599,Dimas Fabiano,97163.11,7
PP,2023,12,2023-12,549,219585,Marco Brasil,92418.83,8
PP,2023,12,2023-12,45,204356,Amaro Neto,83912.41,9
PP,2023,12,2023-12,674,220630,Pedro Aihara,80092.67,10
PP,2024,1,2024-01,802,220651,Simone Marquetto,66684.97,1
PP,2024,1,2024-01,521,220669,Lula Da Fonte,62310.08,2
PP,2024,1,2024-01,40,226708,Allan Garcês,57125.05,3
PP,2024,1,2024-01,833,220684,Tião Medeiros,55329.49,4
PP,2024,1,2024-01,162,204355,Da Vitoria,51590.36,5
PP,2024,1,2024-01,522,141480,Lázaro Botelho,51149.13,6
PP,2024,1,2024-01,254,141421,Eduardo Da Fonte,47589.07,7
PP,2024,1,2024-01,153,178963,Covatti Filho,47405.59,8
PP,2024,1,2024-01,140,220665,Clarissa Tércio,46031.00,9
PP,2024,1,2024-01,194,220583,Delegado Fabio Costa,44120.52,10
PP,2024,2,2024-02,180,62881,Danilo Forte,80795.92,1
PP,2024,2,2024-02,833,220684,Tião Medeiros,78447.21,2
PP,2024,2,2024-02,641,220706,Padovani,72938.35,3
PP,2024,2,2024-02,254,141421,Eduardo Da Fonte,68858.03,4
PP,2024,2,2024-02,439,141459,João Maia,65570.62,5
PP,2024,2,2024-02,522,141480,Lázaro Botelho,61482.77,6
PP,2024,2,2024-02,802,220651,Simone Marquetto,57353.90,7
PP,2024,2,2024-02,687,204406,Pedro Westphalen,54621.48,8
PP,2024,2,2024-02,438,74550,João Leão,50944.24,9
PP,2024,2,2024-02,163,141411,Dagoberto Nogueira,50375.79,10
PP,2024,3,2024-03,365,204408,Gustinho Ribeiro,104120.47,1
PP,2024,3,2024-03,16,204549,Aj Albuquerque,78029.30,2
PP,2024,3,2024-03,45,204356,Amaro Neto,67819.87,3
PP,2024,3,2024-03,641,220706,Padovani,63653.26,4
PP,2024,3,2024-03,743,220624,Robinson Faria,62314.56,5
PP,2024,3,2024-03,337,220587,Gerlen Diniz,57572.80,6
PP,2024,3,2024-03,522,141480,Lázaro Botelho,55567.72,7
PP,2024,3,2024-03,194,220583,Delegado Fabio Costa,54556.72,8
PP,2024,3,2024-03,802,220651,Simone Marquetto,53804.66,9
PP,2024,3,2024-03,14,160527,Aguinaldo Ribeiro,52093.92,10
PP,2024,4,2024-04,883,123086,Átila Lira,70271.39,1
PP,2024,4,2024-04,439,141459,João Maia,61946.07,2
PP,2024,4,2024-04,447,66385,Julio Arcoverde,61611.56,3
PP,2024,4,2024-04,833,220684,Tião Medeiros,60429.62,4
PP,2024,4,2024-04,48,107970,Ana Paula Leão,58765.99,5
PP,2024,4,2024-04,337,220587,Gerlen Diniz,58584.14,6
PP,2024,4,2024-04,194,220583,Delegado Fabio Costa,58546.14,7
PP,2024,4,2024-04,834,178934,Toninho Wandscheer,58318.95,8
PP,2024,4,2024-04,180,62881,Danilo Forte,58177.43,9
PP,2024,4,2024-04,797,204360,Silvia Cristina,56998.28,10
PP,2024,5,2024-05,12,136811,Afonso Hamm,68114.34,1
PP,2024,5,2024-05,449,74253,Julio Lopes,59268.10,2
PP,2024,5,2024-05,833,220684,Tião Medeiros,57150.58,3
PP,2024,5,2024-05,522,141480,Lázaro Botelho,56108.14,4
PP,2024,5,2024-05,687,204406,Pedro Westphalen,55346.79,5
PP,2024,5,2024-05,180,62881,Danilo Forte,54649.78,6
PP,2024,5,2024-05,337,220587,Gerlen Diniz,53976.54,7
PP,2024,5,2024-05,797,204360,Silvia Cristina,53830.42,8
PP,2024,5,2024-05,210,73768,Dilceu Sperafico,53140.64,9
PP,2024,5,2024-05,439,141459,João Maia,53109.54,10
PP,2024,6,2024-06,804,104552,Socorro Neri,70880.21,1
PP,2024,6,2024-06,153,178963,Covatti Filho,65763.85,2
PP,2024,6,2024-06,12,136811,Afonso Hamm,63076.71,3
PP,2024,6,2024-06,40,226708,Allan Garcês,61630.74,4
PP,2024,6,2024-06,232,228616,Dr. Remy Soares,61457.49,5
PP,2024,6,2024-06,163,141411,Dagoberto Nogueira,59143.03,6
PP,2024,6,2024-06,883,123086,Átila Lira,58622.97,7
PP,2024,6,2024-06,439,141459,João Maia,53968.16,8
PP,2024,6,2024-06,212,160599,Dimas Fabiano,53341.15,9
PP,2024,6,2024-06,641,220706,Padovani,51715.07,10
PP,2024,7,2024-07,872,220592,Zezinho Barbary,73346.39,1
PP,2024,7,2024-07,438,74550,João Leão,60462.10,2
PP,2024,7,2024-07,674,220630,Pedro Aihara,58379.39,3
PP,2024,7,2024-07,797,204360,Silvia Cristina,56761.64,4
PP,2024,7,2024-07,447,66385,Julio Arcoverde,56449.19,5
PP,2024,7,2024-07,153,178963,Covatti Filho,55937.10,6
PP,2024,7,2024-07,180,62881,Danilo Forte,55474.93,7
PP,2024,7,2024-07,833,220684,Tião Medeiros,54500.66,8
PP,2024,7,2024-07,210,73768,Dilceu Sperafico,53923.19,9
PP,2024,7,2024-07,163,141411,Dagoberto Nogueira,53346.10,10
PP,2024,8,2024-08,180,62881,Danilo Forte,59256.41,1
PP,2024,8,2024-08,9,121948,Adriano Do Baldy,55548.65,2
PP,2024,8,2024-08,254,141421,Eduardo Da Fonte,55310.28,3
PP,2024,8,2024-08,687,204406,Pedro Westphalen,54303.09,4
PP,2024,8,2024-08,163,141411,Dagoberto Nogueira,54014.57,5
PP,2024,8,2024-08,12,136811,Afonso Hamm,53184.62,6
PP,2024,8,2024-08,804,104552,Socorro Neri,51541.95,7
PP,2024,8,2024-08,593,229225,Missionária Michele Collins,49234.33,8
PP,2024,8,2024-08,447,66385,Julio Arcoverde,48832.77,9
PP,2024,8,2024-08,153,178963,Covatti Filho,48369.26,10
PP,2024,9,2024-09,163,141411,Dagoberto Nogueira,89417.39,1
PP,2024,9,2024-09,264,220008,Eliza Virgínia,67196.60,2
PP,2024,9,2024-09,834,178934,Toninho Wandscheer,66830.20,3
PP,2024,9,2024-09,254,141421,Eduardo Da Fonte,55053.47,4
PP,2024,9,2024-09,438,74550,João Leão,54179.20,5
PP,2024,9,2024-09,14,160527,Aguinaldo Ribeiro,53907.51,6
PP,2024,9,2024-09,153,178963,Covatti Filho,52893.52,7
PP,2024,9,2024-09,833,220684,Tião Medeiros,51966.51,8
PP,2024,9,2024-09,883,123086,Átila Lira,50892.59,9
PP,2024,9,2024-09,210,73768,Dilceu Sperafico,50283.06,10
PP,2024,10,2024-10,593,229225,Missionária Michele Collins,92542.45,1
PP,2024,10,2024-10,439,141459,João Maia,87257.56,2
PP,2024,10,2024-10,171,220582,Daniel Barbosa,84426.32,3
PP,2024,10,2024-10,109,229069,Capitão Samuel,74304.09,4
PP,2024,10,2024-10,44,220707,Amanda Gentil,61640.74,5
PP,2024,10,2024-10,40,226708,Allan Garcês,60313.25,6
PP,2024,10,2024-10,687,204406,Pedro Westphalen,59087.23,7
PP,2024,10,2024-10,804,104552,Socorro Neri,57488.67,8
PP,2024,10,2024-10,883,123086,Átila Lira,56587.17,9
PP,2024,10,2024-10,14,160527,Aguinaldo Ribeiro,54499.68,10
PP,2024,11,2024-11,9,121948,Adriano Do Baldy,99484.44,1
PP,2024,11,2024-11,171,220582,Daniel Barbosa,92181.95,2
PP,2024,11,2024-11,365,204408,Gustinho Ribeiro,88117.44,3
PP,2024,11,2024-11,14,160527,Aguinaldo Ribeiro,71695.10,4
PP,2024,11,2024-11,16,204549,Aj Albuquerque,69920.21,5
PP,2024,11,2024-11,45,204356,Amaro Neto,69805.90,6
PP,2024,11,2024-11,883,123086,Átila Lira,61839.61,7
PP,2024,11,2024-11,210,73768,Dilceu Sperafico,56293.63,8
PP,2024,11,2024-11,804,104552,Socorro Neri,55870.32,9
PP,2024,11,2024-11,153,178963,Covatti Filho,53710.76,10
PP,2024,12,2024-12,365,204408,Gustinho Ribeiro,170955.75,1
PP,2024,12,2024-12,575,220647,Mauricio Neves,163173.16,2
PP,2024,12,2024-12,337,220587,Gerlen Diniz,158647.70,3
PP,2024,12,2024-12,171,220582,Daniel Barbosa,155562.87,4
PP,2024,12,2024-12,44,220707,Amanda Gentil,138036.92,5
PP,2024,12,2024-12,80,220612,Bebeto,134818.55,6
PP,2024,12,2024-12,231,204351,Dr. Luiz Ovando,120972.45,7
PP,2024,12,2024-12,549,219585,Marco Brasil,92250.45,8
PP,2024,12,2024-12,674,220630,Pedro Aihara,76734.40,9
PP,2024,12,2024-12,140,220665,Clarissa Tércio,76630.81,10
PP,2025,1,2025-01,48,107970,Ana Paula Leão,61448.25,1
PP,2025,1,2025-01,9,121948,Adriano Do Baldy,58464.84,2
PP,2025,1,2025-01,153,178963,Covatti Filho,57259.89,3
PP,2025,1,2025-01,797,204360,Silvia Cristina,55662.59,4
PP,2025,1,2025-01,45,204356,Amaro Neto,52437.16,5
PP,2025,1,2025-01,163,141411,Dagoberto Nogueira,51131.15,6
PP,2025,1,2025-01,674,220630,Pedro Aihara,49363.62,7
PP,2025,1,2025-01,141,74537,Claudio Cajado,47043.94,8
PP,2025,1,2025-01,521,220669,Lula Da Fonte,46766.76,9
PP,2025,1,2025-01,140,220665,Clarissa Tércio,45500.70,10
PP,2025,2,2025-02,439,141459,João Maia,75089.00,1
PP,2025,2,2025-02,14,160527,Aguinaldo Ribeiro,71232.18,2
PP,2025,2,2025-02,12,136811,Afonso Hamm,68073.87,3
PP,2025,2,2025-02,804,104552,Socorro Neri,61351.32,4
PP,2025,2,2025-02,162,204355,Da Vitoria,60714.35,5
PP,2025,2,2025-02,365,204408,Gustinho Ribeiro,58047.79,6
PP,2025,2,2025-02,522,141480,Lázaro Botelho,55245.94,7
PP,2025,2,2025-02,45,204356,Amaro Neto,53863.27,8
PP,2025,2,2025-02,438,74550,João Leão,53340.55,9
PP,2025,2,2025-02,254,141421,Eduardo Da Fonte,52433.79,10
PP,2025,3,2025-03,71,160541,Arthur Lira,96689.55,1
PP,2025,3,2025-03,883,123086,Átila Lira,65052.49,2
PP,2025,3,2025-03,40,226708,Allan Garcês,64716.93,3
PP,2025,3,2025-03,194,220583,Delegado Fabio Costa,60929.88,4
PP,2025,3,2025-03,439,141459,João Maia,56289.63,5
PP,2025,3,2025-03,687,204406,Pedro Westphalen,56116.63,6
PP,2025,3,2025-03,797,204360,Silvia Cristina,55975.02,7
PP,2025,3,2025-03,447,66385,Julio Arcoverde,55270.05,8
PP,2025,3,2025-03,14,160527,Aguinaldo Ribeiro,51709.19,9
PP,2025,3,2025-03,44,220707,Amanda Gentil,51600.00,10
PP,2025,4,2025-04,218,204450,Doutor Luizinho,73443.36,1
PP,2025,4,2025-04,447,66385,Julio Arcoverde,63425.73,2
PP,2025,4,2025-04,171,220582,Daniel Barbosa,63412.97,3
PP,2025,4,2025-04,162,204355,Da Vitoria,59769.76,4
PP,2025,4,2025-04,45,204356,Amaro Neto,59704.74,5
PP,2025,4,2025-04,797,204360,Silvia Cristina,59619.30,6
PP,2025,4,2025-04,254,141421,Eduardo Da Fonte,57201.25,7
PP,2025,4,2025-04,883,123086,Átila Lira,55885.44,8
PP,2025,4,2025-04,231,204351,Dr. Luiz Ovando,55068.76,9
PP,2025,4,2025-04,180,62881,Danilo Forte,54085.30,10
PP,2025,5,2025-05,439,141459,João Maia,65407.73,1
PP,2025,5,2025-05,40,226708,Allan Garcês,60962.86,2
PP,2025,5,2025-05,674,220630,Pedro Aihara,57232.97,3
PP,2025,5,2025-05,797,204360,Silvia Cristina,55810.69,4
PP,2025,5,2025-05,802,220651,Simone Marquetto,55440.01,5
PP,2025,5,2025-05,872,220592,Zezinho Barbary,53141.95,6
PP,2025,5,2025-05,163,141411,Dagoberto Nogueira,52609.93,7
PP,2025,5,2025-05,687,204406,Pedro Westphalen,51350.92,8
PP,2025,5,2025-05,883,123086,Átila Lira,51178.21,9
PP,2025,5,2025-05,162,204355,Da Vitoria,49071.10,10
PP,2025,6,2025-06,797,204360,Silvia Cristina,66634.31,1
PP,2025,6,2025-06,16,204549,Aj Albuquerque,61838.74,2
PP,2025,6,2025-06,45,204356,Amaro Neto,60877.56,3
PP,2025,6,2025-06,145,204376,Coronel Armando,60323.06,4
PP,2025,6,2025-06,48,107970,Ana Paula Leão,57326.57,5
PP,2025,6,2025-06,834,178934,Toninho Wandscheer,56891.72,6
PP,2025,6,2025-06,522,141480,Lázaro Botelho,54562.35,7
PP,2025,6,2025-06,872,220592,Zezinho Barbary,53966.13,8
PP,2025,6,2025-06,162,204355,Da Vitoria,53902.53,9
PP,2025,6,2025-06,447,66385,Julio Arcoverde,52132.46,10
PP,2025,7,2025-07,365,204408,Gustinho Ribeiro,155546.15,1
PP,2025,7,2025-07,522,141480,Lázaro Botelho,77459.45,2
PP,2025,7,2025-07,153,178963,Covatti Filho,68803.77,3
PP,2025,7,2025-07,40,226708,Allan Garcês,64786.77,4
PP,2025,7,2025-07,14,160527,Aguinaldo Ribeiro,64084.55,5
PP,2025,7,2025-07,145,204376,Coronel Armando,61580.03,6
PP,2025,7,2025-07,743,220624,Robinson Faria,60743.21,7
PP,2025,7,2025-07,641,220706,Padovani,60636.94,8
PP,2025,7,2025-07,439,141459,João Maia,57118.46,9
PP,2025,7,2025-07,162,204355,Da Vitoria,55997.73,10
PP,2025,8,2025-08,171,220582,Daniel Barbosa,104952.92,1
PP,2025,8,2025-08,874,230768,Zé Adriano,81081.51,2
PP,2025,8,2025-08,45,204356,Amaro Neto,62542.33,3
PP,2025,8,2025-08,438,74550,João Leão,59346.28,4
PP,2025,8,2025-08,802,220651,Simone Marquetto,56145.78,5
PP,2025,8,2025-08,180,62881,Danilo Forte,53778.07,6
PP,2025,8,2025-08,153,178963,Covatti Filho,53346.08,7
PP,2025,8,2025-08,231,204351,Dr. Luiz Ovando,52937.72,8
PP,2025,8,2025-08,140,220665,Clarissa Tércio,44344.02,9
PP,2025,8,2025-08,797,204360,Silvia Cristina,44068.90,10
PP,2025,9,2025-09,872,220592,Zezinho Barbary,68825.97,1
PP,2025,9,2025-09,874,230768,Zé Adriano,63851.03,2
PP,2025,9,2025-09,439,141459,João Maia,53519.00,3
PP,2025,9,2025-09,53,178831,André Abdon,52818.11,4
PP,2025,9,2025-09,210,73768,Dilceu Sperafico,49181.71,5
PP,2025,9,2025-09,153,178963,Covatti Filho,47584.24,6
PP,2025,9,2025-09,231,204351,Dr. Luiz Ovando,46730.49,7
PP,2025,9,2025-09,163,141411,Dagoberto Nogueira,46507.30,8
PP,2025,9,2025-09,141,74537,Claudio Cajado,44534.55,9
PP,2025,9,2025-09,687,204406,Pedro Westphalen,44256.56,10
PP,2025,10,2025-10,874,230768,Zé Adriano,94345.64,1
PP,2025,10,2025-10,743,220624,Robinson Faria,92116.41,2
PP,2025,10,2025-10,40,226708,Allan Garcês,59806.25,3
PP,2025,10,2025-10,210,73768,Dilceu Sperafico,51397.10,4
PP,2025,10,2025-10,439,141459,João Maia,50222.06,5
PP,2025,10,2025-10,438,74550,João Leão,50155.78,6
PP,2025,10,2025-10,53,178831,André Abdon,49840.29,7
PP,2025,10,2025-10,797,204360,Silvia Cristina,48570.02,8
PP,2025,10,2025-10,140,220665,Clarissa Tércio,47570.61,9
PP,2025,10,2025-10,48,107970,Ana Paula Leão,43444.15,10
PP,2025,11,2025-11,874,230768,Zé Adriano,106836.40,1
PP,2025,11,2025-11,743,220624,Robinson Faria,97486.01,2
PP,2025,11,2025-11,231,204351,Dr. Luiz Ovando,54923.36,3
PP,2025,11,2025-11,212,160599,Dimas Fabiano,53774.96,4
PP,2025,11,2025-11,9,121948,Adriano Do Baldy,46616.60,5
PP,2025,11,2025-11,163,141411,Dagoberto Nogueira,46591.12,6
PP,2025,11,2025-11,439,141459,João Maia,46396.16,7
PP,2025,11,2025-11,210,73768,Dilceu Sperafico,45401.07,8
PP,2025,11,2025-11,797,204360,Silvia Cristina,44741.66,9
PP,2025,11,2025-11,804,104552,Socorro Neri,43217.49,10
PP,2025,12,2025-12,44,220707,Amanda Gentil,172050.10,1
PP,2025,12,2025-12,833,220684,Tião Medeiros,83645.70,2
PP,2025,12,2025-12,575,220647,Mauricio Neves,78861.20,3
PP,2025,12,2025-12,804,104552,Socorro Neri,72530.82,4
PP,2025,12,2025-12,80,220612,Bebeto,70701.75,5
PP,2025,12,2025-12,743,220624,Robinson Faria,70232.04,6
PP,2025,12,2025-12,12,136811,Afonso Hamm,67933.97,7
PP,2025,12,2025-12,171,220582,Daniel Barbosa,63756.94,8
PP,2025,12,2025-12,140,220665,Clarissa Tércio,62688.73,9
PP,2025,12,2025-12,802,220651,Simone Marquetto,58765.87,10
PP,2026,1,2026-01,874,230768,Zé Adriano,72502.61,1
PP,2026,1,2026-01,743,220624,Robinson Faria,61465.24,2
PP,2026,1,2026-01,687,204406,Pedro Westphalen,57778.58,3
PP,2026,1,2026-01,212,160599,Dimas Fabiano,54660.89,4
PP,2026,1,2026-01,265,234406,Elmano Férrer,47900.00,5
PP,2026,1,2026-01,872,220592,Zezinho Barbary,44717.43,6
PP,2026,1,2026-01,141,74537,Claudio Cajado,44675.00,7
PP,2026,1,2026-01,140,220665,Clarissa Tércio,44609.61,8
PP,2026,1,2026-01,153,178963,Covatti Filho,43751.27,9
PP,2026,1,2026-01,521,220669,Lula Da Fonte,43510.15,10
PP,2026,2,2026-02,743,220624,Robinson Faria,74068.23,1
PP,2026,2,2026-02,834,178934,Toninho Wandscheer,65671.38,2
PP,2026,2,2026-02,439,141459,João Maia,57919.08,3
PP,2026,2,2026-02,874,230768,Zé Adriano,55161.43,4
PP,2026,2,2026-02,140,220665,Clarissa Tércio,52220.42,5
PP,2026,2,2026-02,153,178963,Covatti Filho,50915.41,6
PP,2026,2,2026-02,53,178831,André Abdon,48304.05,7
PP,2026,2,2026-02,210,73768,Dilceu Sperafico,46942.94,8
PP,2026,2,2026-02,438,74550,João Leão,46138.26,9
PP,2026,2,2026-02,45,204356,Amaro Neto,45882.30,10
PP,2026,3,2026-03,833,220684,Tião Medeiros,71481.33,1
PP,2026,3,2026-03,254,141421,Eduardo Da Fonte,68375.00,2
PP,2026,3,2026-03,180,62881,Danilo Forte,61550.92,3
PP,2026,3,2026-03,797,204360,Silvia Cristina,61352.21,4
PP,2026,3,2026-03,804,104552,Socorro Neri,54966.10,5
PP,2026,3,2026-03,687,204406,Pedro Westphalen,53739.13,6
PP,2026,3,2026-03,439,141459,João Maia,52571.86,7
PP,2026,3,2026-03,12,136811,Afonso Hamm,51867.08,8
PP,2026,3,2026-03,210,73768,Dilceu Sperafico,51849.06,9
PP,2026,3,2026-03,447,66385,Julio Arcoverde,49630.00,10
PP,2026,4,2026-04,804,104552,Socorro Neri,50933.03,1
PP,2026,4,2026-04,53,178831,André Abdon,49302.19,2
PP,2026,4,2026-04,9,121948,Adriano Do Baldy,37404.01,3
PP,2026,4,2026-04,521,220669,Lula Da Fonte,37119.31,4
PP,2026,4,2026-04,180,62881,Danilo Forte,36705.39,5
PP,2026,4,2026-04,48,107970,Ana Paula Leão,36544.22,6
PP,2026,4,2026-04,797,204360,Silvia Cristina,36368.11,7
PP,2026,4,2026-04,12,136811,Afonso Hamm,33936.39,8
PP,2026,4,2026-04,80,220612,Bebeto,33636.29,9
PP,2026,4,2026-04,687,204406,Pedro Westphalen,33045.71,10
PP,2026,5,2026-05,687,204406,Pedro Westphalen,920.84,1
PRD,,,,568,204566,Marreca Filho,155.52,1
PRD,,,,302,204427,Fernando Rodolfo,145.97,2
PRD,,,,314,204494,Fred Costa,95.01,3
PRD,,,,226,204518,Dr. Frederico,94.02,4
PRD,,,,295,227370,Felipe Saliba,11.07,5
PRD,2023,1,2023-01,314,204494,Fred Costa,5277.41,1
PRD,2023,2,2023-02,314,204494,Fred Costa,36020.14,1
PRD,2023,2,2023-02,568,204566,Marreca Filho,33833.29,2
PRD,2023,2,2023-02,226,204518,Dr. Frederico,26605.18,3
PRD,2023,2,2023-02,302,204427,Fernando Rodolfo,23636.79,4
PRD,2023,3,2023-03,568,204566,Marreca Filho,50044.89,1
PRD,2023,3,2023-03,302,204427,Fernando Rodolfo,43968.21,2
PRD,2023,3,2023-03,226,204518,Dr. Frederico,43848.34,3
PRD,2023,3,2023-03,314,204494,Fred Costa,39457.53,4
PRD,2023,4,2023-04,302,204427,Fernando Rodolfo,68415.53,1
PRD,2023,4,2023-04,226,204518,Dr. Frederico,32936.25,2
PRD,2023,4,2023-04,568,204566,Marreca Filho,32054.29,3
PRD,2023,4,2023-04,314,204494,Fred Costa,28522.28,4
PRD,2023,5,2023-05,302,204427,Fernando Rodolfo,44576.66,1
PRD,2023,5,2023-05,568,204566,Marreca Filho,40675.16,2
PRD,2023,5,2023-05,226,204518,Dr. Frederico,36328.53,3
PRD,2023,5,2023-05,314,204494,Fred Costa,25666.05,4
PRD,2023,6,2023-06,226,204518,Dr. Frederico,50342.03,1
PRD,2023,6,2023-06,568,204566,Marreca Filho,45750.55,2
PRD,2023,6,2023-06,302,204427,Fernando Rodolfo,40857.65,3
PRD,2023,6,2023-06,314,204494,Fred Costa,27150.84,4
PRD,2023,7,2023-07,568,204566,Marreca Filho,45342.52,1
PRD,2023,7,2023-07,314,204494,Fred Costa,43751.03,2
PRD,2023,7,2023-07,302,204427,Fernando Rodolfo,40992.44,3
PRD,2023,7,2023-07,226,204518,Dr. Frederico,36900.04,4
PRD,2023,8,2023-08,302,204427,Fernando Rodolfo,82279.10,1
PRD,2023,8,2023-08,226,204518,Dr. Frederico,51927.50,2
PRD,2023,8,2023-08,568,204566,Marreca Filho,49065.82,3
PRD,2023,8,2023-08,314,204494,Fred Costa,47814.24,4
PRD,2023,9,2023-09,568,204566,Marreca Filho,60284.90,1
PRD,2023,9,2023-09,314,204494,Fred Costa,48486.04,2
PRD,2023,9,2023-09,302,204427,Fernando Rodolfo,48154.30,3
PRD,2023,9,2023-09,226,204518,Dr. Frederico,47602.90,4
PRD,2023,10,2023-10,568,204566,Marreca Filho,102663.61,1
PRD,2023,10,2023-10,302,204427,Fernando Rodolfo,66940.88,2
PRD,2023,10,2023-10,226,204518,Dr. Frederico,53438.91,3
PRD,2023,10,2023-10,314,204494,Fred Costa,38667.45,4
PRD,2023,11,2023-11,568,204566,Marreca Filho,59308.77,1
PRD,2023,11,2023-11,302,204427,Fernando Rodolfo,51257.44,2
PRD,2023,11,2023-11,226,204518,Dr. Frederico,45564.84,3
PRD,2023,11,2023-11,314,204494,Fred Costa,39333.47,4
PRD,2023,12,2023-12,226,204518,Dr. Frederico,53255.25,1
PRD,2023,12,2023-12,314,204494,Fred Costa,41029.98,2
PRD,2023,12,2023-12,302,204427,Fernando Rodolfo,29744.35,3
PRD,2023,12,2023-12,568,204566,Marreca Filho,29417.50,4
PRD,2023,12,2023-12,295,227370,Felipe Saliba,10585.30,5
PRD,2024,1,2024-01,302,204427,Fernando Rodolfo,33255.82,1
PRD,2024,1,2024-01,226,204518,Dr. Frederico,31645.58,2
PRD,2024,1,2024-01,295,227370,Felipe Saliba,18043.49,3
PRD,2024,2,2024-02,295,227370,Felipe Saliba,43412.43,1
PRD,2024,2,2024-02,226,204518,Dr. Frederico,30210.09,2
PRD,2024,2,2024-02,302,204427,Fernando Rodolfo,29340.15,3
PRD,2024,3,2024-03,226,204518,Dr. Frederico,52995.32,1
PRD,2024,3,2024-03,295,227370,Felipe Saliba,43117.87,2
PRD,2024,3,2024-03,302,204427,Fernando Rodolfo,25098.26,3
PRD,2024,4,2024-04,302,204427,Fernando Rodolfo,46857.55,1
PRD,2024,4,2024-04,226,204518,Dr. Frederico,44844.28,2
PRD,2024,4,2024-04,295,227370,Felipe Saliba,31627.83,3
PRD,2024,4,2024-04,314,204494,Fred Costa,16375.70,4
PRD,2024,4,2024-04,568,204566,Marreca Filho,9683.01,5
PRD,2024,5,2024-05,568,204566,Marreca Filho,58701.60,1
PRD,2024,5,2024-05,226,204518,Dr. Frederico,51022.51,2
PRD,2024,5,2024-05,314,204494,Fred Costa,42846.76,3
PRD,2024,5,2024-05,302,204427,Fernando Rodolfo,27789.28,4
PRD,2024,6,2024-06,314,204494,Fred Costa,57595.72,1
PRD,2024,6,2024-06,226,204518,Dr. Frederico,46561.27,2
PRD,2024,6,2024-06,302,204427,Fernando Rodolfo,34431.00,3
PRD,2024,6,2024-06,568,204566,Marreca Filho,28996.07,4
PRD,2024,7,2024-07,314,204494,Fred Costa,51503.97,1
PRD,2024,7,2024-07,302,204427,Fernando Rodolfo,51001.12,2
PRD,2024,7,2024-07,568,204566,Marreca Filho,46907.85,3
PRD,2024,7,2024-07,226,204518,Dr. Frederico,40592.31,4
PRD,2024,8,2024-08,568,204566,Marreca Filho,62126.03,1
PRD,2024,8,2024-08,314,204494,Fred Costa,47368.07,2
PRD,2024,8,2024-08,226,204518,Dr. Frederico,45506.03,3
PRD,2024,8,2024-08,302,204427,Fernando Rodolfo,30998.30,4
PRD,2024,9,2024-09,568,204566,Marreca Filho,45287.07,1
PRD,2024,9,2024-09,226,204518,Dr. Frederico,41333.98,2
PRD,2024,9,2024-09,314,204494,Fred Costa,32094.57,3
PRD,2024,9,2024-09,302,204427,Fernando Rodolfo,30077.20,4
PRD,2024,10,2024-10,314,204494,Fred Costa,55483.52,1
PRD,2024,10,2024-10,302,204427,Fernando Rodolfo,47858.16,2
PRD,2024,10,2024-10,568,204566,Marreca Filho,45682.12,3
PRD,2024,10,2024-10,226,204518,Dr. Frederico,37718.96,4
PRD,2024,11,2024-11,302,204427,Fernando Rodolfo,52628.77,1
PRD,2024,11,2024-11,226,204518,Dr. Frederico,45359.04,2
PRD,2024,11,2024-11,314,204494,Fred Costa,37914.18,3
PRD,2024,11,2024-11,568,204566,Marreca Filho,34021.90,4
PRD,2024,12,2024-12,302,204427,Fernando Rodolfo,150761.39,1
PRD,2024,12,2024-12,568,204566,Marreca Filho,59972.13,2
PRD,2024,12,2024-12,226,204518,Dr. Frederico,39818.16,3
PRD,2024,12,2024-12,314,204494,Fred Costa,27789.42,4
PRD,2025,1,2025-01,226,204518,Dr. Frederico,36363.58,1
PRD,2025,1,2025-01,314,204494,Fred Costa,28861.15,2
PRD,2025,1,2025-01,568,204566,Marreca Filho,28220.34,3
PRD,2025,1,2025-01,302,204427,Fernando Rodolfo,16556.55,4
PRD,2025,2,2025-02,314,204494,Fred Costa,52066.38,1
PRD,2025,2,2025-02,226,204518,Dr. Frederico,39372.84,2
PRD,2025,2,2025-02,302,204427,Fernando Rodolfo,38155.34,3
PRD,2025,2,2025-02,568,204566,Marreca Filho,31603.25,4
PRD,2025,3,2025-03,568,204566,Marreca Filho,64619.75,1
PRD,2025,3,2025-03,314,204494,Fred Costa,40438.25,2
PRD,2025,3,2025-03,226,204518,Dr. Frederico,37766.04,3
PRD,2025,3,2025-03,302,204427,Fernando Rodolfo,37398.03,4
PRD,2025,4,2025-04,568,204566,Marreca Filho,56473.02,1
PRD,2025,4,2025-04,226,204518,Dr. Frederico,50611.84,2
PRD,2025,4,2025-04,302,204427,Fernando Rodolfo,49034.54,3
PRD,2025,4,2025-04,314,204494,Fred Costa,28010.95,4
PRD,2025,5,2025-05,302,204427,Fernando Rodolfo,72457.72,1
PRD,2025,5,2025-05,314,204494,Fred Costa,61787.46,2
PRD,2025,5,2025-05,568,204566,Marreca Filho,45424.77,3
PRD,2025,5,2025-05,226,204518,Dr. Frederico,35938.75,4
PRD,2025,6,2025-06,302,204427,Fernando Rodolfo,47116.82,1
PRD,2025,6,2025-06,568,204566,Marreca Filho,44897.23,2
PRD,2025,6,2025-06,226,204518,Dr. Frederico,37068.04,3
PRD,2025,6,2025-06,314,204494,Fred Costa,36646.82,4
PRD,2025,7,2025-07,314,204494,Fred Costa,51158.99,1
PRD,2025,7,2025-07,568,204566,Marreca Filho,50694.69,2
PRD,2025,7,2025-07,226,204518,Dr. Frederico,32444.32,3
PRD,2025,7,2025-07,302,204427,Fernando Rodolfo,31588.90,4
PRD,2025,8,2025-08,226,204518,Dr. Frederico,48393.78,1
PRD,2025,8,2025-08,568,204566,Marreca Filho,43255.64,2
PRD,2025,8,2025-08,302,204427,Fernando Rodolfo,39007.71,3
PRD,2025,8,2025-08,314,204494,Fred Costa,36930.37,4
PRD,2025,9,2025-09,226,204518,Dr. Frederico,49700.66,1
PRD,2025,9,2025-09,568,204566,Marreca Filho,48786.52,2
PRD,2025,9,2025-09,314,204494,Fred Costa,29473.03,3
PRD,2025,9,2025-09,302,204427,Fernando Rodolfo,12099.47,4
PRD,2025,10,2025-10,226,204518,Dr. Frederico,44385.49,1
PRD,2025,10,2025-10,314,204494,Fred Costa,37188.38,2
PRD,2025,10,2025-10,568,204566,Marreca Filho,36332.96,3
PRD,2025,10,2025-10,302,204427,Fernando Rodolfo,12476.90,4
PRD,2025,11,2025-11,226,204518,Dr. Frederico,40843.22,1
PRD,2025,11,2025-11,314,204494,Fred Costa,32492.83,2
PRD,2025,11,2025-11,568,204566,Marreca Filho,32085.89,3
PRD,2025,11,2025-11,302,204427,Fernando Rodolfo,15090.93,4
PRD,2025,11,2025-11,283,234388,Fabiano Cazeca,6517.88,5
PRD,2025,12,2025-12,302,204427,Fernando Rodolfo,97105.67,1
PRD,2025,12,2025-12,568,204566,Marreca Filho,70495.96,2
PRD,2025,12,2025-12,226,204518,Dr. Frederico,52949.62,3
PRD,2025,12,2025-12,283,234388,Fabiano Cazeca,30093.78,4
PRD,2025,12,2025-12,314,204494,Fred Costa,11330.18,5
PRD,2026,1,2026-01,226,204518,Dr. Frederico,33406.90,1
PRD,2026,1,2026-01,314,204494,Fred Costa,29787.11,2
PRD,2026,1,2026-01,283,234388,Fabiano Cazeca,28257.42,3
PRD,2026,1,2026-01,568,204566,Marreca Filho,22335.72,4
PRD,2026,1,2026-01,302,204427,Fernando Rodolfo,3256.26,5
PRD,2026,2,2026-02,283,234388,Fabiano Cazeca,48196.67,1
PRD,2026,2,2026-02,314,204494,Fred Costa,38905.29,2
PRD,2026,2,2026-02,226,204518,Dr. Frederico,32728.04,3
PRD,2026,2,2026-02,302,204427,Fernando Rodolfo,18381.37,4
PRD,2026,2,2026-02,568,204566,Marreca Filho,17099.90,5
PRD,2026,3,2026-03,226,204518,Dr. Frederico,45326.37,1
PRD,2026,3,2026-03,314,204494,Fred Costa,27545.84,2
PRD,2026,3,2026-03,302,204427,Fernando Rodolfo,23388.48,3
PRD,2026,4,2026-04,302,204427,Fernando Rodolfo,49090.46,1
PRD,2026,4,2026-04,226,204518,Dr. Frederico,13766.52,2
PRD,2026,4,2026-04,314,204494,Fred Costa,12016.89,3
PROS,,,,862,160518,Weliton Prado,327.37,1
PROS,,,,327,74200,Gastão Vieira,44.64,2
PROS,,,,39,204400,Aline Sleutjes,37.33,3
PROS,,,,28,204544,Alexandre Frota,30.84,4
PROS,,,,239,204434,Dra. Vanda Milani,4.96,5
PROS,2022,1,2022-01,28,204544,Alexandre Frota,44862.30,1
PROS,2022,1,2022-01,862,160518,Weliton Prado,41021.23,2
PROS,2022,1,2022-01,327,74200,Gastão Vieira,20899.38,3
PROS,2022,1,2022-01,39,204400,Aline Sleutjes,13611.22,4
PROS,2022,1,2022-01,239,204434,Dra. Vanda Milani,3766.55,5
PROS,2022,2,2022-02,862,160518,Weliton Prado,45238.52,1
PROS,2022,2,2022-02,39,204400,Aline Sleutjes,44850.92,2
PROS,2022,2,2022-02,239,204434,Dra. Vanda Milani,44327.45,3
PROS,2022,2,2022-02,28,204544,Alexandre Frota,40248.07,4
PROS,2022,2,2022-02,327,74200,Gastão Vieira,26394.93,5
PROS,2022,3,2022-03,239,204434,Dra. Vanda Milani,69461.47,1
PROS,2022,3,2022-03,327,74200,Gastão Vieira,67896.15,2
PROS,2022,3,2022-03,39,204400,Aline Sleutjes,54920.88,3
PROS,2022,3,2022-03,862,160518,Weliton Prado,48184.63,4
PROS,2022,3,2022-03,28,204544,Alexandre Frota,42986.11,5
PROS,2022,4,2022-04,862,160518,Weliton Prado,50702.20,1
PROS,2022,4,2022-04,39,204400,Aline Sleutjes,28528.21,2
PROS,2022,4,2022-04,28,204544,Alexandre Frota,21777.25,3
PROS,2022,4,2022-04,239,204434,Dra. Vanda Milani,20287.50,4
PROS,2022,4,2022-04,327,74200,Gastão Vieira,6538.31,5
PROS,2022,5,2022-05,239,204434,Dra. Vanda Milani,78947.24,1
PROS,2022,5,2022-05,39,204400,Aline Sleutjes,65112.40,2
PROS,2022,5,2022-05,28,204544,Alexandre Frota,47288.24,3
PROS,2022,5,2022-05,862,160518,Weliton Prado,25443.70,4
PROS,2022,6,2022-06,239,204434,Dra. Vanda Milani,38506.41,1
PROS,2022,6,2022-06,28,204544,Alexandre Frota,37102.19,2
PROS,2022,6,2022-06,39,204400,Aline Sleutjes,33147.24,3
PROS,2022,6,2022-06,862,160518,Weliton Prado,9546.28,4
PROS,2022,7,2022-07,39,204400,Aline Sleutjes,32065.93,1
PROS,2022,7,2022-07,862,160518,Weliton Prado,25169.59,2
PROS,2022,7,2022-07,28,204544,Alexandre Frota,23787.35,3
PROS,2022,7,2022-07,239,204434,Dra. Vanda Milani,20104.93,4
PROS,2022,8,2022-08,28,204544,Alexandre Frota,48482.35,1
PROS,2022,8,2022-08,239,204434,Dra. Vanda Milani,40016.31,2
PROS,2022,8,2022-08,862,160518,Weliton Prado,16660.37,3
PROS,2022,8,2022-08,39,204400,Aline Sleutjes,12236.10,4
PROS,2022,9,2022-09,239,204434,Dra. Vanda Milani,20000.00,1
PROS,2022,9,2022-09,28,204544,Alexandre Frota,19143.78,2
PROS,2022,9,2022-09,862,160518,Weliton Prado,10781.82,3
PROS,2022,9,2022-09,39,204400,Aline Sleutjes,4891.66,4
PROS,2022,10,2022-10,28,204544,Alexandre Frota,34639.45,1
PROS,2022,10,2022-10,239,204434,Dra. Vanda Milani,22496.49,2
PROS,2022,10,2022-10,39,204400,Aline Sleutjes,13205.62,3
PROS,2022,10,2022-10,862,160518,Weliton Prado,11717.73,4
PROS,2022,11,2022-11,239,204434,Dra. Vanda Milani,119778.66,1
PROS,2022,11,2022-11,28,204544,Alexandre Frota,40772.57,2
PROS,2022,11,2022-11,862,160518,Weliton Prado,40577.94,3
PROS,2022,11,2022-11,39,204400,Aline Sleutjes,14816.77,4
PROS,2022,12,2022-12,39,204400,Aline Sleutjes,102703.08,1
PROS,2022,12,2022-12,239,204434,Dra. Vanda Milani,47256.45,2
PROS,2022,12,2022-12,28,204544,Alexandre Frota,42322.97,3
PROS,2022,12,2022-12,862,160518,Weliton Prado,15574.70,4
PROS,2022,12,2022-12,327,74200,Gastão Vieira,24.24,5
PROS,2023,1,2023-01,239,204434,Dra. Vanda Milani,44524.22,1
PROS,2023,1,2023-01,28,204544,Alexandre Frota,38363.22,2
PROS,2023,1,2023-01,39,204400,Aline Sleutjes,10227.17,3
PROS,2023,1,2023-01,862,160518,Weliton Prado,8191.49,4
PROS,2023,2,2023-02,862,160518,Weliton Prado,7631.07,1
PSB,,,,559,220668,Maria Arraes,12674.29,1
PSB,,,,744,204489,Robério Monteiro,3518.92,2
PSB,,,,413,160548,Jonas Donizette,3073.18,3
PSB,,,,489,220662,Lucas Ramos,2861.91,4
PSB,,,,275,220663,Eriberto Medeiros,2592.29,5
PSB,,,,814,204534,Tabata Amaral,2398.56,6
PSB,,,,459,204550,Júnior Mano,2111.92,7
PSB,,,,526,139285,Lídice Da Mata,876.58,8
PSB,,,,753,141533,Rodrigo Rollemberg,458.58,9
PSB,,,,292,72442,Felipe Carreras,440.43,10
PSB,2021,11,2021-11,262,204389,Elias Vaz,27.70,1
PSB,2021,12,2021-12,338,204394,Gervásio Maia,1800.00,1
PSB,2021,12,2021-12,526,139285,Lídice Da Mata,1201.68,2
PSB,2021,12,2021-12,538,76874,Marcelo Freixo,850.00,3
PSB,2021,12,2021-12,815,178922,Tadeu Alencar,700.00,4
PSB,2021,12,2021-12,92,204561,Bira Do Pindaré,641.96,5
PSB,2021,12,2021-12,179,160528,Danilo Cabral,450.00,6
PSB,2022,1,2022-01,104,204352,Camilo Capiberibe,39537.26,1
PSB,2022,1,2022-01,204,204542,Denis Bezerra,35994.27,2
PSB,2022,1,2022-01,24,160511,Alessandro Molon,31138.91,3
PSB,2022,1,2022-01,814,204534,Tabata Amaral,30457.83,4
PSB,2022,1,2022-01,815,178922,Tadeu Alencar,28797.10,5
PSB,2022,1,2022-01,354,74419,Gonzaga Patriota,22639.30,6
PSB,2022,1,2022-01,157,204499,Cássio Andrade,21727.62,7
PSB,2022,1,2022-01,708,178951,Rafael Motta,21009.91,8
PSB,2022,1,2022-01,496,178931,Luciano Ducci,18942.80,9
PSB,2022,1,2022-01,590,92172,Milton Coelho,18705.10,10
PSB,2022,2,2022-02,590,92172,Milton Coelho,48606.06,1
PSB,2022,2,2022-02,496,178931,Luciano Ducci,45041.28,2
PSB,2022,2,2022-02,526,139285,Lídice Da Mata,44269.91,3
PSB,2022,2,2022-02,104,204352,Camilo Capiberibe,42945.44,4
PSB,2022,2,2022-02,354,74419,Gonzaga Patriota,41037.25,5
PSB,2022,2,2022-02,204,204542,Denis Bezerra,37669.91,6
PSB,2022,2,2022-02,746,204530,Rodrigo Agostinho,37510.70,7
PSB,2022,2,2022-02,815,178922,Tadeu Alencar,34764.30,8
PSB,2022,2,2022-02,814,204534,Tabata Amaral,34187.06,9
PSB,2022,2,2022-02,157,204499,Cássio Andrade,32988.30,10
PSB,2022,3,2022-03,104,204352,Camilo Capiberibe,62721.18,1
PSB,2022,3,2022-03,204,204542,Denis Bezerra,62470.06,2
PSB,2022,3,2022-03,821,206231,Ted Conti,60902.04,3
PSB,2022,3,2022-03,24,160511,Alessandro Molon,52055.18,4
PSB,2022,3,2022-03,354,74419,Gonzaga Patriota,51966.99,5
PSB,2022,3,2022-03,815,178922,Tadeu Alencar,51476.10,6
PSB,2022,3,2022-03,496,178931,Luciano Ducci,49944.48,7
PSB,2022,3,2022-03,746,204530,Rodrigo Agostinho,47276.45,8
PSB,2022,3,2022-03,369,178964,Heitor Schuch,42470.20,9
PSB,2022,3,2022-03,590,92172,Milton Coelho,40620.19,10
PSB,2022,4,2022-04,92,204561,Bira Do Pindaré,56634.19,1
PSB,2022,4,2022-04,815,178922,Tadeu Alencar,56475.03,2
PSB,2022,4,2022-04,590,92172,Milton Coelho,55579.03,3
PSB,2022,4,2022-04,157,204499,Cássio Andrade,50680.93,4
PSB,2022,4,2022-04,204,204542,Denis Bezerra,47228.18,5
PSB,2022,4,2022-04,496,178931,Luciano Ducci,45780.54,6
PSB,2022,4,2022-04,338,204394,Gervásio Maia,45525.35,7
PSB,2022,4,2022-04,538,76874,Marcelo Freixo,45271.86,8
PSB,2022,4,2022-04,179,160528,Danilo Cabral,44802.30,9
PSB,2022,4,2022-04,24,160511,Alessandro Molon,44656.53,10
PSB,2022,5,2022-05,590,92172,Milton Coelho,77259.71,1
PSB,2022,5,2022-05,369,178964,Heitor Schuch,72199.41,2
PSB,2022,5,2022-05,526,139285,Lídice Da Mata,71504.57,3
PSB,2022,5,2022-05,92,204561,Bira Do Pindaré,63485.84,4
PSB,2022,5,2022-05,815,178922,Tadeu Alencar,61556.13,5
PSB,2022,5,2022-05,661,160517,Paulo Folletto,60454.19,6
PSB,2022,5,2022-05,157,204499,Cássio Andrade,59142.21,7
PSB,2022,5,2022-05,354,74419,Gonzaga Patriota,58017.41,8
PSB,2022,5,2022-05,179,160528,Danilo Cabral,55739.21,9
PSB,2022,5,2022-05,746,204530,Rodrigo Agostinho,55074.34,10
PSB,2022,6,2022-06,92,204561,Bira Do Pindaré,76083.67,1
PSB,2022,6,2022-06,590,92172,Milton Coelho,51409.87,2
PSB,2022,6,2022-06,814,204534,Tabata Amaral,50223.13,3
PSB,2022,6,2022-06,851,204483,Vilson Da Fetaemg,48639.29,4
PSB,2022,6,2022-06,815,178922,Tadeu Alencar,45924.77,5
PSB,2022,6,2022-06,496,178931,Luciano Ducci,40544.91,6
PSB,2022,6,2022-06,354,74419,Gonzaga Patriota,38376.20,7
PSB,2022,6,2022-06,338,204394,Gervásio Maia,37613.35,8
PSB,2022,6,2022-06,262,204389,Elias Vaz,35275.16,9
PSB,2022,6,2022-06,179,160528,Danilo Cabral,33998.69,10
PSB,2022,7,2022-07,815,178922,Tadeu Alencar,46590.30,1
PSB,2022,7,2022-07,661,160517,Paulo Folletto,45218.06,2
PSB,2022,7,2022-07,157,204499,Cássio Andrade,44447.96,3
PSB,2022,7,2022-07,496,178931,Luciano Ducci,39643.42,4
PSB,2022,7,2022-07,104,204352,Camilo Capiberibe,37792.56,5
PSB,2022,7,2022-07,179,160528,Danilo Cabral,35754.63,6
PSB,2022,7,2022-07,851,204483,Vilson Da Fetaemg,35181.57,7
PSB,2022,7,2022-07,590,92172,Milton Coelho,34998.55,8
PSB,2022,7,2022-07,24,160511,Alessandro Molon,33544.16,9
PSB,2022,7,2022-07,292,72442,Felipe Carreras,32064.52,10
PSB,2022,8,2022-08,292,72442,Felipe Carreras,38671.23,1
PSB,2022,8,2022-08,661,160517,Paulo Folletto,35618.42,2
PSB,2022,8,2022-08,204,204542,Denis Bezerra,33197.32,3
PSB,2022,8,2022-08,590,92172,Milton Coelho,31939.28,4
PSB,2022,8,2022-08,815,178922,Tadeu Alencar,30747.23,5
PSB,2022,8,2022-08,828,219568,Tiago Andrino,28338.75,6
PSB,2022,8,2022-08,354,74419,Gonzaga Patriota,27202.85,7
PSB,2022,8,2022-08,496,178931,Luciano Ducci,24077.37,8
PSB,2022,8,2022-08,369,178964,Heitor Schuch,22714.90,9
PSB,2022,8,2022-08,92,204561,Bira Do Pindaré,20221.49,10
PSB,2022,9,2022-09,815,178922,Tadeu Alencar,33162.20,1
PSB,2022,9,2022-09,590,92172,Milton Coelho,25286.11,2
PSB,2022,9,2022-09,828,219568,Tiago Andrino,21815.70,3
PSB,2022,9,2022-09,851,204483,Vilson Da Fetaemg,16264.38,4
PSB,2022,9,2022-09,354,74419,Gonzaga Patriota,16204.88,5
PSB,2022,9,2022-09,661,160517,Paulo Folletto,16117.09,6
PSB,2022,9,2022-09,496,178931,Luciano Ducci,14605.96,7
PSB,2022,9,2022-09,526,139285,Lídice Da Mata,13258.10,8
PSB,2022,9,2022-09,698,204383,Professor Israel Batista,12985.00,9
PSB,2022,9,2022-09,708,178951,Rafael Motta,12939.51,10
PSB,2022,10,2022-10,157,204499,Cássio Andrade,62987.38,1
PSB,2022,10,2022-10,92,204561,Bira Do Pindaré,60341.84,2
PSB,2022,10,2022-10,204,204542,Denis Bezerra,60097.03,3
PSB,2022,10,2022-10,661,160517,Paulo Folletto,56797.81,4
PSB,2022,10,2022-10,292,72442,Felipe Carreras,38452.38,5
PSB,2022,10,2022-10,526,139285,Lídice Da Mata,38274.36,6
PSB,2022,10,2022-10,708,178951,Rafael Motta,36534.30,7
PSB,2022,10,2022-10,815,178922,Tadeu Alencar,36182.81,8
PSB,2022,10,2022-10,590,92172,Milton Coelho,34644.88,9
PSB,2022,10,2022-10,369,178964,Heitor Schuch,33790.37,10
PSB,2022,11,2022-11,354,74419,Gonzaga Patriota,117259.78,1
PSB,2022,11,2022-11,698,204383,Professor Israel Batista,99486.29,2
PSB,2022,11,2022-11,157,204499,Cássio Andrade,92648.17,3
PSB,2022,11,2022-11,104,204352,Camilo Capiberibe,79206.76,4
PSB,2022,11,2022-11,204,204542,Denis Bezerra,60201.92,5
PSB,2022,11,2022-11,179,160528,Danilo Cabral,55662.62,6
PSB,2022,11,2022-11,708,178951,Rafael Motta,49895.15,7
PSB,2022,11,2022-11,814,204534,Tabata Amaral,48543.74,8
PSB,2022,11,2022-11,590,92172,Milton Coelho,48290.84,9
PSB,2022,11,2022-11,92,204561,Bira Do Pindaré,45901.66,10
PSB,2022,12,2022-12,104,204352,Camilo Capiberibe,98871.60,1
PSB,2022,12,2022-12,526,139285,Lídice Da Mata,70257.57,2
PSB,2022,12,2022-12,708,178951,Rafael Motta,60288.59,3
PSB,2022,12,2022-12,204,204542,Denis Bezerra,58221.08,4
PSB,2022,12,2022-12,661,160517,Paulo Folletto,49652.40,5
PSB,2022,12,2022-12,851,204483,Vilson Da Fetaemg,47958.39,6
PSB,2022,12,2022-12,179,160528,Danilo Cabral,45980.88,7
PSB,2022,12,2022-12,814,204534,Tabata Amaral,44679.24,8
PSB,2022,12,2022-12,338,204394,Gervásio Maia,41371.92,9
PSB,2022,12,2022-12,292,72442,Felipe Carreras,40317.54,10
PSB,2023,1,2023-01,157,204499,Cássio Andrade,97440.17,1
PSB,2023,1,2023-01,708,178951,Rafael Motta,67184.03,2
PSB,2023,1,2023-01,814,204534,Tabata Amaral,65821.29,3
PSB,2023,1,2023-01,24,160511,Alessandro Molon,49953.91,4
PSB,2023,1,2023-01,104,204352,Camilo Capiberibe,44876.29,5
PSB,2023,1,2023-01,526,139285,Lídice Da Mata,44517.35,6
PSB,2023,1,2023-01,92,204561,Bira Do Pindaré,42781.10,7
PSB,2023,1,2023-01,354,74419,Gonzaga Patriota,42187.81,8
PSB,2023,1,2023-01,204,204542,Denis Bezerra,41547.90,9
PSB,2023,1,2023-01,262,204389,Elias Vaz,40797.15,10
PSB,2023,2,2023-02,496,178931,Luciano Ducci,53640.97,1
PSB,2023,2,2023-02,814,204534,Tabata Amaral,51820.84,2
PSB,2023,2,2023-02,526,139285,Lídice Da Mata,42468.70,3
PSB,2023,2,2023-02,489,220662,Lucas Ramos,36655.61,4
PSB,2023,2,2023-02,388,204533,Idilvan Alencar,34270.65,5
PSB,2023,2,2023-02,539,220634,Marcelo Lima,31445.63,6
PSB,2023,2,2023-02,413,160548,Jonas Donizette,28729.08,7
PSB,2023,2,2023-02,292,72442,Felipe Carreras,21176.69,8
PSB,2023,2,2023-02,607,178858,Mário Negromonte Jr.,20271.76,9
PSB,2023,2,2023-02,661,160517,Paulo Folletto,20162.61,10
PSB,2023,3,2023-03,459,204550,Júnior Mano,102559.39,1
PSB,2023,3,2023-03,539,220634,Marcelo Lima,76913.64,2
PSB,2023,3,2023-03,388,204533,Idilvan Alencar,62294.21,3
PSB,2023,3,2023-03,526,139285,Lídice Da Mata,55806.65,4
PSB,2023,3,2023-03,814,204534,Tabata Amaral,51587.94,5
PSB,2023,3,2023-03,413,160548,Jonas Donizette,38818.36,6
PSB,2023,3,2023-03,559,220668,Maria Arraes,38798.22,7
PSB,2023,3,2023-03,292,72442,Felipe Carreras,37992.51,8
PSB,2023,3,2023-03,607,178858,Mário Negromonte Jr.,37278.40,9
PSB,2023,3,2023-03,275,220663,Eriberto Medeiros,37120.31,10
PSB,2023,4,2023-04,539,220634,Marcelo Lima,47294.87,1
PSB,2023,4,2023-04,677,220667,Pedro Campos,46538.08,2
PSB,2023,4,2023-04,489,220662,Lucas Ramos,46257.82,3
PSB,2023,4,2023-04,459,204550,Júnior Mano,42106.92,4
PSB,2023,4,2023-04,814,204534,Tabata Amaral,40543.37,5
PSB,2023,4,2023-04,661,160517,Paulo Folletto,38404.33,6
PSB,2023,4,2023-04,526,139285,Lídice Da Mata,37728.26,7
PSB,2023,4,2023-04,388,204533,Idilvan Alencar,37404.76,8
PSB,2023,4,2023-04,413,160548,Jonas Donizette,34887.02,9
PSB,2023,4,2023-04,292,72442,Felipe Carreras,31708.90,10
PSB,2023,5,2023-05,489,220662,Lucas Ramos,61425.00,1
PSB,2023,5,2023-05,814,204534,Tabata Amaral,52742.28,2
PSB,2023,5,2023-05,539,220634,Marcelo Lima,49649.86,3
PSB,2023,5,2023-05,275,220663,Eriberto Medeiros,49285.74,4
PSB,2023,5,2023-05,661,160517,Paulo Folletto,42345.33,5
PSB,2023,5,2023-05,496,178931,Luciano Ducci,41550.77,6
PSB,2023,5,2023-05,607,178858,Mário Negromonte Jr.,39982.13,7
PSB,2023,5,2023-05,388,204533,Idilvan Alencar,39733.71,8
PSB,2023,5,2023-05,459,204550,Júnior Mano,33923.85,9
PSB,2023,5,2023-05,526,139285,Lídice Da Mata,30105.71,10
PSB,2023,6,2023-06,496,178931,Luciano Ducci,50542.48,1
PSB,2023,6,2023-06,459,204550,Júnior Mano,49312.93,2
PSB,2023,6,2023-06,489,220662,Lucas Ramos,45898.52,3
PSB,2023,6,2023-06,388,204533,Idilvan Alencar,44921.94,4
PSB,2023,6,2023-06,526,139285,Lídice Da Mata,44847.89,5
PSB,2023,6,2023-06,661,160517,Paulo Folletto,44043.98,6
PSB,2023,6,2023-06,814,204534,Tabata Amaral,40778.27,7
PSB,2023,6,2023-06,539,220634,Marcelo Lima,40253.76,8
PSB,2023,6,2023-06,559,220668,Maria Arraes,39155.38,9
PSB,2023,6,2023-06,677,220667,Pedro Campos,37109.50,10
PSB,2023,7,2023-07,489,220662,Lucas Ramos,89340.63,1
PSB,2023,7,2023-07,661,160517,Paulo Folletto,50768.55,2
PSB,2023,7,2023-07,607,178858,Mário Negromonte Jr.,48280.10,3
PSB,2023,7,2023-07,539,220634,Marcelo Lima,45841.79,4
PSB,2023,7,2023-07,526,139285,Lídice Da Mata,42877.18,5
PSB,2023,7,2023-07,388,204533,Idilvan Alencar,40033.31,6
PSB,2023,7,2023-07,413,160548,Jonas Donizette,39661.49,7
PSB,2023,7,2023-07,459,204550,Júnior Mano,39146.70,8
PSB,2023,7,2023-07,275,220663,Eriberto Medeiros,36970.61,9
PSB,2023,7,2023-07,496,178931,Luciano Ducci,35714.45,10
PSB,2023,8,2023-08,388,204533,Idilvan Alencar,66343.33,1
PSB,2023,8,2023-08,559,220668,Maria Arraes,50514.42,2
PSB,2023,8,2023-08,814,204534,Tabata Amaral,50372.93,3
PSB,2023,8,2023-08,661,160517,Paulo Folletto,48418.53,4
PSB,2023,8,2023-08,496,178931,Luciano Ducci,46410.83,5
PSB,2023,8,2023-08,607,178858,Mário Negromonte Jr.,43898.67,6
PSB,2023,8,2023-08,489,220662,Lucas Ramos,42475.18,7
PSB,2023,8,2023-08,539,220634,Marcelo Lima,40505.96,8
PSB,2023,8,2023-08,413,160548,Jonas Donizette,39497.84,9
PSB,2023,8,2023-08,526,139285,Lídice Da Mata,34386.54,10
PSB,2023,9,2023-09,388,204533,Idilvan Alencar,63866.05,1
PSB,2023,9,2023-09,275,220663,Eriberto Medeiros,61607.58,2
PSB,2023,9,2023-09,814,204534,Tabata Amaral,58267.06,3
PSB,2023,9,2023-09,489,220662,Lucas Ramos,48609.35,4
PSB,2023,9,2023-09,496,178931,Luciano Ducci,47906.21,5
PSB,2023,9,2023-09,559,220668,Maria Arraes,45375.69,6
PSB,2023,9,2023-09,607,178858,Mário Negromonte Jr.,43554.77,7
PSB,2023,9,2023-09,539,220634,Marcelo Lima,43401.15,8
PSB,2023,9,2023-09,526,139285,Lídice Da Mata,37562.56,9
PSB,2023,9,2023-09,661,160517,Paulo Folletto,36821.91,10
PSB,2023,10,2023-10,559,220668,Maria Arraes,87004.57,1
PSB,2023,10,2023-10,459,204550,Júnior Mano,73403.39,2
PSB,2023,10,2023-10,489,220662,Lucas Ramos,71540.27,3
PSB,2023,10,2023-10,661,160517,Paulo Folletto,56620.44,4
PSB,2023,10,2023-10,275,220663,Eriberto Medeiros,56619.76,5
PSB,2023,10,2023-10,526,139285,Lídice Da Mata,53331.58,6
PSB,2023,10,2023-10,496,178931,Luciano Ducci,50453.36,7
PSB,2023,10,2023-10,388,204533,Idilvan Alencar,49662.53,8
PSB,2023,10,2023-10,677,220667,Pedro Campos,44327.96,9
PSB,2023,10,2023-10,814,204534,Tabata Amaral,37711.39,10
PSB,2023,11,2023-11,559,220668,Maria Arraes,81024.62,1
PSB,2023,11,2023-11,661,160517,Paulo Folletto,78066.93,2
PSB,2023,11,2023-11,459,204550,Júnior Mano,68857.38,3
PSB,2023,11,2023-11,275,220663,Eriberto Medeiros,68116.31,4
PSB,2023,11,2023-11,413,160548,Jonas Donizette,66367.91,5
PSB,2023,11,2023-11,677,220667,Pedro Campos,54539.27,6
PSB,2023,11,2023-11,607,178858,Mário Negromonte Jr.,50765.51,7
PSB,2023,11,2023-11,388,204533,Idilvan Alencar,47981.82,8
PSB,2023,11,2023-11,539,220634,Marcelo Lima,47463.31,9
PSB,2023,11,2023-11,814,204534,Tabata Amaral,47223.17,10
PSB,2023,12,2023-12,413,160548,Jonas Donizette,176898.59,1
PSB,2023,12,2023-12,607,178858,Mário Negromonte Jr.,111686.29,2
PSB,2023,12,2023-12,459,204550,Júnior Mano,93131.43,3
PSB,2023,12,2023-12,275,220663,Eriberto Medeiros,83478.70,4
PSB,2023,12,2023-12,559,220668,Maria Arraes,67530.21,5
PSB,2023,12,2023-12,489,220662,Lucas Ramos,61237.89,6
PSB,2023,12,2023-12,677,220667,Pedro Campos,54910.24,7
PSB,2023,12,2023-12,661,160517,Paulo Folletto,47414.55,8
PSB,2023,12,2023-12,526,139285,Lídice Da Mata,41482.22,9
PSB,2023,12,2023-12,496,178931,Luciano Ducci,40306.71,10
PSB,2024,1,2024-01,275,220663,Eriberto Medeiros,69910.47,1
PSB,2024,1,2024-01,526,139285,Lídice Da Mata,50827.05,2
PSB,2024,1,2024-01,814,204534,Tabata Amaral,42241.61,3
PSB,2024,1,2024-01,489,220662,Lucas Ramos,40634.90,4
PSB,2024,1,2024-01,559,220668,Maria Arraes,34506.86,5
PSB,2024,1,2024-01,496,178931,Luciano Ducci,32467.09,6
PSB,2024,1,2024-01,388,204533,Idilvan Alencar,25666.96,7
PSB,2024,1,2024-01,744,204489,Robério Monteiro,25000.00,8
PSB,2024,1,2024-01,413,160548,Jonas Donizette,20797.26,9
PSB,2024,1,2024-01,677,220667,Pedro Campos,19461.27,10
PSB,2024,2,2024-02,677,220667,Pedro Campos,60793.18,1
PSB,2024,2,2024-02,489,220662,Lucas Ramos,49984.22,2
PSB,2024,2,2024-02,275,220663,Eriberto Medeiros,47830.29,3
PSB,2024,2,2024-02,496,178931,Luciano Ducci,44240.28,4
PSB,2024,2,2024-02,559,220668,Maria Arraes,44076.66,5
PSB,2024,2,2024-02,526,139285,Lídice Da Mata,42786.96,6
PSB,2024,2,2024-02,661,160517,Paulo Folletto,37601.69,7
PSB,2024,2,2024-02,413,160548,Jonas Donizette,36852.23,8
PSB,2024,2,2024-02,459,204550,Júnior Mano,31078.07,9
PSB,2024,2,2024-02,814,204534,Tabata Amaral,30089.56,10
PSB,2024,3,2024-03,388,204533,Idilvan Alencar,57628.73,1
PSB,2024,3,2024-03,661,160517,Paulo Folletto,57165.95,2
PSB,2024,3,2024-03,275,220663,Eriberto Medeiros,53920.53,3
PSB,2024,3,2024-03,496,178931,Luciano Ducci,51569.82,4
PSB,2024,3,2024-03,413,160548,Jonas Donizette,49454.85,5
PSB,2024,3,2024-03,677,220667,Pedro Campos,49216.63,6
PSB,2024,3,2024-03,814,204534,Tabata Amaral,48741.43,7
PSB,2024,3,2024-03,526,139285,Lídice Da Mata,42938.86,8
PSB,2024,3,2024-03,559,220668,Maria Arraes,41640.01,9
PSB,2024,3,2024-03,607,178858,Mário Negromonte Jr.,37715.75,10
PSB,2024,4,2024-04,459,204550,Júnior Mano,84762.51,1
PSB,2024,4,2024-04,413,160548,Jonas Donizette,68554.32,2
PSB,2024,4,2024-04,275,220663,Eriberto Medeiros,59233.29,3
PSB,2024,4,2024-04,496,178931,Luciano Ducci,56793.61,4
PSB,2024,4,2024-04,489,220662,Lucas Ramos,54824.77,5
PSB,2024,4,2024-04,661,160517,Paulo Folletto,51295.85,6
PSB,2024,4,2024-04,559,220668,Maria Arraes,49500.69,7
PSB,2024,4,2024-04,388,204533,Idilvan Alencar,46518.26,8
PSB,2024,4,2024-04,526,139285,Lídice Da Mata,44820.91,9
PSB,2024,4,2024-04,607,178858,Mário Negromonte Jr.,42526.05,10
PSB,2024,5,2024-05,814,204534,Tabata Amaral,61152.50,1
PSB,2024,5,2024-05,489,220662,Lucas Ramos,58814.09,2
PSB,2024,5,2024-05,275,220663,Eriberto Medeiros,51437.02,3
PSB,2024,5,2024-05,388,204533,Idilvan Alencar,49848.94,4
PSB,2024,5,2024-05,496,178931,Luciano Ducci,49718.09,5
PSB,2024,5,2024-05,677,220667,Pedro Campos,48032.83,6
PSB,2024,5,2024-05,413,160548,Jonas Donizette,46916.19,7
PSB,2024,5,2024-05,526,139285,Lídice Da Mata,40816.59,8
PSB,2024,5,2024-05,559,220668,Maria Arraes,37280.42,9
PSB,2024,5,2024-05,292,72442,Felipe Carreras,36384.46,10
PSB,2024,6,2024-06,459,204550,Júnior Mano,83384.71,1
PSB,2024,6,2024-06,526,139285,Lídice Da Mata,56220.75,2
PSB,2024,6,2024-06,275,220663,Eriberto Medeiros,54291.55,3
PSB,2024,6,2024-06,559,220668,Maria Arraes,53244.34,4
PSB,2024,6,2024-06,489,220662,Lucas Ramos,52252.02,5
PSB,2024,6,2024-06,496,178931,Luciano Ducci,48806.91,6
PSB,2024,6,2024-06,814,204534,Tabata Amaral,45663.88,7
PSB,2024,6,2024-06,677,220667,Pedro Campos,35871.66,8
PSB,2024,6,2024-06,292,72442,Felipe Carreras,35865.83,9
PSB,2024,6,2024-06,661,160517,Paulo Folletto,34887.11,10
PSB,2024,7,2024-07,459,204550,Júnior Mano,83835.11,1
PSB,2024,7,2024-07,489,220662,Lucas Ramos,83601.33,2
PSB,2024,7,2024-07,559,220668,Maria Arraes,55511.73,3
PSB,2024,7,2024-07,275,220663,Eriberto Medeiros,51560.05,4
PSB,2024,7,2024-07,526,139285,Lídice Da Mata,48423.70,5
PSB,2024,7,2024-07,413,160548,Jonas Donizette,45904.84,6
PSB,2024,7,2024-07,677,220667,Pedro Campos,44960.96,7
PSB,2024,7,2024-07,292,72442,Felipe Carreras,38417.36,8
PSB,2024,7,2024-07,51,220676,Andreia Siqueira,33117.85,9
PSB,2024,7,2024-07,661,160517,Paulo Folletto,29288.59,10
PSB,2024,8,2024-08,677,220667,Pedro Campos,77331.27,1
PSB,2024,8,2024-08,526,139285,Lídice Da Mata,49445.73,2
PSB,2024,8,2024-08,275,220663,Eriberto Medeiros,48242.58,3
PSB,2024,8,2024-08,413,160548,Jonas Donizette,47095.41,4
PSB,2024,8,2024-08,489,220662,Lucas Ramos,43970.48,5
PSB,2024,8,2024-08,559,220668,Maria Arraes,40098.26,6
PSB,2024,8,2024-08,51,220676,Andreia Siqueira,39814.03,7
PSB,2024,8,2024-08,661,160517,Paulo Folletto,38056.70,8
PSB,2024,8,2024-08,459,204550,Júnior Mano,37963.35,9
PSB,2024,8,2024-08,388,204533,Idilvan Alencar,25768.24,10
PSB,2024,9,2024-09,744,204489,Robério Monteiro,78350.00,1
PSB,2024,9,2024-09,51,220676,Andreia Siqueira,59052.22,2
PSB,2024,9,2024-09,661,160517,Paulo Folletto,47775.47,3
PSB,2024,9,2024-09,489,220662,Lucas Ramos,47765.84,4
PSB,2024,9,2024-09,275,220663,Eriberto Medeiros,47045.02,5
PSB,2024,9,2024-09,292,72442,Felipe Carreras,46832.39,6
PSB,2024,9,2024-09,559,220668,Maria Arraes,44368.92,7
PSB,2024,9,2024-09,526,139285,Lídice Da Mata,38702.86,8
PSB,2024,9,2024-09,413,160548,Jonas Donizette,27095.68,9
PSB,2024,9,2024-09,459,204550,Júnior Mano,24396.35,10
PSB,2024,10,2024-10,607,178858,Mário Negromonte Jr.,64513.48,1
PSB,2024,10,2024-10,489,220662,Lucas Ramos,50676.36,2
PSB,2024,10,2024-10,292,72442,Felipe Carreras,49279.82,3
PSB,2024,10,2024-10,661,160517,Paulo Folletto,48706.23,4
PSB,2024,10,2024-10,275,220663,Eriberto Medeiros,47558.55,5
PSB,2024,10,2024-10,526,139285,Lídice Da Mata,46123.56,6
PSB,2024,10,2024-10,559,220668,Maria Arraes,44176.40,7
PSB,2024,10,2024-10,496,178931,Luciano Ducci,42951.79,8
PSB,2024,10,2024-10,744,204489,Robério Monteiro,40809.96,9
PSB,2024,10,2024-10,413,160548,Jonas Donizette,34997.26,10
PSB,2024,11,2024-11,814,204534,Tabata Amaral,118150.76,1
PSB,2024,11,2024-11,526,139285,Lídice Da Mata,78524.70,2
PSB,2024,11,2024-11,607,178858,Mário Negromonte Jr.,71295.07,3
PSB,2024,11,2024-11,51,220676,Andreia Siqueira,70742.89,4
PSB,2024,11,2024-11,677,220667,Pedro Campos,66553.07,5
PSB,2024,11,2024-11,292,72442,Felipe Carreras,64583.13,6
PSB,2024,11,2024-11,489,220662,Lucas Ramos,52686.18,7
PSB,2024,11,2024-11,413,160548,Jonas Donizette,50906.36,8
PSB,2024,11,2024-11,496,178931,Luciano Ducci,49114.42,9
PSB,2024,11,2024-11,388,204533,Idilvan Alencar,44538.04,10
PSB,2024,12,2024-12,607,178858,Mário Negromonte Jr.,134945.78,1
PSB,2024,12,2024-12,661,160517,Paulo Folletto,116808.33,2
PSB,2024,12,2024-12,814,204534,Tabata Amaral,107892.36,3
PSB,2024,12,2024-12,51,220676,Andreia Siqueira,96166.91,4
PSB,2024,12,2024-12,677,220667,Pedro Campos,94927.74,5
PSB,2024,12,2024-12,388,204533,Idilvan Alencar,94102.14,6
PSB,2024,12,2024-12,496,178931,Luciano Ducci,88949.91,7
PSB,2024,12,2024-12,413,160548,Jonas Donizette,80632.70,8
PSB,2024,12,2024-12,292,72442,Felipe Carreras,79783.97,9
PSB,2024,12,2024-12,744,204489,Robério Monteiro,63059.39,10
PSB,2025,1,2025-01,292,72442,Felipe Carreras,47032.50,1
PSB,2025,1,2025-01,744,204489,Robério Monteiro,44542.57,2
PSB,2025,1,2025-01,526,139285,Lídice Da Mata,41422.45,3
PSB,2025,1,2025-01,275,220663,Eriberto Medeiros,41043.06,4
PSB,2025,1,2025-01,559,220668,Maria Arraes,39748.16,5
PSB,2025,1,2025-01,677,220667,Pedro Campos,36673.70,6
PSB,2025,1,2025-01,413,160548,Jonas Donizette,32781.30,7
PSB,2025,1,2025-01,607,178858,Mário Negromonte Jr.,27964.37,8
PSB,2025,1,2025-01,489,220662,Lucas Ramos,22675.57,9
PSB,2025,1,2025-01,51,220676,Andreia Siqueira,14779.78,10
PSB,2025,2,2025-02,51,220676,Andreia Siqueira,80494.48,1
PSB,2025,2,2025-02,661,160517,Paulo Folletto,66403.50,2
PSB,2025,2,2025-02,526,139285,Lídice Da Mata,64106.82,3
PSB,2025,2,2025-02,413,160548,Jonas Donizette,55714.14,4
PSB,2025,2,2025-02,744,204489,Robério Monteiro,50705.98,5
PSB,2025,2,2025-02,677,220667,Pedro Campos,48271.43,6
PSB,2025,2,2025-02,275,220663,Eriberto Medeiros,42365.14,7
PSB,2025,2,2025-02,459,204550,Júnior Mano,40874.95,8
PSB,2025,2,2025-02,292,72442,Felipe Carreras,39153.24,9
PSB,2025,2,2025-02,489,220662,Lucas Ramos,35476.24,10
PSB,2025,3,2025-03,51,220676,Andreia Siqueira,71180.97,1
PSB,2025,3,2025-03,677,220667,Pedro Campos,70915.59,2
PSB,2025,3,2025-03,814,204534,Tabata Amaral,69560.29,3
PSB,2025,3,2025-03,661,160517,Paulo Folletto,68085.90,4
PSB,2025,3,2025-03,526,139285,Lídice Da Mata,51497.25,5
PSB,2025,3,2025-03,275,220663,Eriberto Medeiros,47285.15,6
PSB,2025,3,2025-03,744,204489,Robério Monteiro,47233.42,7
PSB,2025,3,2025-03,413,160548,Jonas Donizette,39314.27,8
PSB,2025,3,2025-03,607,178858,Mário Negromonte Jr.,39098.86,9
PSB,2025,3,2025-03,292,72442,Felipe Carreras,36599.51,10
PSB,2025,4,2025-04,744,204489,Robério Monteiro,77467.23,1
PSB,2025,4,2025-04,677,220667,Pedro Campos,73951.70,2
PSB,2025,4,2025-04,51,220676,Andreia Siqueira,71224.64,3
PSB,2025,4,2025-04,559,220668,Maria Arraes,64742.23,4
PSB,2025,4,2025-04,814,204534,Tabata Amaral,63953.70,5
PSB,2025,4,2025-04,292,72442,Felipe Carreras,56938.54,6
PSB,2025,4,2025-04,275,220663,Eriberto Medeiros,53433.03,7
PSB,2025,4,2025-04,459,204550,Júnior Mano,49736.30,8
PSB,2025,4,2025-04,413,160548,Jonas Donizette,46959.25,9
PSB,2025,4,2025-04,496,178931,Luciano Ducci,45535.40,10
PSB,2025,5,2025-05,51,220676,Andreia Siqueira,68668.77,1
PSB,2025,5,2025-05,489,220662,Lucas Ramos,58647.13,2
PSB,2025,5,2025-05,459,204550,Júnior Mano,58246.30,3
PSB,2025,5,2025-05,661,160517,Paulo Folletto,55849.99,4
PSB,2025,5,2025-05,677,220667,Pedro Campos,54599.70,5
PSB,2025,5,2025-05,275,220663,Eriberto Medeiros,52001.56,6
PSB,2025,5,2025-05,292,72442,Felipe Carreras,48169.78,7
PSB,2025,5,2025-05,496,178931,Luciano Ducci,41765.83,8
PSB,2025,5,2025-05,526,139285,Lídice Da Mata,41327.72,9
PSB,2025,5,2025-05,413,160548,Jonas Donizette,37185.51,10
PSB,2025,6,2025-06,459,204550,Júnior Mano,89390.86,1
PSB,2025,6,2025-06,496,178931,Luciano Ducci,82107.75,2
PSB,2025,6,2025-06,489,220662,Lucas Ramos,60723.04,3
PSB,2025,6,2025-06,814,204534,Tabata Amaral,50532.40,4
PSB,2025,6,2025-06,275,220663,Eriberto Medeiros,48218.10,5
PSB,2025,6,2025-06,744,204489,Robério Monteiro,43452.27,6
PSB,2025,6,2025-06,526,139285,Lídice Da Mata,42563.88,7
PSB,2025,6,2025-06,413,160548,Jonas Donizette,39550.98,8
PSB,2025,6,2025-06,677,220667,Pedro Campos,39293.55,9
PSB,2025,6,2025-06,292,72442,Felipe Carreras,34285.74,10
PSB,2025,7,2025-07,607,178858,Mário Negromonte Jr.,86198.09,1
PSB,2025,7,2025-07,661,160517,Paulo Folletto,78448.90,2
PSB,2025,7,2025-07,744,204489,Robério Monteiro,51923.01,3
PSB,2025,7,2025-07,814,204534,Tabata Amaral,51564.74,4
PSB,2025,7,2025-07,489,220662,Lucas Ramos,50780.82,5
PSB,2025,7,2025-07,51,220676,Andreia Siqueira,49819.73,6
PSB,2025,7,2025-07,413,160548,Jonas Donizette,48575.08,7
PSB,2025,7,2025-07,275,220663,Eriberto Medeiros,47087.04,8
PSB,2025,7,2025-07,292,72442,Felipe Carreras,44316.42,9
PSB,2025,7,2025-07,677,220667,Pedro Campos,41665.53,10
PSB,2025,8,2025-08,275,220663,Eriberto Medeiros,56829.89,1
PSB,2025,8,2025-08,814,204534,Tabata Amaral,51574.75,2
PSB,2025,8,2025-08,559,220668,Maria Arraes,51214.42,3
PSB,2025,8,2025-08,489,220662,Lucas Ramos,48633.39,4
PSB,2025,8,2025-08,496,178931,Luciano Ducci,38907.55,5
PSB,2025,8,2025-08,526,139285,Lídice Da Mata,38085.35,6
PSB,2025,8,2025-08,292,72442,Felipe Carreras,36275.92,7
PSB,2025,8,2025-08,677,220667,Pedro Campos,36054.99,8
PSB,2025,8,2025-08,744,204489,Robério Monteiro,32020.60,9
PSB,2025,8,2025-08,413,160548,Jonas Donizette,30683.72,10
PSB,2025,9,2025-09,51,220676,Andreia Siqueira,63008.00,1
PSB,2025,9,2025-09,753,141533,Rodrigo Rollemberg,59180.69,2
PSB,2025,9,2025-09,661,160517,Paulo Folletto,44549.90,3
PSB,2025,9,2025-09,459,204550,Júnior Mano,43687.58,4
PSB,2025,9,2025-09,275,220663,Eriberto Medeiros,43608.19,5
PSB,2025,9,2025-09,814,204534,Tabata Amaral,42334.85,6
PSB,2025,9,2025-09,489,220662,Lucas Ramos,42200.00,7
PSB,2025,9,2025-09,526,139285,Lídice Da Mata,35935.07,8
PSB,2025,9,2025-09,413,160548,Jonas Donizette,35162.53,9
PSB,2025,9,2025-09,677,220667,Pedro Campos,34832.88,10
PSB,2025,10,2025-10,559,220668,Maria Arraes,87645.07,1
PSB,2025,10,2025-10,607,178858,Mário Negromonte Jr.,78297.56,2
PSB,2025,10,2025-10,489,220662,Lucas Ramos,62200.00,3
PSB,2025,10,2025-10,51,220676,Andreia Siqueira,45231.26,4
PSB,2025,10,2025-10,496,178931,Luciano Ducci,42990.68,5
PSB,2025,10,2025-10,459,204550,Júnior Mano,42757.58,6
PSB,2025,10,2025-10,814,204534,Tabata Amaral,41825.45,7
PSB,2025,10,2025-10,275,220663,Eriberto Medeiros,41338.87,8
PSB,2025,10,2025-10,526,139285,Lídice Da Mata,37342.76,9
PSB,2025,10,2025-10,677,220667,Pedro Campos,36403.56,10
PSB,2025,11,2025-11,51,220676,Andreia Siqueira,58000.32,1
PSB,2025,11,2025-11,744,204489,Robério Monteiro,56267.41,2
PSB,2025,11,2025-11,814,204534,Tabata Amaral,36666.08,3
PSB,2025,11,2025-11,559,220668,Maria Arraes,34199.30,4
PSB,2025,11,2025-11,526,139285,Lídice Da Mata,33706.00,5
PSB,2025,11,2025-11,292,72442,Felipe Carreras,31420.07,6
PSB,2025,11,2025-11,753,141533,Rodrigo Rollemberg,29774.79,7
PSB,2025,11,2025-11,496,178931,Luciano Ducci,28915.04,8
PSB,2025,11,2025-11,607,178858,Mário Negromonte Jr.,27325.89,9
PSB,2025,11,2025-11,413,160548,Jonas Donizette,23980.61,10
PSB,2025,12,2025-12,413,160548,Jonas Donizette,85490.09,1
PSB,2025,12,2025-12,661,160517,Paulo Folletto,78867.32,2
PSB,2025,12,2025-12,677,220667,Pedro Campos,59035.29,3
PSB,2025,12,2025-12,526,139285,Lídice Da Mata,56339.30,4
PSB,2025,12,2025-12,51,220676,Andreia Siqueira,53000.62,5
PSB,2025,12,2025-12,753,141533,Rodrigo Rollemberg,50644.62,6
PSB,2025,12,2025-12,559,220668,Maria Arraes,50525.56,7
PSB,2025,12,2025-12,496,178931,Luciano Ducci,37359.69,8
PSB,2025,12,2025-12,292,72442,Felipe Carreras,35344.87,9
PSB,2025,12,2025-12,814,204534,Tabata Amaral,32995.64,10
PSB,2026,1,2026-01,51,220676,Andreia Siqueira,64146.84,1
PSB,2026,1,2026-01,661,160517,Paulo Folletto,44988.38,2
PSB,2026,1,2026-01,292,72442,Felipe Carreras,42812.81,3
PSB,2026,1,2026-01,489,220662,Lucas Ramos,37248.40,4
PSB,2026,1,2026-01,526,139285,Lídice Da Mata,35727.51,5
PSB,2026,1,2026-01,275,220663,Eriberto Medeiros,35550.44,6
PSB,2026,1,2026-01,814,204534,Tabata Amaral,28226.67,7
PSB,2026,1,2026-01,413,160548,Jonas Donizette,26144.72,8
PSB,2026,1,2026-01,559,220668,Maria Arraes,21638.35,9
PSB,2026,1,2026-01,753,141533,Rodrigo Rollemberg,20156.20,10
PSB,2026,2,2026-02,607,178858,Mário Negromonte Jr.,82830.94,1
PSB,2026,2,2026-02,814,204534,Tabata Amaral,49428.72,2
PSB,2026,2,2026-02,661,160517,Paulo Folletto,44256.23,3
PSB,2026,2,2026-02,496,178931,Luciano Ducci,41662.04,4
PSB,2026,2,2026-02,526,139285,Lídice Da Mata,41508.78,5
PSB,2026,2,2026-02,292,72442,Felipe Carreras,38277.29,6
PSB,2026,2,2026-02,489,220662,Lucas Ramos,34000.00,7
PSB,2026,2,2026-02,51,220676,Andreia Siqueira,33749.75,8
PSB,2026,2,2026-02,677,220667,Pedro Campos,32947.13,9
PSB,2026,2,2026-02,744,204489,Robério Monteiro,30797.23,10
PSB,2026,3,2026-03,489,220662,Lucas Ramos,84200.00,1
PSB,2026,3,2026-03,607,178858,Mário Negromonte Jr.,66102.31,2
PSB,2026,3,2026-03,51,220676,Andreia Siqueira,58749.98,3
PSB,2026,3,2026-03,459,204550,Júnior Mano,55204.93,4
PSB,2026,3,2026-03,275,220663,Eriberto Medeiros,54376.29,5
PSB,2026,3,2026-03,496,178931,Luciano Ducci,46486.59,6
PSB,2026,3,2026-03,661,160517,Paulo Folletto,43056.65,7
PSB,2026,3,2026-03,292,72442,Felipe Carreras,41646.66,8
PSB,2026,3,2026-03,814,204534,Tabata Amaral,38074.58,9
PSB,2026,3,2026-03,526,139285,Lídice Da Mata,37600.57,10
PSB,2026,4,2026-04,51,220676,Andreia Siqueira,53749.17,1
PSB,2026,4,2026-04,744,204489,Robério Monteiro,37500.00,2
PSB,2026,4,2026-04,559,220668,Maria Arraes,32448.84,3
PSB,2026,4,2026-04,526,139285,Lídice Da Mata,31557.24,4
PSB,2026,4,2026-04,661,160517,Paulo Folletto,27344.97,5
PSB,2026,4,2026-04,677,220667,Pedro Campos,20937.76,6
PSB,2026,4,2026-04,814,204534,Tabata Amaral,19185.97,7
PSB,2026,4,2026-04,413,160548,Jonas Donizette,17768.16,8
PSB,2026,4,2026-04,459,204550,Júnior Mano,14591.63,9
PSB,2026,4,2026-04,292,72442,Felipe Carreras,14187.08,10
PSC,,,,351,204419,Glaustin Da Fokus,162.15,1
PSC,,,,468,160534,Lauriete,85.63,2
PSC,,,,279,204482,Euclydes Pettersen,75.67,3
PSC,,,,776,160635,Ruy Carneiro,70.94,4
PSC,,,,357,204513,Guiga Peixoto,63.12,5
PSC,,,,475,122195,Leonardo Gadelha,45.98,6
PSC,,,,633,204363,Osires Damaso,37.37,7
PSC,,,,342,74270,Gilberto Nascimento,10.65,8
PSC,,,,487,219592,Lucas Follador,4.01,9
PSC,,,,3,204554,Abílio Santana,2.25,10
PSC,2021,12,2021-12,468,160534,Lauriete,5294.40,1
PSC,2022,1,2022-01,679,217330,Pedro Dalua,46117.15,1
PSC,2022,1,2022-01,342,74270,Gilberto Nascimento,42551.40,2
PSC,2022,1,2022-01,475,122195,Leonardo Gadelha,37046.00,3
PSC,2022,1,2022-01,3,204554,Abílio Santana,33227.00,4
PSC,2022,1,2022-01,279,204482,Euclydes Pettersen,27457.31,5
PSC,2022,1,2022-01,776,160635,Ruy Carneiro,20866.26,6
PSC,2022,1,2022-01,357,204513,Guiga Peixoto,17670.12,7
PSC,2022,1,2022-01,468,160534,Lauriete,12363.30,8
PSC,2022,1,2022-01,633,204363,Osires Damaso,8828.92,9
PSC,2022,1,2022-01,351,204419,Glaustin Da Fokus,6586.53,10
PSC,2022,2,2022-02,342,74270,Gilberto Nascimento,47047.82,1
PSC,2022,2,2022-02,776,160635,Ruy Carneiro,40566.46,2
PSC,2022,2,2022-02,633,204363,Osires Damaso,40461.52,3
PSC,2022,2,2022-02,468,160534,Lauriete,40089.27,4
PSC,2022,2,2022-02,3,204554,Abílio Santana,39251.87,5
PSC,2022,2,2022-02,679,217330,Pedro Dalua,36981.68,6
PSC,2022,2,2022-02,475,122195,Leonardo Gadelha,35186.71,7
PSC,2022,2,2022-02,357,204513,Guiga Peixoto,29882.53,8
PSC,2022,2,2022-02,279,204482,Euclydes Pettersen,22218.79,9
PSC,2022,2,2022-02,351,204419,Glaustin Da Fokus,11807.20,10
PSC,2022,3,2022-03,776,160635,Ruy Carneiro,59070.64,1
PSC,2022,3,2022-03,342,74270,Gilberto Nascimento,54725.22,2
PSC,2022,3,2022-03,679,217330,Pedro Dalua,53448.41,3
PSC,2022,3,2022-03,279,204482,Euclydes Pettersen,52583.01,4
PSC,2022,3,2022-03,633,204363,Osires Damaso,47483.84,5
PSC,2022,3,2022-03,3,204554,Abílio Santana,40431.27,6
PSC,2022,3,2022-03,475,122195,Leonardo Gadelha,40396.94,7
PSC,2022,3,2022-03,468,160534,Lauriete,33175.63,8
PSC,2022,3,2022-03,351,204419,Glaustin Da Fokus,26272.94,9
PSC,2022,3,2022-03,357,204513,Guiga Peixoto,23224.34,10
PSC,2022,4,2022-04,633,204363,Osires Damaso,71036.61,1
PSC,2022,4,2022-04,342,74270,Gilberto Nascimento,48071.24,2
PSC,2022,4,2022-04,351,204419,Glaustin Da Fokus,43873.06,3
PSC,2022,4,2022-04,357,204513,Guiga Peixoto,38145.16,4
PSC,2022,4,2022-04,3,204554,Abílio Santana,37649.79,5
PSC,2022,4,2022-04,776,160635,Ruy Carneiro,36886.05,6
PSC,2022,4,2022-04,468,160534,Lauriete,35900.91,7
PSC,2022,4,2022-04,475,122195,Leonardo Gadelha,35413.56,8
PSC,2022,4,2022-04,279,204482,Euclydes Pettersen,24295.60,9
PSC,2022,5,2022-05,3,204554,Abílio Santana,53223.43,1
PSC,2022,5,2022-05,475,122195,Leonardo Gadelha,48606.65,2
PSC,2022,5,2022-05,468,160534,Lauriete,48381.23,3
PSC,2022,5,2022-05,357,204513,Guiga Peixoto,43213.74,4
PSC,2022,5,2022-05,633,204363,Osires Damaso,41182.84,5
PSC,2022,5,2022-05,776,160635,Ruy Carneiro,39660.44,6
PSC,2022,5,2022-05,342,74270,Gilberto Nascimento,37517.28,7
PSC,2022,5,2022-05,279,204482,Euclydes Pettersen,23935.52,8
PSC,2022,5,2022-05,351,204419,Glaustin Da Fokus,15402.94,9
PSC,2022,6,2022-06,351,204419,Glaustin Da Fokus,116299.00,1
PSC,2022,6,2022-06,279,204482,Euclydes Pettersen,47362.98,2
PSC,2022,6,2022-06,357,204513,Guiga Peixoto,43804.72,3
PSC,2022,6,2022-06,342,74270,Gilberto Nascimento,39988.03,4
PSC,2022,6,2022-06,3,204554,Abílio Santana,35504.67,5
PSC,2022,6,2022-06,776,160635,Ruy Carneiro,24370.28,6
PSC,2022,6,2022-06,468,160534,Lauriete,22102.15,7
PSC,2022,6,2022-06,633,204363,Osires Damaso,21369.27,8
PSC,2022,6,2022-06,487,219592,Lucas Follador,14034.43,9
PSC,2022,6,2022-06,475,122195,Leonardo Gadelha,6342.68,10
PSC,2022,7,2022-07,357,204513,Guiga Peixoto,37987.83,1
PSC,2022,7,2022-07,342,74270,Gilberto Nascimento,35286.75,2
PSC,2022,7,2022-07,468,160534,Lauriete,26039.21,3
PSC,2022,7,2022-07,487,219592,Lucas Follador,23416.88,4
PSC,2022,7,2022-07,776,160635,Ruy Carneiro,16811.66,5
PSC,2022,7,2022-07,279,204482,Euclydes Pettersen,11553.01,6
PSC,2022,7,2022-07,3,204554,Abílio Santana,10817.65,7
PSC,2022,7,2022-07,351,204419,Glaustin Da Fokus,6000.00,8
PSC,2022,8,2022-08,342,74270,Gilberto Nascimento,30343.75,1
PSC,2022,8,2022-08,357,204513,Guiga Peixoto,26376.43,2
PSC,2022,8,2022-08,279,204482,Euclydes Pettersen,17640.75,3
PSC,2022,8,2022-08,468,160534,Lauriete,16434.32,4
PSC,2022,8,2022-08,487,219592,Lucas Follador,15337.96,5
PSC,2022,8,2022-08,776,160635,Ruy Carneiro,4359.61,6
PSC,2022,8,2022-08,351,204419,Glaustin Da Fokus,299.00,7
PSC,2022,9,2022-09,342,74270,Gilberto Nascimento,25370.78,1
PSC,2022,9,2022-09,279,204482,Euclydes Pettersen,15985.96,2
PSC,2022,9,2022-09,468,160534,Lauriete,15030.63,3
PSC,2022,9,2022-09,357,204513,Guiga Peixoto,7281.31,4
PSC,2022,9,2022-09,776,160635,Ruy Carneiro,425.12,5
PSC,2022,10,2022-10,776,160635,Ruy Carneiro,52007.93,1
PSC,2022,10,2022-10,342,74270,Gilberto Nascimento,29203.19,2
PSC,2022,10,2022-10,357,204513,Guiga Peixoto,19312.06,3
PSC,2022,10,2022-10,468,160534,Lauriete,18742.99,4
PSC,2022,10,2022-10,279,204482,Euclydes Pettersen,17719.90,5
PSC,2022,10,2022-10,633,204363,Osires Damaso,7572.76,6
PSC,2022,10,2022-10,487,219592,Lucas Follador,3802.87,7
PSC,2022,10,2022-10,351,204419,Glaustin Da Fokus,1866.41,8
PSC,2022,11,2022-11,468,160534,Lauriete,76787.96,1
PSC,2022,11,2022-11,351,204419,Glaustin Da Fokus,71851.70,2
PSC,2022,11,2022-11,776,160635,Ruy Carneiro,70488.69,3
PSC,2022,11,2022-11,279,204482,Euclydes Pettersen,42316.80,4
PSC,2022,11,2022-11,342,74270,Gilberto Nascimento,39204.83,5
PSC,2022,11,2022-11,633,204363,Osires Damaso,36172.41,6
PSC,2022,11,2022-11,357,204513,Guiga Peixoto,29490.08,7
PSC,2022,11,2022-11,3,204554,Abílio Santana,17789.20,8
PSC,2022,12,2022-12,279,204482,Euclydes Pettersen,117128.65,1
PSC,2022,12,2022-12,351,204419,Glaustin Da Fokus,93293.94,2
PSC,2022,12,2022-12,776,160635,Ruy Carneiro,83003.62,3
PSC,2022,12,2022-12,468,160534,Lauriete,61711.89,4
PSC,2022,12,2022-12,3,204554,Abílio Santana,46420.22,5
PSC,2022,12,2022-12,633,204363,Osires Damaso,39520.13,6
PSC,2022,12,2022-12,342,74270,Gilberto Nascimento,35648.86,7
PSC,2022,12,2022-12,357,204513,Guiga Peixoto,23806.83,8
PSC,2023,1,2023-01,776,160635,Ruy Carneiro,77041.27,1
PSC,2023,1,2023-01,468,160534,Lauriete,41811.54,2
PSC,2023,1,2023-01,633,204363,Osires Damaso,40660.29,3
PSC,2023,1,2023-01,3,204554,Abílio Santana,38569.44,4
PSC,2023,1,2023-01,342,74270,Gilberto Nascimento,29842.28,5
PSC,2023,1,2023-01,351,204419,Glaustin Da Fokus,22481.59,6
PSC,2023,1,2023-01,357,204513,Guiga Peixoto,17281.00,7
PSC,2023,1,2023-01,279,204482,Euclydes Pettersen,16432.25,8
PSC,2023,2,2023-02,351,204419,Glaustin Da Fokus,15802.94,1
PSC,2023,2,2023-02,776,160635,Ruy Carneiro,11499.58,2
PSC,2023,2,2023-02,279,204482,Euclydes Pettersen,1500.00,3
PSC,2023,2,2023-02,468,160534,Lauriete,232.86,4
PSC,2023,2,2023-02,342,74270,Gilberto Nascimento,116.43,5
PSC,2023,3,2023-03,351,204419,Glaustin Da Fokus,39600.00,1
PSC,2023,3,2023-03,279,204482,Euclydes Pettersen,12000.00,2
PSD,,,,189,220561,Delegada Katarina,15200.27,1
PSD,,,,369,178964,Heitor Schuch,15090.29,2
PSD,,,,455,74317,Júlio Cesar,14689.84,3
PSD,,,,131,205476,Charles Fernandes,14288.61,4
PSD,,,,62,160553,Antonio Brito,13187.08,5
PSD,,,,856,178992,Vitor Lippi,12662.55,6
PSD,,,,181,160552,Danrlei De Deus Hinterholz,7888.85,7
PSD,,,,736,213274,Ricardo Silva,6269.53,8
PSD,,,,750,223128,Rodrigo Estacho,5505.05,9
PSD,,,,494,103758,Luciano Azevedo,5209.67,10
PSD,2021,11,2021-11,286,171623,Fabio Reis,508.73,1
PSD,2021,11,2021-11,614,204415,Nereu Crispim,246.84,2
PSD,2021,12,2021-12,62,160553,Antonio Brito,2894.09,1
PSD,2021,12,2021-12,736,213274,Ricardo Silva,2600.00,2
PSD,2021,12,2021-12,161,204488,Célio Studart,2053.63,3
PSD,2021,12,2021-12,809,177282,Subtenente Gonzaga,1462.00,4
PSD,2021,12,2021-12,614,204415,Nereu Crispim,1250.75,5
PSD,2021,12,2021-12,286,171623,Fabio Reis,456.34,6
PSD,2021,12,2021-12,385,204373,Hélio Costa,96.54,7
PSD,2022,1,2022-01,425,215043,Josivaldo Jp,53772.91,1
PSD,2022,1,2022-01,811,73808,Sérgio Brito,44736.95,2
PSD,2022,1,2022-01,614,204415,Nereu Crispim,44220.13,3
PSD,2022,1,2022-01,430,160619,José Nunes,42432.26,4
PSD,2022,1,2022-01,286,171623,Fabio Reis,38565.29,5
PSD,2022,1,2022-01,414,217480,Jones Moura,38545.05,6
PSD,2022,1,2022-01,552,204431,Marcos Aurélio Sampaio,36991.25,7
PSD,2022,1,2022-01,367,204465,Haroldo Cathedral,36427.81,8
PSD,2022,1,2022-01,823,204466,Tereza Nelma,35087.99,9
PSD,2022,1,2022-01,252,204500,Eduardo Costa,33823.98,10
PSD,2022,2,2022-02,614,204415,Nereu Crispim,70764.84,1
PSD,2022,2,2022-02,425,215043,Josivaldo Jp,70215.72,2
PSD,2022,2,2022-02,246,204562,Edilázio Júnior,65026.72,3
PSD,2022,2,2022-02,62,160553,Antonio Brito,61272.69,4
PSD,2022,2,2022-02,214,143632,Domingos Neto,58643.32,5
PSD,2022,2,2022-02,455,74317,Júlio Cesar,57098.85,6
PSD,2022,2,2022-02,161,204488,Célio Studart,54882.29,7
PSD,2022,2,2022-02,881,74090,Átila Lins,54631.98,8
PSD,2022,2,2022-02,469,178832,Leandre,53893.68,9
PSD,2022,2,2022-02,414,217480,Jones Moura,48865.36,10
PSD,2022,3,2022-03,795,204557,Sidney Leite,100641.01,1
PSD,2022,3,2022-03,672,216544,Paulo Vicente Caleffi,66079.46,2
PSD,2022,3,2022-03,881,74090,Átila Lins,65547.63,3
PSD,2022,3,2022-03,667,74574,Paulo Magalhães,60870.73,4
PSD,2022,3,2022-03,718,205865,Reinhold Stephanes,58164.39,5
PSD,2022,3,2022-03,62,160553,Antonio Brito,57813.79,6
PSD,2022,3,2022-03,543,204556,Marcelo Ramos,57036.16,7
PSD,2022,3,2022-03,161,204488,Célio Studart,56966.79,8
PSD,2022,3,2022-03,548,204522,Marco Bertaiolli,55619.15,9
PSD,2022,3,2022-03,823,204466,Tereza Nelma,52954.30,10
PSD,2022,4,2022-04,131,205476,Charles Fernandes,67263.20,1
PSD,2022,4,2022-04,811,73808,Sérgio Brito,58427.40,2
PSD,2022,4,2022-04,783,204387,Sargento Fahur,58379.30,3
PSD,2022,4,2022-04,425,215043,Josivaldo Jp,54348.11,4
PSD,2022,4,2022-04,108,178924,Capitão Fábio Abreu,54223.30,5
PSD,2022,4,2022-04,62,160553,Antonio Brito,51591.55,6
PSD,2022,4,2022-04,414,217480,Jones Moura,50391.66,7
PSD,2022,4,2022-04,809,177282,Subtenente Gonzaga,50173.34,8
PSD,2022,4,2022-04,161,204488,Célio Studart,50143.33,9
PSD,2022,4,2022-04,207,160588,Diego Andrade,49887.71,10
PSD,2022,5,2022-05,108,178924,Capitão Fábio Abreu,66786.56,1
PSD,2022,5,2022-05,823,204466,Tereza Nelma,65838.29,2
PSD,2022,5,2022-05,161,204488,Célio Studart,65245.78,3
PSD,2022,5,2022-05,795,204557,Sidney Leite,62066.88,4
PSD,2022,5,2022-05,781,160621,Sandro Alex,59185.23,5
PSD,2022,5,2022-05,552,204431,Marcos Aurélio Sampaio,58852.12,6
PSD,2022,5,2022-05,385,204373,Hélio Costa,56329.38,7
PSD,2022,5,2022-05,809,177282,Subtenente Gonzaga,55707.68,8
PSD,2022,5,2022-05,130,204504,Cezinha De Madureira,55687.84,9
PSD,2022,5,2022-05,207,160588,Diego Andrade,54786.08,10
PSD,2022,6,2022-06,770,214477,Rrenato Queiroz,87831.73,1
PSD,2022,6,2022-06,214,143632,Domingos Neto,64691.89,2
PSD,2022,6,2022-06,881,74090,Átila Lins,60728.68,3
PSD,2022,6,2022-06,543,204556,Marcelo Ramos,59573.89,4
PSD,2022,6,2022-06,736,213274,Ricardo Silva,56639.28,5
PSD,2022,6,2022-06,385,204373,Hélio Costa,52725.42,6
PSD,2022,6,2022-06,62,160553,Antonio Brito,51940.15,7
PSD,2022,6,2022-06,252,204500,Eduardo Costa,47975.07,8
PSD,2022,6,2022-06,809,177282,Subtenente Gonzaga,46486.28,9
PSD,2022,6,2022-06,181,160552,Danrlei De Deus Hinterholz,43897.41,10
PSD,2022,7,2022-07,543,204556,Marcelo Ramos,66987.62,1
PSD,2022,7,2022-07,62,160553,Antonio Brito,47673.96,2
PSD,2022,7,2022-07,781,160621,Sandro Alex,45284.19,3
PSD,2022,7,2022-07,683,122158,Pedro Paulo,44982.27,4
PSD,2022,7,2022-07,640,204573,Otto Alencar Filho,40618.04,5
PSD,2022,7,2022-07,181,160552,Danrlei De Deus Hinterholz,39340.59,6
PSD,2022,7,2022-07,809,177282,Subtenente Gonzaga,38947.42,7
PSD,2022,7,2022-07,667,74574,Paulo Magalhães,38834.38,8
PSD,2022,7,2022-07,425,215043,Josivaldo Jp,38054.03,9
PSD,2022,7,2022-07,54,74471,André De Paula,37298.46,10
PSD,2022,8,2022-08,770,214477,Rrenato Queiroz,56721.33,1
PSD,2022,8,2022-08,385,204373,Hélio Costa,50221.91,2
PSD,2022,8,2022-08,881,74090,Átila Lins,47784.57,3
PSD,2022,8,2022-08,667,74574,Paulo Magalhães,39842.21,4
PSD,2022,8,2022-08,108,178924,Capitão Fábio Abreu,37119.70,5
PSD,2022,8,2022-08,809,177282,Subtenente Gonzaga,37074.41,6
PSD,2022,8,2022-08,130,204504,Cezinha De Madureira,35433.00,7
PSD,2022,8,2022-08,27,105534,Alexandre Figueiredo,34825.66,8
PSD,2022,8,2022-08,252,204500,Eduardo Costa,32690.03,9
PSD,2022,8,2022-08,823,204466,Tereza Nelma,32156.09,10
PSD,2022,9,2022-09,811,73808,Sérgio Brito,33298.43,1
PSD,2022,9,2022-09,108,178924,Capitão Fábio Abreu,31113.21,2
PSD,2022,9,2022-09,367,204465,Haroldo Cathedral,29620.50,3
PSD,2022,9,2022-09,823,204466,Tereza Nelma,29326.85,4
PSD,2022,9,2022-09,667,74574,Paulo Magalhães,27189.13,5
PSD,2022,9,2022-09,543,204556,Marcelo Ramos,23390.06,6
PSD,2022,9,2022-09,252,204500,Eduardo Costa,22578.30,7
PSD,2022,9,2022-09,640,204573,Otto Alencar Filho,21936.34,8
PSD,2022,9,2022-09,683,122158,Pedro Paulo,21883.70,9
PSD,2022,9,2022-09,385,204373,Hélio Costa,21311.53,10
PSD,2022,10,2022-10,614,204415,Nereu Crispim,93406.66,1
PSD,2022,10,2022-10,516,162332,Luiz Nishimori,78692.75,2
PSD,2022,10,2022-10,543,204556,Marcelo Ramos,65895.51,3
PSD,2022,10,2022-10,214,143632,Domingos Neto,51206.21,4
PSD,2022,10,2022-10,108,178924,Capitão Fábio Abreu,49821.98,5
PSD,2022,10,2022-10,27,105534,Alexandre Figueiredo,49090.56,6
PSD,2022,10,2022-10,455,74317,Júlio Cesar,48440.69,7
PSD,2022,10,2022-10,592,178895,Misael Varella,47125.96,8
PSD,2022,10,2022-10,252,204500,Eduardo Costa,43415.66,9
PSD,2022,10,2022-10,811,73808,Sérgio Brito,42244.44,10
PSD,2022,11,2022-11,312,204392,Francisco Jr.,92717.73,1
PSD,2022,11,2022-11,246,204562,Edilázio Júnior,84938.20,2
PSD,2022,11,2022-11,552,204431,Marcos Aurélio Sampaio,78916.80,3
PSD,2022,11,2022-11,367,204465,Haroldo Cathedral,67669.96,4
PSD,2022,11,2022-11,54,74471,André De Paula,65036.48,5
PSD,2022,11,2022-11,543,204556,Marcelo Ramos,61866.87,6
PSD,2022,11,2022-11,592,178895,Misael Varella,61651.91,7
PSD,2022,11,2022-11,182,116379,Darci De Matos,60794.86,8
PSD,2022,11,2022-11,323,160587,Fábio Trad,60125.97,9
PSD,2022,11,2022-11,455,74317,Júlio Cesar,58455.78,10
PSD,2022,12,2022-12,282,178953,Expedito Netto,190703.37,1
PSD,2022,12,2022-12,795,204557,Sidney Leite,162458.97,2
PSD,2022,12,2022-12,552,204431,Marcos Aurélio Sampaio,116670.34,3
PSD,2022,12,2022-12,458,204497,Júnior Ferrari,106397.00,4
PSD,2022,12,2022-12,246,204562,Edilázio Júnior,101525.96,5
PSD,2022,12,2022-12,131,205476,Charles Fernandes,95646.10,6
PSD,2022,12,2022-12,781,160621,Sandro Alex,94246.12,7
PSD,2022,12,2022-12,286,171623,Fabio Reis,88856.16,8
PSD,2022,12,2022-12,367,204465,Haroldo Cathedral,86114.27,9
PSD,2022,12,2022-12,214,143632,Domingos Neto,82345.68,10
PSD,2023,1,2023-01,246,204562,Edilázio Júnior,77474.98,1
PSD,2023,1,2023-01,214,143632,Domingos Neto,50647.84,2
PSD,2023,1,2023-01,823,204466,Tereza Nelma,47561.70,3
PSD,2023,1,2023-01,182,116379,Darci De Matos,46435.22,4
PSD,2023,1,2023-01,811,73808,Sérgio Brito,46218.45,5
PSD,2023,1,2023-01,367,204465,Haroldo Cathedral,43340.41,6
PSD,2023,1,2023-01,592,178895,Misael Varella,42707.64,7
PSD,2023,1,2023-01,881,74090,Átila Lins,42206.55,8
PSD,2023,1,2023-01,252,204500,Eduardo Costa,41598.26,9
PSD,2023,1,2023-01,683,122158,Pedro Paulo,40628.86,10
PSD,2023,2,2023-02,640,204573,Otto Alencar Filho,53741.07,1
PSD,2023,2,2023-02,781,160621,Sandro Alex,51518.54,2
PSD,2023,2,2023-02,808,92776,Stefano Aguiar,48619.67,3
PSD,2023,2,2023-02,339,74383,Giacobo,47773.27,4
PSD,2023,2,2023-02,286,171623,Fabio Reis,47547.07,5
PSD,2023,2,2023-02,683,122158,Pedro Paulo,47240.33,6
PSD,2023,2,2023-02,223,220614,Dr. Daniel Soranz,45765.03,7
PSD,2023,2,2023-02,493,220581,Luciano Amaral,42196.85,8
PSD,2023,2,2023-02,736,213274,Ricardo Silva,42018.15,9
PSD,2023,2,2023-02,490,204404,Lucas Redecker,41847.07,10
PSD,2023,3,2023-03,881,74090,Átila Lins,106942.06,1
PSD,2023,3,2023-03,455,74317,Júlio Cesar,93877.43,2
PSD,2023,3,2023-03,795,204557,Sidney Leite,82391.17,3
PSD,2023,3,2023-03,711,204567,Raimundo Costa,72344.81,4
PSD,2023,3,2023-03,831,160976,Tiririca,70974.15,5
PSD,2023,3,2023-03,640,204573,Otto Alencar Filho,67469.83,6
PSD,2023,3,2023-03,808,92776,Stefano Aguiar,65506.06,7
PSD,2023,3,2023-03,131,205476,Charles Fernandes,62230.36,8
PSD,2023,3,2023-03,301,92699,Fernando Monteiro,61320.41,9
PSD,2023,3,2023-03,493,220581,Luciano Amaral,61245.06,10
PSD,2023,4,2023-04,339,74383,Giacobo,68596.86,1
PSD,2023,4,2023-04,298,220656,Fernanda Pessoa,57140.19,2
PSD,2023,4,2023-04,326,220708,Gabriel Nunes,52470.23,3
PSD,2023,4,2023-04,493,220581,Luciano Amaral,47151.70,4
PSD,2023,4,2023-04,683,122158,Pedro Paulo,45881.65,5
PSD,2023,4,2023-04,795,204557,Sidney Leite,45741.52,6
PSD,2023,4,2023-04,214,143632,Domingos Neto,45537.83,7
PSD,2023,4,2023-04,736,213274,Ricardo Silva,44742.07,8
PSD,2023,4,2023-04,119,74262,Carlos Sampaio,42664.05,9
PSD,2023,4,2023-04,301,92699,Fernando Monteiro,42597.30,10
PSD,2023,5,2023-05,795,204557,Sidney Leite,91687.97,1
PSD,2023,5,2023-05,667,74574,Paulo Magalhães,90012.32,2
PSD,2023,5,2023-05,371,220537,Helena Lima,75463.32,3
PSD,2023,5,2023-05,881,74090,Átila Lins,72441.03,4
PSD,2023,5,2023-05,214,143632,Domingos Neto,72345.45,5
PSD,2023,5,2023-05,736,213274,Ricardo Silva,63462.10,6
PSD,2023,5,2023-05,712,74084,Raimundo Santos,58256.79,7
PSD,2023,5,2023-05,119,74262,Carlos Sampaio,58023.95,8
PSD,2023,5,2023-05,161,204488,Célio Studart,52513.94,9
PSD,2023,5,2023-05,455,74317,Júlio Cesar,50938.13,10
PSD,2023,6,2023-06,795,204557,Sidney Leite,158913.31,1
PSD,2023,6,2023-06,638,204441,Otoni De Paula,77010.42,2
PSD,2023,6,2023-06,881,74090,Átila Lins,75174.34,3
PSD,2023,6,2023-06,228,220570,Dr. Ismael Alexandrino,66827.15,4
PSD,2023,6,2023-06,712,74084,Raimundo Santos,61855.41,5
PSD,2023,6,2023-06,189,220561,Delegada Katarina,60639.22,6
PSD,2023,6,2023-06,161,204488,Célio Studart,56311.58,7
PSD,2023,6,2023-06,493,220581,Luciano Amaral,50002.25,8
PSD,2023,6,2023-06,326,220708,Gabriel Nunes,48860.35,9
PSD,2023,6,2023-06,131,205476,Charles Fernandes,47393.58,10
PSD,2023,7,2023-07,516,162332,Luiz Nishimori,70159.02,1
PSD,2023,7,2023-07,119,74262,Carlos Sampaio,64523.97,2
PSD,2023,7,2023-07,863,74043,Wellington Roberto,61323.87,3
PSD,2023,7,2023-07,339,74383,Giacobo,60652.22,4
PSD,2023,7,2023-07,161,204488,Célio Studart,59340.35,5
PSD,2023,7,2023-07,62,160553,Antonio Brito,58893.18,6
PSD,2023,7,2023-07,228,220570,Dr. Ismael Alexandrino,56768.34,7
PSD,2023,7,2023-07,736,213274,Ricardo Silva,53524.51,8
PSD,2023,7,2023-07,494,103758,Luciano Azevedo,52992.45,9
PSD,2023,7,2023-07,369,178964,Heitor Schuch,49966.10,10
PSD,2023,8,2023-08,298,220656,Fernanda Pessoa,81909.28,1
PSD,2023,8,2023-08,371,220537,Helena Lima,71016.88,2
PSD,2023,8,2023-08,736,213274,Ricardo Silva,69915.06,3
PSD,2023,8,2023-08,189,220561,Delegada Katarina,68965.90,4
PSD,2023,8,2023-08,455,74317,Júlio Cesar,66746.43,5
PSD,2023,8,2023-08,863,74043,Wellington Roberto,61449.36,6
PSD,2023,8,2023-08,513,220658,Luiz Gastão,57681.36,7
PSD,2023,8,2023-08,62,160553,Antonio Brito,57196.11,8
PSD,2023,8,2023-08,712,74084,Raimundo Santos,56458.39,9
PSD,2023,8,2023-08,585,220585,Mersinho Lucena,53486.02,10
PSD,2023,9,2023-09,863,74043,Wellington Roberto,74402.89,1
PSD,2023,9,2023-09,371,220537,Helena Lima,71745.13,2
PSD,2023,9,2023-09,369,178964,Heitor Schuch,66732.99,3
PSD,2023,9,2023-09,712,74084,Raimundo Santos,61261.27,4
PSD,2023,9,2023-09,548,204522,Marco Bertaiolli,58370.61,5
PSD,2023,9,2023-09,228,220570,Dr. Ismael Alexandrino,55940.67,6
PSD,2023,9,2023-09,214,143632,Domingos Neto,49235.39,7
PSD,2023,9,2023-09,119,74262,Carlos Sampaio,48832.60,8
PSD,2023,9,2023-09,298,220656,Fernanda Pessoa,48463.79,9
PSD,2023,9,2023-09,493,220581,Luciano Amaral,48130.84,10
PSD,2023,10,2023-10,513,220658,Luiz Gastão,88929.86,1
PSD,2023,10,2023-10,371,220537,Helena Lima,79553.21,2
PSD,2023,10,2023-10,467,74856,Laura Carneiro,79251.38,3
PSD,2023,10,2023-10,361,220664,Guilherme Uchoa,65484.45,4
PSD,2023,10,2023-10,102,143942,Caio Vianna,63621.48,5
PSD,2023,10,2023-10,458,204497,Júnior Ferrari,61592.36,6
PSD,2023,10,2023-10,62,160553,Antonio Brito,59042.31,7
PSD,2023,10,2023-10,298,220656,Fernanda Pessoa,57797.92,8
PSD,2023,10,2023-10,131,205476,Charles Fernandes,57058.30,9
PSD,2023,10,2023-10,214,143632,Domingos Neto,54655.88,10
PSD,2023,11,2023-11,513,220658,Luiz Gastão,136641.26,1
PSD,2023,11,2023-11,736,213274,Ricardo Silva,71294.09,2
PSD,2023,11,2023-11,223,220614,Dr. Daniel Soranz,69253.79,3
PSD,2023,11,2023-11,298,220656,Fernanda Pessoa,69079.75,4
PSD,2023,11,2023-11,214,143632,Domingos Neto,64489.59,5
PSD,2023,11,2023-11,455,74317,Júlio Cesar,62697.73,6
PSD,2023,11,2023-11,371,220537,Helena Lima,62248.62,7
PSD,2023,11,2023-11,369,178964,Heitor Schuch,61988.20,8
PSD,2023,11,2023-11,667,74574,Paulo Magalhães,61685.35,9
PSD,2023,11,2023-11,493,220581,Luciano Amaral,55913.89,10
PSD,2023,12,2023-12,207,160588,Diego Andrade,128137.36,1
PSD,2023,12,2023-12,361,220664,Guilherme Uchoa,112494.53,2
PSD,2023,12,2023-12,458,204497,Júnior Ferrari,112173.54,3
PSD,2023,12,2023-12,286,171623,Fabio Reis,109809.66,4
PSD,2023,12,2023-12,863,74043,Wellington Roberto,106764.99,5
PSD,2023,12,2023-12,131,205476,Charles Fernandes,78450.69,6
PSD,2023,12,2023-12,516,162332,Luiz Nishimori,73388.17,7
PSD,2023,12,2023-12,339,74383,Giacobo,65246.78,8
PSD,2023,12,2023-12,493,220581,Luciano Amaral,63702.12,9
PSD,2023,12,2023-12,711,204567,Raimundo Costa,63375.66,10
PSD,2024,1,2024-01,592,178895,Misael Varella,75078.92,1
PSD,2024,1,2024-01,214,143632,Domingos Neto,72788.67,2
PSD,2024,1,2024-01,62,160553,Antonio Brito,58164.61,3
PSD,2024,1,2024-01,228,220570,Dr. Ismael Alexandrino,50615.01,4
PSD,2024,1,2024-01,455,74317,Júlio Cesar,50520.12,5
PSD,2024,1,2024-01,881,74090,Átila Lins,48883.29,6
PSD,2024,1,2024-01,161,204488,Célio Studart,46442.84,7
PSD,2024,1,2024-01,795,204557,Sidney Leite,46133.24,8
PSD,2024,1,2024-01,585,220585,Mersinho Lucena,46126.66,9
PSD,2024,1,2024-01,493,220581,Luciano Amaral,44758.18,10
PSD,2024,2,2024-02,863,74043,Wellington Roberto,100371.38,1
PSD,2024,2,2024-02,881,74090,Átila Lins,77752.96,2
PSD,2024,2,2024-02,492,138286,Luciano Alves,71567.91,3
PSD,2024,2,2024-02,339,74383,Giacobo,66156.36,4
PSD,2024,2,2024-02,750,223128,Rodrigo Estacho,64987.53,5
PSD,2024,2,2024-02,298,220656,Fernanda Pessoa,64498.82,6
PSD,2024,2,2024-02,513,220658,Luiz Gastão,64407.56,7
PSD,2024,2,2024-02,182,116379,Darci De Matos,59843.79,8
PSD,2024,2,2024-02,592,178895,Misael Varella,59234.32,9
PSD,2024,2,2024-02,161,204488,Célio Studart,55582.81,10
PSD,2024,3,2024-03,298,220656,Fernanda Pessoa,62648.42,1
PSD,2024,3,2024-03,494,103758,Luciano Azevedo,62530.76,2
PSD,2024,3,2024-03,369,178964,Heitor Schuch,62327.54,3
PSD,2024,3,2024-03,131,205476,Charles Fernandes,58180.42,4
PSD,2024,3,2024-03,182,116379,Darci De Matos,55764.62,5
PSD,2024,3,2024-03,62,160553,Antonio Brito,54914.84,6
PSD,2024,3,2024-03,856,178992,Vitor Lippi,51740.32,7
PSD,2024,3,2024-03,493,220581,Luciano Amaral,51088.67,8
PSD,2024,3,2024-03,326,220708,Gabriel Nunes,50671.05,9
PSD,2024,3,2024-03,371,220537,Helena Lima,50564.75,10
PSD,2024,4,2024-04,592,178895,Misael Varella,69750.10,1
PSD,2024,4,2024-04,207,160588,Diego Andrade,63883.10,2
PSD,2024,4,2024-04,881,74090,Átila Lins,63787.03,3
PSD,2024,4,2024-04,298,220656,Fernanda Pessoa,60058.07,4
PSD,2024,4,2024-04,513,220658,Luiz Gastão,59540.03,5
PSD,2024,4,2024-04,131,205476,Charles Fernandes,56125.53,6
PSD,2024,4,2024-04,62,160553,Antonio Brito,54404.70,7
PSD,2024,4,2024-04,808,92776,Stefano Aguiar,54091.67,8
PSD,2024,4,2024-04,371,220537,Helena Lima,50236.72,9
PSD,2024,4,2024-04,712,74084,Raimundo Santos,49945.38,10
PSD,2024,5,2024-05,881,74090,Átila Lins,67220.44,1
PSD,2024,5,2024-05,712,74084,Raimundo Santos,65558.23,2
PSD,2024,5,2024-05,161,204488,Célio Studart,60639.48,3
PSD,2024,5,2024-05,189,220561,Delegada Katarina,58062.18,4
PSD,2024,5,2024-05,326,220708,Gabriel Nunes,57866.40,5
PSD,2024,5,2024-05,298,220656,Fernanda Pessoa,57493.61,6
PSD,2024,5,2024-05,513,220658,Luiz Gastão,56580.95,7
PSD,2024,5,2024-05,131,205476,Charles Fernandes,55477.31,8
PSD,2024,5,2024-05,339,74383,Giacobo,52281.44,9
PSD,2024,5,2024-05,182,116379,Darci De Matos,51160.80,10
PSD,2024,6,2024-06,516,162332,Luiz Nishimori,83738.62,1
PSD,2024,6,2024-06,467,74856,Laura Carneiro,62479.35,2
PSD,2024,6,2024-06,369,178964,Heitor Schuch,62298.08,3
PSD,2024,6,2024-06,455,74317,Júlio Cesar,60098.30,4
PSD,2024,6,2024-06,189,220561,Delegada Katarina,58861.69,5
PSD,2024,6,2024-06,214,143632,Domingos Neto,56035.23,6
PSD,2024,6,2024-06,301,92699,Fernando Monteiro,54937.55,7
PSD,2024,6,2024-06,856,178992,Vitor Lippi,54167.13,8
PSD,2024,6,2024-06,592,178895,Misael Varella,53703.35,9
PSD,2024,6,2024-06,371,220537,Helena Lima,53694.24,10
PSD,2024,7,2024-07,808,92776,Stefano Aguiar,73647.02,1
PSD,2024,7,2024-07,62,160553,Antonio Brito,61298.59,2
PSD,2024,7,2024-07,856,178992,Vitor Lippi,54612.31,3
PSD,2024,7,2024-07,326,220708,Gabriel Nunes,54598.71,4
PSD,2024,7,2024-07,214,143632,Domingos Neto,53272.93,5
PSD,2024,7,2024-07,161,204488,Célio Studart,49247.55,6
PSD,2024,7,2024-07,339,74383,Giacobo,46744.63,7
PSD,2024,7,2024-07,301,92699,Fernando Monteiro,45860.15,8
PSD,2024,7,2024-07,711,204567,Raimundo Costa,45425.28,9
PSD,2024,7,2024-07,131,205476,Charles Fernandes,44478.12,10
PSD,2024,8,2024-08,795,204557,Sidney Leite,109098.61,1
PSD,2024,8,2024-08,182,116379,Darci De Matos,61211.47,2
PSD,2024,8,2024-08,808,92776,Stefano Aguiar,54964.59,3
PSD,2024,8,2024-08,301,92699,Fernando Monteiro,54099.36,4
PSD,2024,8,2024-08,856,178992,Vitor Lippi,53742.59,5
PSD,2024,8,2024-08,371,220537,Helena Lima,53091.26,6
PSD,2024,8,2024-08,326,220708,Gabriel Nunes,52292.78,7
PSD,2024,8,2024-08,189,220561,Delegada Katarina,51442.24,8
PSD,2024,8,2024-08,131,205476,Charles Fernandes,48772.18,9
PSD,2024,8,2024-08,339,74383,Giacobo,45108.23,10
PSD,2024,9,2024-09,881,74090,Átila Lins,95276.39,1
PSD,2024,9,2024-09,455,74317,Júlio Cesar,63576.89,2
PSD,2024,9,2024-09,516,162332,Luiz Nishimori,62506.25,3
PSD,2024,9,2024-09,301,92699,Fernando Monteiro,54420.08,4
PSD,2024,9,2024-09,131,205476,Charles Fernandes,54147.04,5
PSD,2024,9,2024-09,856,178992,Vitor Lippi,52537.79,6
PSD,2024,9,2024-09,326,220708,Gabriel Nunes,52413.72,7
PSD,2024,9,2024-09,182,116379,Darci De Matos,49562.14,8
PSD,2024,9,2024-09,339,74383,Giacobo,48000.00,9
PSD,2024,9,2024-09,513,220658,Luiz Gastão,46569.84,10
PSD,2024,10,2024-10,369,178964,Heitor Schuch,63758.77,1
PSD,2024,10,2024-10,881,74090,Átila Lins,56296.52,2
PSD,2024,10,2024-10,119,74262,Carlos Sampaio,56096.35,3
PSD,2024,10,2024-10,455,74317,Júlio Cesar,55399.74,4
PSD,2024,10,2024-10,62,160553,Antonio Brito,54194.32,5
PSD,2024,10,2024-10,516,162332,Luiz Nishimori,54081.08,6
PSD,2024,10,2024-10,339,74383,Giacobo,53974.58,7
PSD,2024,10,2024-10,189,220561,Delegada Katarina,53493.98,8
PSD,2024,10,2024-10,371,220537,Helena Lima,52412.42,9
PSD,2024,10,2024-10,161,204488,Célio Studart,51924.82,10
PSD,2024,11,2024-11,458,204497,Júnior Ferrari,99860.12,1
PSD,2024,11,2024-11,339,74383,Giacobo,71713.59,2
PSD,2024,11,2024-11,371,220537,Helena Lima,66693.36,3
PSD,2024,11,2024-11,228,220570,Dr. Ismael Alexandrino,66304.28,4
PSD,2024,11,2024-11,711,204567,Raimundo Costa,64021.98,5
PSD,2024,11,2024-11,625,227660,Nitinho,60287.83,6
PSD,2024,11,2024-11,214,143632,Domingos Neto,60238.77,7
PSD,2024,11,2024-11,85,220698,Beto Preto,59996.00,8
PSD,2024,11,2024-11,787,226837,Saulo Pedroso,58785.26,9
PSD,2024,11,2024-11,62,160553,Antonio Brito,55338.47,10
PSD,2024,12,2024-12,361,220664,Guilherme Uchoa,242162.96,1
PSD,2024,12,2024-12,795,204557,Sidney Leite,134807.86,2
PSD,2024,12,2024-12,638,204441,Otoni De Paula,130502.75,3
PSD,2024,12,2024-12,223,220614,Dr. Daniel Soranz,100309.95,4
PSD,2024,12,2024-12,787,226837,Saulo Pedroso,95010.57,5
PSD,2024,12,2024-12,493,220581,Luciano Amaral,89651.47,6
PSD,2024,12,2024-12,667,74574,Paulo Magalhães,82234.95,7
PSD,2024,12,2024-12,458,204497,Júnior Ferrari,79905.67,8
PSD,2024,12,2024-12,625,227660,Nitinho,79487.57,9
PSD,2024,12,2024-12,119,74262,Carlos Sampaio,71254.12,10
PSD,2025,1,2025-01,467,74856,Laura Carneiro,57809.87,1
PSD,2025,1,2025-01,228,220570,Dr. Ismael Alexandrino,48500.19,2
PSD,2025,1,2025-01,119,74262,Carlos Sampaio,45144.87,3
PSD,2025,1,2025-01,161,204488,Célio Studart,44919.17,4
PSD,2025,1,2025-01,214,143632,Domingos Neto,44849.57,5
PSD,2025,1,2025-01,513,220658,Luiz Gastão,44026.99,6
PSD,2025,1,2025-01,301,92699,Fernando Monteiro,43940.36,7
PSD,2025,1,2025-01,326,220708,Gabriel Nunes,43478.41,8
PSD,2025,1,2025-01,62,160553,Antonio Brito,43313.59,9
PSD,2025,1,2025-01,189,220561,Delegada Katarina,43078.08,10
PSD,2025,2,2025-02,863,74043,Wellington Roberto,108403.37,1
PSD,2025,2,2025-02,189,220561,Delegada Katarina,79803.96,2
PSD,2025,2,2025-02,62,160553,Antonio Brito,67195.89,3
PSD,2025,2,2025-02,592,178895,Misael Varella,64464.69,4
PSD,2025,2,2025-02,339,74383,Giacobo,63778.19,5
PSD,2025,2,2025-02,371,220537,Helena Lima,61947.69,6
PSD,2025,2,2025-02,161,204488,Célio Studart,58023.94,7
PSD,2025,2,2025-02,326,220708,Gabriel Nunes,55122.09,8
PSD,2025,2,2025-02,207,160588,Diego Andrade,54988.65,9
PSD,2025,2,2025-02,131,205476,Charles Fernandes,54311.27,10
PSD,2025,3,2025-03,795,204557,Sidney Leite,104242.23,1
PSD,2025,3,2025-03,369,178964,Heitor Schuch,77488.95,2
PSD,2025,3,2025-03,863,74043,Wellington Roberto,68751.38,3
PSD,2025,3,2025-03,371,220537,Helena Lima,62275.92,4
PSD,2025,3,2025-03,62,160553,Antonio Brito,60897.68,5
PSD,2025,3,2025-03,131,205476,Charles Fernandes,60401.26,6
PSD,2025,3,2025-03,712,74084,Raimundo Santos,58848.18,7
PSD,2025,3,2025-03,835,157130,Túlio Gadêlha,54548.10,8
PSD,2025,3,2025-03,207,160588,Diego Andrade,51335.46,9
PSD,2025,3,2025-03,490,204404,Lucas Redecker,51326.98,10
PSD,2025,4,2025-04,863,74043,Wellington Roberto,114091.91,1
PSD,2025,4,2025-04,455,74317,Júlio Cesar,73292.37,2
PSD,2025,4,2025-04,371,220537,Helena Lima,68377.04,3
PSD,2025,4,2025-04,339,74383,Giacobo,66553.02,4
PSD,2025,4,2025-04,592,178895,Misael Varella,62885.46,5
PSD,2025,4,2025-04,787,226837,Saulo Pedroso,61129.72,6
PSD,2025,4,2025-04,490,204404,Lucas Redecker,58342.44,7
PSD,2025,4,2025-04,625,227660,Nitinho,55014.00,8
PSD,2025,4,2025-04,189,220561,Delegada Katarina,53900.48,9
PSD,2025,4,2025-04,516,162332,Luiz Nishimori,53628.00,10
PSD,2025,5,2025-05,795,204557,Sidney Leite,76896.31,1
PSD,2025,5,2025-05,513,220658,Luiz Gastão,65318.77,2
PSD,2025,5,2025-05,62,160553,Antonio Brito,64145.29,3
PSD,2025,5,2025-05,371,220537,Helena Lima,62156.66,4
PSD,2025,5,2025-05,683,122158,Pedro Paulo,60059.27,5
PSD,2025,5,2025-05,493,220581,Luciano Amaral,58465.88,6
PSD,2025,5,2025-05,835,157130,Túlio Gadêlha,56392.99,7
PSD,2025,5,2025-05,585,220585,Mersinho Lucena,55305.70,8
PSD,2025,5,2025-05,712,74084,Raimundo Santos,54743.85,9
PSD,2025,5,2025-05,516,162332,Luiz Nishimori,53439.04,10
PSD,2025,6,2025-06,881,74090,Átila Lins,114644.26,1
PSD,2025,6,2025-06,592,178895,Misael Varella,70985.77,2
PSD,2025,6,2025-06,787,226837,Saulo Pedroso,62514.78,3
PSD,2025,6,2025-06,207,160588,Diego Andrade,62177.06,4
PSD,2025,6,2025-06,214,143632,Domingos Neto,57957.98,5
PSD,2025,6,2025-06,585,220585,Mersinho Lucena,57827.13,6
PSD,2025,6,2025-06,269,198783,Emanuel Pinheiro Neto,57685.69,7
PSD,2025,6,2025-06,492,138286,Luciano Alves,57096.23,8
PSD,2025,6,2025-06,161,204488,Célio Studart,55668.55,9
PSD,2025,6,2025-06,189,220561,Delegada Katarina,54778.02,10
PSD,2025,7,2025-07,638,204441,Otoni De Paula,75510.92,1
PSD,2025,7,2025-07,492,138286,Luciano Alves,72915.57,2
PSD,2025,7,2025-07,298,220656,Fernanda Pessoa,70328.39,3
PSD,2025,7,2025-07,835,157130,Túlio Gadêlha,67828.41,4
PSD,2025,7,2025-07,214,143632,Domingos Neto,63314.48,5
PSD,2025,7,2025-07,585,220585,Mersinho Lucena,57252.54,6
PSD,2025,7,2025-07,513,220658,Luiz Gastão,56073.26,7
PSD,2025,7,2025-07,712,74084,Raimundo Santos,54800.90,8
PSD,2025,7,2025-07,711,204567,Raimundo Costa,53254.47,9
PSD,2025,7,2025-07,831,160976,Tiririca,52477.16,10
PSD,2025,8,2025-08,326,220708,Gabriel Nunes,55231.96,1
PSD,2025,8,2025-08,161,204488,Célio Studart,49186.00,2
PSD,2025,8,2025-08,516,162332,Luiz Nishimori,48081.38,3
PSD,2025,8,2025-08,863,74043,Wellington Roberto,46959.17,4
PSD,2025,8,2025-08,361,220664,Guilherme Uchoa,45479.36,5
PSD,2025,8,2025-08,369,178964,Heitor Schuch,44086.94,6
PSD,2025,8,2025-08,856,178992,Vitor Lippi,43473.81,7
PSD,2025,8,2025-08,711,204567,Raimundo Costa,43458.80,8
PSD,2025,8,2025-08,458,204497,Júnior Ferrari,43157.34,9
PSD,2025,8,2025-08,131,205476,Charles Fernandes,40054.07,10
PSD,2025,9,2025-09,881,74090,Átila Lins,101264.38,1
PSD,2025,9,2025-09,787,226837,Saulo Pedroso,100779.21,2
PSD,2025,9,2025-09,863,74043,Wellington Roberto,88147.52,3
PSD,2025,9,2025-09,298,220656,Fernanda Pessoa,79487.33,4
PSD,2025,9,2025-09,467,74856,Laura Carneiro,76525.70,5
PSD,2025,9,2025-09,369,178964,Heitor Schuch,54457.79,6
PSD,2025,9,2025-09,214,143632,Domingos Neto,48435.17,7
PSD,2025,9,2025-09,161,204488,Célio Studart,47805.00,8
PSD,2025,9,2025-09,808,92776,Stefano Aguiar,47360.77,9
PSD,2025,9,2025-09,835,157130,Túlio Gadêlha,45307.82,10
PSD,2025,10,2025-10,298,220656,Fernanda Pessoa,56194.10,1
PSD,2025,10,2025-10,371,220537,Helena Lima,48550.60,2
PSD,2025,10,2025-10,683,122158,Pedro Paulo,48246.60,3
PSD,2025,10,2025-10,711,204567,Raimundo Costa,45601.69,4
PSD,2025,10,2025-10,102,143942,Caio Vianna,45145.97,5
PSD,2025,10,2025-10,269,198783,Emanuel Pinheiro Neto,44680.02,6
PSD,2025,10,2025-10,516,162332,Luiz Nishimori,44267.44,7
PSD,2025,10,2025-10,467,74856,Laura Carneiro,43417.64,8
PSD,2025,10,2025-10,228,220570,Dr. Ismael Alexandrino,41209.77,9
PSD,2025,10,2025-10,326,220708,Gabriel Nunes,40910.04,10
PSD,2025,11,2025-11,516,162332,Luiz Nishimori,84762.65,1
PSD,2025,11,2025-11,795,204557,Sidney Leite,67697.37,2
PSD,2025,11,2025-11,513,220658,Luiz Gastão,58631.08,3
PSD,2025,11,2025-11,369,178964,Heitor Schuch,57763.00,4
PSD,2025,11,2025-11,640,204573,Otto Alencar Filho,55389.83,5
PSD,2025,11,2025-11,592,178895,Misael Varella,53359.70,6
PSD,2025,11,2025-11,711,204567,Raimundo Costa,48594.58,7
PSD,2025,11,2025-11,339,74383,Giacobo,48209.50,8
PSD,2025,11,2025-11,808,92776,Stefano Aguiar,44292.16,9
PSD,2025,11,2025-11,835,157130,Túlio Gadêlha,44265.69,10
PSD,2025,12,2025-12,493,220581,Luciano Amaral,118888.69,1
PSD,2025,12,2025-12,361,220664,Guilherme Uchoa,113457.38,2
PSD,2025,12,2025-12,286,171623,Fabio Reis,99379.81,3
PSD,2025,12,2025-12,667,74574,Paulo Magalhães,94967.69,4
PSD,2025,12,2025-12,711,204567,Raimundo Costa,81194.56,5
PSD,2025,12,2025-12,455,74317,Júlio Cesar,80717.15,6
PSD,2025,12,2025-12,458,204497,Júnior Ferrari,78939.64,7
PSD,2025,12,2025-12,638,204441,Otoni De Paula,78099.99,8
PSD,2025,12,2025-12,369,178964,Heitor Schuch,65991.42,9
PSD,2025,12,2025-12,863,74043,Wellington Roberto,63481.58,10
PSD,2026,1,2026-01,667,74574,Paulo Magalhães,74799.76,1
PSD,2026,1,2026-01,787,226837,Saulo Pedroso,69098.26,2
PSD,2026,1,2026-01,214,143632,Domingos Neto,50224.04,3
PSD,2026,1,2026-01,228,220570,Dr. Ismael Alexandrino,48831.01,4
PSD,2026,1,2026-01,161,204488,Célio Studart,45270.00,5
PSD,2026,1,2026-01,326,220708,Gabriel Nunes,43034.69,6
PSD,2026,1,2026-01,492,138286,Luciano Alves,42999.71,7
PSD,2026,1,2026-01,585,220585,Mersinho Lucena,41971.98,8
PSD,2026,1,2026-01,513,220658,Luiz Gastão,39168.67,9
PSD,2026,1,2026-01,361,220664,Guilherme Uchoa,36851.06,10
PSD,2026,2,2026-02,592,178895,Misael Varella,60302.99,1
PSD,2026,2,2026-02,795,204557,Sidney Leite,58299.10,2
PSD,2026,2,2026-02,881,74090,Átila Lins,56423.07,3
PSD,2026,2,2026-02,493,220581,Luciano Amaral,54032.31,4
PSD,2026,2,2026-02,371,220537,Helena Lima,50254.82,5
PSD,2026,2,2026-02,326,220708,Gabriel Nunes,48720.93,6
PSD,2026,2,2026-02,585,220585,Mersinho Lucena,47856.93,7
PSD,2026,2,2026-02,513,220658,Luiz Gastão,47708.73,8
PSD,2026,2,2026-02,711,204567,Raimundo Costa,46313.90,9
PSD,2026,2,2026-02,189,220561,Delegada Katarina,43889.95,10
PSD,2026,3,2026-03,189,220561,Delegada Katarina,68115.55,1
PSD,2026,3,2026-03,467,74856,Laura Carneiro,63284.35,2
PSD,2026,3,2026-03,881,74090,Átila Lins,62398.07,3
PSD,2026,3,2026-03,795,204557,Sidney Leite,59651.25,4
PSD,2026,3,2026-03,369,178964,Heitor Schuch,57578.64,5
PSD,2026,3,2026-03,214,143632,Domingos Neto,55686.16,6
PSD,2026,3,2026-03,808,92776,Stefano Aguiar,55216.82,7
PSD,2026,3,2026-03,371,220537,Helena Lima,53559.30,8
PSD,2026,3,2026-03,326,220708,Gabriel Nunes,51966.52,9
PSD,2026,3,2026-03,513,220658,Luiz Gastão,51874.68,10
PSD,2026,4,2026-04,339,74383,Giacobo,60191.90,1
PSD,2026,4,2026-04,863,74043,Wellington Roberto,46452.90,2
PSD,2026,4,2026-04,683,122158,Pedro Paulo,41709.43,3
PSD,2026,4,2026-04,667,74574,Paulo Magalhães,40931.50,4
PSD,2026,4,2026-04,856,178992,Vitor Lippi,39050.08,5
PSD,2026,4,2026-04,881,74090,Átila Lins,38400.00,6
PSD,2026,4,2026-04,711,204567,Raimundo Costa,36164.16,7
PSD,2026,4,2026-04,467,74856,Laura Carneiro,36098.01,8
PSD,2026,4,2026-04,228,220570,Dr. Ismael Alexandrino,34235.16,9
PSD,2026,4,2026-04,326,220708,Gabriel Nunes,33530.48,10
PSD,2026,5,2026-05,339,74383,Giacobo,35332.40,1
PSD,2026,5,2026-05,490,204404,Lucas Redecker,526.15,2
PSD,2026,5,2026-05,131,205476,Charles Fernandes,150.00,3
PSDB,,,,7,204560,Adolfo Viana,14704.27,1
PSDB,,,,450,204457,Juninho Do Pneu,8809.50,2
PSDB,,,,656,141516,Paulo Abi-ackel,4019.28,3
PSDB,,,,76,74646,Aécio Neves,3801.44,4
PSDB,,,,727,221329,Ricardo Abrão,2918.53,5
PSDB,,,,596,220617,Murillo Gouvea,2861.00,6
PSDB,,,,849,137070,Vicentinho Júnior,515.41,7
PSDB,,,,249,74655,Eduardo Barbosa,473.25,8
PSDB,,,,403,220567,Jeferson Rodrigues,214.96,9
PSDB,,,,844,141553,Vanderlei Macris,186.22,10
PSDB,2021,11,2021-11,76,74646,Aécio Neves,5332.56,1
PSDB,2021,12,2021-12,176,204409,Daniel Trzeciak,6076.00,1
PSDB,2021,12,2021-12,76,74646,Aécio Neves,3080.99,2
PSDB,2021,12,2021-12,794,178961,Shéridan,1494.98,3
PSDB,2021,12,2021-12,844,141553,Vanderlei Macris,1489.05,4
PSDB,2021,12,2021-12,253,178977,Eduardo Cury,223.50,5
PSDB,2022,1,2022-01,7,204560,Adolfo Viana,50855.58,1
PSDB,2022,1,2022-01,794,178961,Shéridan,40640.84,2
PSDB,2022,1,2022-01,656,141516,Paulo Abi-ackel,38590.87,3
PSDB,2022,1,2022-01,253,178977,Eduardo Cury,38095.85,4
PSDB,2022,1,2022-01,844,141553,Vanderlei Macris,37675.24,5
PSDB,2022,1,2022-01,623,74352,Nilson Pinto,34033.63,6
PSDB,2022,1,2022-01,163,141411,Dagoberto Nogueira,29596.62,7
PSDB,2022,1,2022-01,76,74646,Aécio Neves,28377.84,8
PSDB,2022,1,2022-01,88,207176,Bia Cavassa,27699.33,9
PSDB,2022,1,2022-01,84,204358,Beto Pereira,27182.43,10
PSDB,2022,2,2022-02,768,178935,Rossoni,56560.02,1
PSDB,2022,2,2022-02,88,207176,Bia Cavassa,55559.48,2
PSDB,2022,2,2022-02,334,178966,Geovania De Sá,54115.08,3
PSDB,2022,2,2022-02,253,178977,Eduardo Cury,47777.52,4
PSDB,2022,2,2022-02,656,141516,Paulo Abi-ackel,42469.55,5
PSDB,2022,2,2022-02,84,204358,Beto Pereira,41727.05,6
PSDB,2022,2,2022-02,7,204560,Adolfo Viana,41518.57,7
PSDB,2022,2,2022-02,686,178844,Pedro Vilela,40547.23,8
PSDB,2022,2,2022-02,844,141553,Vanderlei Macris,40299.88,9
PSDB,2022,2,2022-02,623,74352,Nilson Pinto,38693.82,10
PSDB,2022,3,2022-03,163,141411,Dagoberto Nogueira,58886.29,1
PSDB,2022,3,2022-03,119,74262,Carlos Sampaio,54915.07,2
PSDB,2022,3,2022-03,623,74352,Nilson Pinto,52739.23,3
PSDB,2022,3,2022-03,412,204546,Joice Hasselmann,52366.07,4
PSDB,2022,3,2022-03,844,141553,Vanderlei Macris,51282.08,5
PSDB,2022,3,2022-03,84,204358,Beto Pereira,49879.52,6
PSDB,2022,3,2022-03,76,74646,Aécio Neves,49246.33,7
PSDB,2022,3,2022-03,794,178961,Shéridan,46128.43,8
PSDB,2022,3,2022-03,686,178844,Pedro Vilela,45868.75,9
PSDB,2022,3,2022-03,7,204560,Adolfo Viana,45209.21,10
PSDB,2022,4,2022-04,686,178844,Pedro Vilela,73379.51,1
PSDB,2022,4,2022-04,856,178992,Vitor Lippi,69710.98,2
PSDB,2022,4,2022-04,412,204546,Joice Hasselmann,62572.24,3
PSDB,2022,4,2022-04,84,204358,Beto Pereira,55627.33,4
PSDB,2022,4,2022-04,334,178966,Geovania De Sá,52748.63,5
PSDB,2022,4,2022-04,777,178990,Samuel Moreira,51346.44,6
PSDB,2022,4,2022-04,506,160645,Luiz Carlos,50045.64,7
PSDB,2022,4,2022-04,623,74352,Nilson Pinto,49633.33,8
PSDB,2022,4,2022-04,490,204404,Lucas Redecker,48172.71,9
PSDB,2022,4,2022-04,119,74262,Carlos Sampaio,46501.41,10
PSDB,2022,5,2022-05,412,204546,Joice Hasselmann,67610.10,1
PSDB,2022,5,2022-05,777,178990,Samuel Moreira,55266.72,2
PSDB,2022,5,2022-05,119,74262,Carlos Sampaio,53841.48,3
PSDB,2022,5,2022-05,7,204560,Adolfo Viana,51010.01,4
PSDB,2022,5,2022-05,856,178992,Vitor Lippi,49960.82,5
PSDB,2022,5,2022-05,253,178977,Eduardo Cury,49590.31,6
PSDB,2022,5,2022-05,163,141411,Dagoberto Nogueira,48784.51,7
PSDB,2022,5,2022-05,334,178966,Geovania De Sá,48442.73,8
PSDB,2022,5,2022-05,506,160645,Luiz Carlos,47285.89,9
PSDB,2022,5,2022-05,490,204404,Lucas Redecker,47277.77,10
PSDB,2022,6,2022-06,506,160645,Luiz Carlos,58301.42,1
PSDB,2022,6,2022-06,334,178966,Geovania De Sá,43661.39,2
PSDB,2022,6,2022-06,686,178844,Pedro Vilela,42513.24,3
PSDB,2022,6,2022-06,844,141553,Vanderlei Macris,42423.24,4
PSDB,2022,6,2022-06,794,178961,Shéridan,40245.49,5
PSDB,2022,6,2022-06,253,178977,Eduardo Cury,39435.98,6
PSDB,2022,6,2022-06,163,141411,Dagoberto Nogueira,38815.60,7
PSDB,2022,6,2022-06,84,204358,Beto Pereira,37714.23,8
PSDB,2022,6,2022-06,623,74352,Nilson Pinto,37579.96,9
PSDB,2022,6,2022-06,119,74262,Carlos Sampaio,36893.46,10
PSDB,2022,7,2022-07,163,141411,Dagoberto Nogueira,50682.82,1
PSDB,2022,7,2022-07,623,74352,Nilson Pinto,45122.78,2
PSDB,2022,7,2022-07,7,204560,Adolfo Viana,45062.40,3
PSDB,2022,7,2022-07,490,204404,Lucas Redecker,43481.40,4
PSDB,2022,7,2022-07,794,178961,Shéridan,41670.11,5
PSDB,2022,7,2022-07,506,160645,Luiz Carlos,34899.81,6
PSDB,2022,7,2022-07,686,178844,Pedro Vilela,34117.34,7
PSDB,2022,7,2022-07,856,178992,Vitor Lippi,32285.52,8
PSDB,2022,7,2022-07,84,204358,Beto Pereira,31571.20,9
PSDB,2022,7,2022-07,656,141516,Paulo Abi-ackel,31543.90,10
PSDB,2022,8,2022-08,844,141553,Vanderlei Macris,55522.03,1
PSDB,2022,8,2022-08,686,178844,Pedro Vilela,39603.71,2
PSDB,2022,8,2022-08,163,141411,Dagoberto Nogueira,39325.22,3
PSDB,2022,8,2022-08,794,178961,Shéridan,35640.17,4
PSDB,2022,8,2022-08,856,178992,Vitor Lippi,32604.52,5
PSDB,2022,8,2022-08,623,74352,Nilson Pinto,32507.04,6
PSDB,2022,8,2022-08,7,204560,Adolfo Viana,27234.04,7
PSDB,2022,8,2022-08,506,160645,Luiz Carlos,25492.27,8
PSDB,2022,8,2022-08,656,141516,Paulo Abi-ackel,24309.22,9
PSDB,2022,8,2022-08,253,178977,Eduardo Cury,22283.32,10
PSDB,2022,9,2022-09,794,178961,Shéridan,42776.89,1
PSDB,2022,9,2022-09,686,178844,Pedro Vilela,40098.50,2
PSDB,2022,9,2022-09,844,141553,Vanderlei Macris,36008.59,3
PSDB,2022,9,2022-09,76,74646,Aécio Neves,29503.17,4
PSDB,2022,9,2022-09,163,141411,Dagoberto Nogueira,24309.20,5
PSDB,2022,9,2022-09,176,204409,Daniel Trzeciak,23566.69,6
PSDB,2022,9,2022-09,856,178992,Vitor Lippi,23165.46,7
PSDB,2022,9,2022-09,412,204546,Joice Hasselmann,22124.49,8
PSDB,2022,9,2022-09,253,178977,Eduardo Cury,18594.62,9
PSDB,2022,9,2022-09,119,74262,Carlos Sampaio,17272.11,10
PSDB,2022,10,2022-10,506,160645,Luiz Carlos,108814.49,1
PSDB,2022,10,2022-10,794,178961,Shéridan,49224.58,2
PSDB,2022,10,2022-10,119,74262,Carlos Sampaio,43993.67,3
PSDB,2022,10,2022-10,163,141411,Dagoberto Nogueira,42386.24,4
PSDB,2022,10,2022-10,76,74646,Aécio Neves,37161.67,5
PSDB,2022,10,2022-10,686,178844,Pedro Vilela,37062.84,6
PSDB,2022,10,2022-10,777,178990,Samuel Moreira,36214.78,7
PSDB,2022,10,2022-10,176,204409,Daniel Trzeciak,35760.00,8
PSDB,2022,10,2022-10,334,178966,Geovania De Sá,33681.77,9
PSDB,2022,10,2022-10,844,141553,Vanderlei Macris,33486.46,10
PSDB,2022,11,2022-11,176,204409,Daniel Trzeciak,50875.13,1
PSDB,2022,11,2022-11,794,178961,Shéridan,47658.32,2
PSDB,2022,11,2022-11,334,178966,Geovania De Sá,47140.23,3
PSDB,2022,11,2022-11,777,178990,Samuel Moreira,46593.80,4
PSDB,2022,11,2022-11,844,141553,Vanderlei Macris,46477.27,5
PSDB,2022,11,2022-11,163,141411,Dagoberto Nogueira,38712.92,6
PSDB,2022,11,2022-11,84,204358,Beto Pereira,38404.05,7
PSDB,2022,11,2022-11,686,178844,Pedro Vilela,36297.12,8
PSDB,2022,11,2022-11,76,74646,Aécio Neves,36077.90,9
PSDB,2022,11,2022-11,656,141516,Paulo Abi-ackel,35544.38,10
PSDB,2022,12,2022-12,656,141516,Paulo Abi-ackel,83288.74,1
PSDB,2022,12,2022-12,84,204358,Beto Pereira,82445.66,2
PSDB,2022,12,2022-12,794,178961,Shéridan,75335.72,3
PSDB,2022,12,2022-12,686,178844,Pedro Vilela,56356.65,4
PSDB,2022,12,2022-12,76,74646,Aécio Neves,55905.69,5
PSDB,2022,12,2022-12,506,160645,Luiz Carlos,55648.81,6
PSDB,2022,12,2022-12,176,204409,Daniel Trzeciak,53151.84,7
PSDB,2022,12,2022-12,334,178966,Geovania De Sá,50186.35,8
PSDB,2022,12,2022-12,253,178977,Eduardo Cury,47691.72,9
PSDB,2022,12,2022-12,119,74262,Carlos Sampaio,42258.91,10
PSDB,2023,1,2023-01,412,204546,Joice Hasselmann,73886.88,1
PSDB,2023,1,2023-01,176,204409,Daniel Trzeciak,72341.96,2
PSDB,2023,1,2023-01,752,74693,Rodrigo Maia,56266.95,3
PSDB,2023,1,2023-01,84,204358,Beto Pereira,43711.10,4
PSDB,2023,1,2023-01,163,141411,Dagoberto Nogueira,43323.86,5
PSDB,2023,1,2023-01,656,141516,Paulo Abi-ackel,43263.11,6
PSDB,2023,1,2023-01,506,160645,Luiz Carlos,41213.18,7
PSDB,2023,1,2023-01,334,178966,Geovania De Sá,40982.71,8
PSDB,2023,1,2023-01,686,178844,Pedro Vilela,40787.14,9
PSDB,2023,1,2023-01,7,204560,Adolfo Viana,39399.17,10
PSDB,2023,2,2023-02,76,74646,Aécio Neves,35194.75,1
PSDB,2023,2,2023-02,450,204457,Juninho Do Pneu,33806.94,2
PSDB,2023,2,2023-02,176,204409,Daniel Trzeciak,32428.76,3
PSDB,2023,2,2023-02,556,178943,Marcos Soares,30798.17,4
PSDB,2023,2,2023-02,596,220617,Murillo Gouvea,29227.28,5
PSDB,2023,2,2023-02,403,220567,Jeferson Rodrigues,26052.26,6
PSDB,2023,2,2023-02,86,220683,Beto Richa,24024.35,7
PSDB,2023,2,2023-02,656,141516,Paulo Abi-ackel,23023.19,8
PSDB,2023,2,2023-02,646,160642,Pastor Eurico,21739.17,9
PSDB,2023,2,2023-02,7,204560,Adolfo Viana,17948.92,10
PSDB,2023,3,2023-03,61,220544,Antonio Andrade,90095.84,1
PSDB,2023,3,2023-03,7,204560,Adolfo Viana,72576.70,2
PSDB,2023,3,2023-03,596,220617,Murillo Gouvea,60453.61,3
PSDB,2023,3,2023-03,646,160642,Pastor Eurico,53638.93,4
PSDB,2023,3,2023-03,697,204390,Professor Alcides,53223.31,5
PSDB,2023,3,2023-03,556,178943,Marcos Soares,50189.39,6
PSDB,2023,3,2023-03,849,137070,Vicentinho Júnior,47798.54,7
PSDB,2023,3,2023-03,76,74646,Aécio Neves,46321.66,8
PSDB,2023,3,2023-03,176,204409,Daniel Trzeciak,45214.60,9
PSDB,2023,3,2023-03,498,220616,Luciano Vieira,40998.21,10
PSDB,2023,4,2023-04,450,204457,Juninho Do Pneu,50122.70,1
PSDB,2023,4,2023-04,61,220544,Antonio Andrade,43345.85,2
PSDB,2023,4,2023-04,849,137070,Vicentinho Júnior,38857.51,3
PSDB,2023,4,2023-04,403,220567,Jeferson Rodrigues,38696.82,4
PSDB,2023,4,2023-04,76,74646,Aécio Neves,35121.54,5
PSDB,2023,4,2023-04,556,178943,Marcos Soares,35011.63,6
PSDB,2023,4,2023-04,697,204390,Professor Alcides,32990.00,7
PSDB,2023,4,2023-04,86,220683,Beto Richa,32277.27,8
PSDB,2023,4,2023-04,176,204409,Daniel Trzeciak,31898.66,9
PSDB,2023,4,2023-04,657,220650,Paulo Alexandre Barbosa,27321.95,10
PSDB,2023,5,2023-05,596,220617,Murillo Gouvea,66223.73,1
PSDB,2023,5,2023-05,498,220616,Luciano Vieira,60139.99,2
PSDB,2023,5,2023-05,61,220544,Antonio Andrade,55712.36,3
PSDB,2023,5,2023-05,646,160642,Pastor Eurico,54164.79,4
PSDB,2023,5,2023-05,697,204390,Professor Alcides,51691.55,5
PSDB,2023,5,2023-05,657,220650,Paulo Alexandre Barbosa,51647.07,6
PSDB,2023,5,2023-05,7,204560,Adolfo Viana,50452.41,7
PSDB,2023,5,2023-05,76,74646,Aécio Neves,46928.01,8
PSDB,2023,5,2023-05,542,160161,Marcelo Queiroz,44372.79,9
PSDB,2023,5,2023-05,176,204409,Daniel Trzeciak,43000.32,10
PSDB,2023,6,2023-06,697,204390,Professor Alcides,54159.00,1
PSDB,2023,6,2023-06,61,220544,Antonio Andrade,52566.58,2
PSDB,2023,6,2023-06,542,160161,Marcelo Queiroz,48987.53,3
PSDB,2023,6,2023-06,76,74646,Aécio Neves,43336.36,4
PSDB,2023,6,2023-06,176,204409,Daniel Trzeciak,43330.30,5
PSDB,2023,6,2023-06,657,220650,Paulo Alexandre Barbosa,41398.54,6
PSDB,2023,6,2023-06,86,220683,Beto Richa,39161.82,7
PSDB,2023,6,2023-06,849,137070,Vicentinho Júnior,38582.49,8
PSDB,2023,6,2023-06,596,220617,Murillo Gouvea,38283.07,9
PSDB,2023,6,2023-06,7,204560,Adolfo Viana,38226.72,10
PSDB,2023,7,2023-07,596,220617,Murillo Gouvea,60399.30,1
PSDB,2023,7,2023-07,697,204390,Professor Alcides,52990.00,2
PSDB,2023,7,2023-07,727,221329,Ricardo Abrão,49806.24,3
PSDB,2023,7,2023-07,542,160161,Marcelo Queiroz,49245.99,4
PSDB,2023,7,2023-07,849,137070,Vicentinho Júnior,48148.75,5
PSDB,2023,7,2023-07,403,220567,Jeferson Rodrigues,47601.49,6
PSDB,2023,7,2023-07,61,220544,Antonio Andrade,45265.58,7
PSDB,2023,7,2023-07,498,220616,Luciano Vieira,45027.80,8
PSDB,2023,7,2023-07,176,204409,Daniel Trzeciak,41046.40,9
PSDB,2023,7,2023-07,76,74646,Aécio Neves,37077.81,10
PSDB,2023,8,2023-08,657,220650,Paulo Alexandre Barbosa,64274.66,1
PSDB,2023,8,2023-08,450,204457,Juninho Do Pneu,56517.39,2
PSDB,2023,8,2023-08,86,220683,Beto Richa,55538.94,3
PSDB,2023,8,2023-08,76,74646,Aécio Neves,53096.06,4
PSDB,2023,8,2023-08,556,178943,Marcos Soares,51161.97,5
PSDB,2023,8,2023-08,596,220617,Murillo Gouvea,50804.56,6
PSDB,2023,8,2023-08,542,160161,Marcelo Queiroz,50788.27,7
PSDB,2023,8,2023-08,646,160642,Pastor Eurico,48992.60,8
PSDB,2023,8,2023-08,403,220567,Jeferson Rodrigues,44376.48,9
PSDB,2023,8,2023-08,849,137070,Vicentinho Júnior,42335.11,10
PSDB,2023,9,2023-09,542,160161,Marcelo Queiroz,70409.49,1
PSDB,2023,9,2023-09,498,220616,Luciano Vieira,64133.98,2
PSDB,2023,9,2023-09,86,220683,Beto Richa,59110.35,3
PSDB,2023,9,2023-09,596,220617,Murillo Gouvea,54464.11,4
PSDB,2023,9,2023-09,61,220544,Antonio Andrade,53998.17,5
PSDB,2023,9,2023-09,657,220650,Paulo Alexandre Barbosa,53935.22,6
PSDB,2023,9,2023-09,176,204409,Daniel Trzeciak,51868.48,7
PSDB,2023,9,2023-09,849,137070,Vicentinho Júnior,47911.64,8
PSDB,2023,9,2023-09,403,220567,Jeferson Rodrigues,44239.00,9
PSDB,2023,9,2023-09,646,160642,Pastor Eurico,37163.76,10
PSDB,2023,10,2023-10,542,160161,Marcelo Queiroz,73837.28,1
PSDB,2023,10,2023-10,849,137070,Vicentinho Júnior,71228.37,2
PSDB,2023,10,2023-10,697,204390,Professor Alcides,68694.40,3
PSDB,2023,10,2023-10,657,220650,Paulo Alexandre Barbosa,59005.12,4
PSDB,2023,10,2023-10,86,220683,Beto Richa,56946.69,5
PSDB,2023,10,2023-10,403,220567,Jeferson Rodrigues,51529.42,6
PSDB,2023,10,2023-10,498,220616,Luciano Vieira,49799.49,7
PSDB,2023,10,2023-10,61,220544,Antonio Andrade,49202.94,8
PSDB,2023,10,2023-10,76,74646,Aécio Neves,42396.88,9
PSDB,2023,10,2023-10,176,204409,Daniel Trzeciak,41257.19,10
PSDB,2023,11,2023-11,86,220683,Beto Richa,73886.96,1
PSDB,2023,11,2023-11,646,160642,Pastor Eurico,65929.49,2
PSDB,2023,11,2023-11,596,220617,Murillo Gouvea,59516.91,3
PSDB,2023,11,2023-11,7,204560,Adolfo Viana,55435.36,4
PSDB,2023,11,2023-11,542,160161,Marcelo Queiroz,47479.51,5
PSDB,2023,11,2023-11,176,204409,Daniel Trzeciak,44535.71,6
PSDB,2023,11,2023-11,61,220544,Antonio Andrade,44118.41,7
PSDB,2023,11,2023-11,450,204457,Juninho Do Pneu,41539.31,8
PSDB,2023,11,2023-11,498,220616,Luciano Vieira,39068.54,9
PSDB,2023,11,2023-11,657,220650,Paulo Alexandre Barbosa,37124.36,10
PSDB,2023,12,2023-12,646,160642,Pastor Eurico,120953.09,1
PSDB,2023,12,2023-12,556,178943,Marcos Soares,99032.05,2
PSDB,2023,12,2023-12,450,204457,Juninho Do Pneu,90544.07,3
PSDB,2023,12,2023-12,849,137070,Vicentinho Júnior,66358.01,4
PSDB,2023,12,2023-12,176,204409,Daniel Trzeciak,60556.49,5
PSDB,2023,12,2023-12,403,220567,Jeferson Rodrigues,52528.34,6
PSDB,2023,12,2023-12,76,74646,Aécio Neves,50362.98,7
PSDB,2023,12,2023-12,498,220616,Luciano Vieira,49967.00,8
PSDB,2023,12,2023-12,86,220683,Beto Richa,42655.44,9
PSDB,2023,12,2023-12,542,160161,Marcelo Queiroz,38243.75,10
PSDB,2024,1,2024-01,727,221329,Ricardo Abrão,50566.03,1
PSDB,2024,1,2024-01,176,204409,Daniel Trzeciak,43046.47,2
PSDB,2024,1,2024-01,596,220617,Murillo Gouvea,40554.49,3
PSDB,2024,1,2024-01,76,74646,Aécio Neves,39671.69,4
PSDB,2024,1,2024-01,61,220544,Antonio Andrade,39038.70,5
PSDB,2024,1,2024-01,86,220683,Beto Richa,36623.34,6
PSDB,2024,1,2024-01,849,137070,Vicentinho Júnior,31763.08,7
PSDB,2024,1,2024-01,450,204457,Juninho Do Pneu,30937.45,8
PSDB,2024,1,2024-01,556,178943,Marcos Soares,30129.49,9
PSDB,2024,1,2024-01,498,220616,Luciano Vieira,29497.07,10
PSDB,2024,2,2024-02,7,204560,Adolfo Viana,59430.54,1
PSDB,2024,2,2024-02,61,220544,Antonio Andrade,49755.46,2
PSDB,2024,2,2024-02,596,220617,Murillo Gouvea,47761.52,3
PSDB,2024,2,2024-02,176,204409,Daniel Trzeciak,44359.71,4
PSDB,2024,2,2024-02,498,220616,Luciano Vieira,43838.72,5
PSDB,2024,2,2024-02,697,204390,Professor Alcides,41206.70,6
PSDB,2024,2,2024-02,86,220683,Beto Richa,40331.63,7
PSDB,2024,2,2024-02,556,178943,Marcos Soares,33392.95,8
PSDB,2024,2,2024-02,76,74646,Aécio Neves,32361.00,9
PSDB,2024,2,2024-02,450,204457,Juninho Do Pneu,30091.13,10
PSDB,2024,3,2024-03,656,141516,Paulo Abi-ackel,68479.92,1
PSDB,2024,3,2024-03,176,204409,Daniel Trzeciak,59944.92,2
PSDB,2024,3,2024-03,542,160161,Marcelo Queiroz,54509.38,3
PSDB,2024,3,2024-03,596,220617,Murillo Gouvea,51693.32,4
PSDB,2024,3,2024-03,61,220544,Antonio Andrade,47203.58,5
PSDB,2024,3,2024-03,697,204390,Professor Alcides,41000.00,6
PSDB,2024,3,2024-03,646,160642,Pastor Eurico,40306.94,7
PSDB,2024,3,2024-03,498,220616,Luciano Vieira,39702.21,8
PSDB,2024,3,2024-03,86,220683,Beto Richa,37813.81,9
PSDB,2024,3,2024-03,7,204560,Adolfo Viana,33347.15,10
PSDB,2024,4,2024-04,697,204390,Professor Alcides,75014.96,1
PSDB,2024,4,2024-04,542,160161,Marcelo Queiroz,70656.40,2
PSDB,2024,4,2024-04,7,204560,Adolfo Viana,66573.13,3
PSDB,2024,4,2024-04,61,220544,Antonio Andrade,53885.35,4
PSDB,2024,4,2024-04,76,74646,Aécio Neves,43669.97,5
PSDB,2024,4,2024-04,498,220616,Luciano Vieira,39614.93,6
PSDB,2024,4,2024-04,176,204409,Daniel Trzeciak,39094.72,7
PSDB,2024,4,2024-04,656,141516,Paulo Abi-ackel,38748.14,8
PSDB,2024,4,2024-04,657,220650,Paulo Alexandre Barbosa,37673.56,9
PSDB,2024,4,2024-04,556,178943,Marcos Soares,37329.15,10
PSDB,2024,5,2024-05,542,160161,Marcelo Queiroz,73121.37,1
PSDB,2024,5,2024-05,450,204457,Juninho Do Pneu,51726.76,2
PSDB,2024,5,2024-05,76,74646,Aécio Neves,51415.02,3
PSDB,2024,5,2024-05,646,160642,Pastor Eurico,49055.18,4
PSDB,2024,5,2024-05,61,220544,Antonio Andrade,48105.91,5
PSDB,2024,5,2024-05,596,220617,Murillo Gouvea,44572.86,6
PSDB,2024,5,2024-05,403,220567,Jeferson Rodrigues,44170.88,7
PSDB,2024,5,2024-05,86,220683,Beto Richa,43355.81,8
PSDB,2024,5,2024-05,656,141516,Paulo Abi-ackel,42630.24,9
PSDB,2024,5,2024-05,176,204409,Daniel Trzeciak,42212.89,10
PSDB,2024,6,2024-06,7,204560,Adolfo Viana,57672.87,1
PSDB,2024,6,2024-06,697,204390,Professor Alcides,56382.00,2
PSDB,2024,6,2024-06,403,220567,Jeferson Rodrigues,53058.00,3
PSDB,2024,6,2024-06,498,220616,Luciano Vieira,51455.32,4
PSDB,2024,6,2024-06,176,204409,Daniel Trzeciak,46396.17,5
PSDB,2024,6,2024-06,596,220617,Murillo Gouvea,46139.84,6
PSDB,2024,6,2024-06,450,204457,Juninho Do Pneu,44859.08,7
PSDB,2024,6,2024-06,646,160642,Pastor Eurico,31836.24,8
PSDB,2024,6,2024-06,656,141516,Paulo Abi-ackel,29662.04,9
PSDB,2024,6,2024-06,76,74646,Aécio Neves,25576.05,10
PSDB,2024,7,2024-07,656,141516,Paulo Abi-ackel,80747.11,1
PSDB,2024,7,2024-07,403,220567,Jeferson Rodrigues,53673.12,2
PSDB,2024,7,2024-07,450,204457,Juninho Do Pneu,45946.56,3
PSDB,2024,7,2024-07,596,220617,Murillo Gouvea,44807.41,4
PSDB,2024,7,2024-07,176,204409,Daniel Trzeciak,44596.26,5
PSDB,2024,7,2024-07,697,204390,Professor Alcides,40660.20,6
PSDB,2024,7,2024-07,646,160642,Pastor Eurico,34966.38,7
PSDB,2024,7,2024-07,498,220616,Luciano Vieira,32762.88,8
PSDB,2024,7,2024-07,556,178943,Marcos Soares,32573.93,9
PSDB,2024,7,2024-07,61,220544,Antonio Andrade,32409.90,10
PSDB,2024,8,2024-08,76,74646,Aécio Neves,53744.61,1
PSDB,2024,8,2024-08,656,141516,Paulo Abi-ackel,44013.36,2
PSDB,2024,8,2024-08,403,220567,Jeferson Rodrigues,41720.28,3
PSDB,2024,8,2024-08,556,178943,Marcos Soares,39334.57,4
PSDB,2024,8,2024-08,176,204409,Daniel Trzeciak,36559.23,5
PSDB,2024,8,2024-08,86,220683,Beto Richa,34439.09,6
PSDB,2024,8,2024-08,498,220616,Luciano Vieira,30023.38,7
PSDB,2024,8,2024-08,61,220544,Antonio Andrade,28851.87,8
PSDB,2024,8,2024-08,7,204560,Adolfo Viana,27297.02,9
PSDB,2024,8,2024-08,450,204457,Juninho Do Pneu,26417.57,10
PSDB,2024,9,2024-09,403,220567,Jeferson Rodrigues,66180.98,1
PSDB,2024,9,2024-09,450,204457,Juninho Do Pneu,52470.47,2
PSDB,2024,9,2024-09,596,220617,Murillo Gouvea,49795.77,3
PSDB,2024,9,2024-09,176,204409,Daniel Trzeciak,46806.22,4
PSDB,2024,9,2024-09,76,74646,Aécio Neves,39014.60,5
PSDB,2024,9,2024-09,646,160642,Pastor Eurico,38561.03,6
PSDB,2024,9,2024-09,498,220616,Luciano Vieira,34419.73,7
PSDB,2024,9,2024-09,86,220683,Beto Richa,31413.55,8
PSDB,2024,9,2024-09,7,204560,Adolfo Viana,31058.22,9
PSDB,2024,9,2024-09,556,178943,Marcos Soares,26441.08,10
PSDB,2024,10,2024-10,61,220544,Antonio Andrade,169353.29,1
PSDB,2024,10,2024-10,542,160161,Marcelo Queiroz,50528.15,2
PSDB,2024,10,2024-10,596,220617,Murillo Gouvea,41326.17,3
PSDB,2024,10,2024-10,450,204457,Juninho Do Pneu,40878.28,4
PSDB,2024,10,2024-10,86,220683,Beto Richa,40813.16,5
PSDB,2024,10,2024-10,656,141516,Paulo Abi-ackel,37582.71,6
PSDB,2024,10,2024-10,7,204560,Adolfo Viana,35004.46,7
PSDB,2024,10,2024-10,176,204409,Daniel Trzeciak,31292.91,8
PSDB,2024,10,2024-10,76,74646,Aécio Neves,30292.69,9
PSDB,2024,10,2024-10,498,220616,Luciano Vieira,27614.97,10
PSDB,2024,11,2024-11,542,160161,Marcelo Queiroz,70699.08,1
PSDB,2024,11,2024-11,76,74646,Aécio Neves,56250.42,2
PSDB,2024,11,2024-11,176,204409,Daniel Trzeciak,49524.72,3
PSDB,2024,11,2024-11,596,220617,Murillo Gouvea,47455.09,4
PSDB,2024,11,2024-11,450,204457,Juninho Do Pneu,47141.07,5
PSDB,2024,11,2024-11,656,141516,Paulo Abi-ackel,44046.04,6
PSDB,2024,11,2024-11,86,220683,Beto Richa,42145.41,7
PSDB,2024,11,2024-11,7,204560,Adolfo Viana,42136.57,8
PSDB,2024,11,2024-11,403,220567,Jeferson Rodrigues,40029.90,9
PSDB,2024,11,2024-11,849,137070,Vicentinho Júnior,37087.11,10
PSDB,2024,12,2024-12,697,204390,Professor Alcides,178936.73,1
PSDB,2024,12,2024-12,646,160642,Pastor Eurico,146120.47,2
PSDB,2024,12,2024-12,556,178943,Marcos Soares,123176.92,3
PSDB,2024,12,2024-12,849,137070,Vicentinho Júnior,95467.85,4
PSDB,2024,12,2024-12,542,160161,Marcelo Queiroz,83914.79,5
PSDB,2024,12,2024-12,498,220616,Luciano Vieira,76966.07,6
PSDB,2024,12,2024-12,450,204457,Juninho Do Pneu,56954.38,7
PSDB,2024,12,2024-12,656,141516,Paulo Abi-ackel,37007.16,8
PSDB,2024,12,2024-12,86,220683,Beto Richa,36126.44,9
PSDB,2024,12,2024-12,176,204409,Daniel Trzeciak,35470.77,10
PSDB,2025,1,2025-01,176,204409,Daniel Trzeciak,74324.47,1
PSDB,2025,1,2025-01,76,74646,Aécio Neves,56298.09,2
PSDB,2025,1,2025-01,596,220617,Murillo Gouvea,40963.02,3
PSDB,2025,1,2025-01,450,204457,Juninho Do Pneu,40684.16,4
PSDB,2025,1,2025-01,656,141516,Paulo Abi-ackel,40383.05,5
PSDB,2025,1,2025-01,403,220567,Jeferson Rodrigues,34248.85,6
PSDB,2025,1,2025-01,61,220544,Antonio Andrade,31872.08,7
PSDB,2025,1,2025-01,7,204560,Adolfo Viana,29967.52,8
PSDB,2025,1,2025-01,542,160161,Marcelo Queiroz,27336.43,9
PSDB,2025,1,2025-01,646,160642,Pastor Eurico,26904.81,10
PSDB,2025,2,2025-02,697,204390,Professor Alcides,62156.00,1
PSDB,2025,2,2025-02,403,220567,Jeferson Rodrigues,61892.62,2
PSDB,2025,2,2025-02,61,220544,Antonio Andrade,55543.69,3
PSDB,2025,2,2025-02,7,204560,Adolfo Viana,48816.94,4
PSDB,2025,2,2025-02,450,204457,Juninho Do Pneu,46053.28,5
PSDB,2025,2,2025-02,656,141516,Paulo Abi-ackel,42181.87,6
PSDB,2025,2,2025-02,76,74646,Aécio Neves,41628.57,7
PSDB,2025,2,2025-02,498,220616,Luciano Vieira,40681.18,8
PSDB,2025,2,2025-02,542,160161,Marcelo Queiroz,40364.87,9
PSDB,2025,2,2025-02,176,204409,Daniel Trzeciak,38907.79,10
PSDB,2025,3,2025-03,596,220617,Murillo Gouvea,72403.40,1
PSDB,2025,3,2025-03,498,220616,Luciano Vieira,52234.23,2
PSDB,2025,3,2025-03,849,137070,Vicentinho Júnior,46670.75,3
PSDB,2025,3,2025-03,76,74646,Aécio Neves,40363.13,4
PSDB,2025,3,2025-03,697,204390,Professor Alcides,40156.00,5
PSDB,2025,3,2025-03,176,204409,Daniel Trzeciak,37601.16,6
PSDB,2025,3,2025-03,450,204457,Juninho Do Pneu,36069.30,7
PSDB,2025,3,2025-03,403,220567,Jeferson Rodrigues,34172.53,8
PSDB,2025,3,2025-03,86,220683,Beto Richa,32445.68,9
PSDB,2025,3,2025-03,656,141516,Paulo Abi-ackel,32160.57,10
PSDB,2025,4,2025-04,646,160642,Pastor Eurico,64408.41,1
PSDB,2025,4,2025-04,403,220567,Jeferson Rodrigues,49634.59,2
PSDB,2025,4,2025-04,498,220616,Luciano Vieira,49604.02,3
PSDB,2025,4,2025-04,86,220683,Beto Richa,46655.80,4
PSDB,2025,4,2025-04,76,74646,Aécio Neves,46101.82,5
PSDB,2025,4,2025-04,697,204390,Professor Alcides,40156.00,6
PSDB,2025,4,2025-04,556,178943,Marcos Soares,34667.30,7
PSDB,2025,4,2025-04,176,204409,Daniel Trzeciak,34357.22,8
PSDB,2025,4,2025-04,596,220617,Murillo Gouvea,30373.45,9
PSDB,2025,4,2025-04,656,141516,Paulo Abi-ackel,29332.44,10
PSDB,2025,5,2025-05,61,220544,Antonio Andrade,75305.63,1
PSDB,2025,5,2025-05,76,74646,Aécio Neves,55250.28,2
PSDB,2025,5,2025-05,697,204390,Professor Alcides,54515.76,3
PSDB,2025,5,2025-05,453,178886,Juscelino Filho,48142.33,4
PSDB,2025,5,2025-05,542,160161,Marcelo Queiroz,48101.12,5
PSDB,2025,5,2025-05,596,220617,Murillo Gouvea,46602.14,6
PSDB,2025,5,2025-05,7,204560,Adolfo Viana,44292.80,7
PSDB,2025,5,2025-05,556,178943,Marcos Soares,40786.30,8
PSDB,2025,5,2025-05,656,141516,Paulo Abi-ackel,40742.63,9
PSDB,2025,5,2025-05,176,204409,Daniel Trzeciak,40543.61,10
PSDB,2025,6,2025-06,453,178886,Juscelino Filho,58602.84,1
PSDB,2025,6,2025-06,542,160161,Marcelo Queiroz,53806.48,2
PSDB,2025,6,2025-06,76,74646,Aécio Neves,51867.72,3
PSDB,2025,6,2025-06,7,204560,Adolfo Viana,51069.27,4
PSDB,2025,6,2025-06,86,220683,Beto Richa,50846.88,5
PSDB,2025,6,2025-06,727,221329,Ricardo Abrão,47886.47,6
PSDB,2025,6,2025-06,450,204457,Juninho Do Pneu,45407.00,7
PSDB,2025,6,2025-06,176,204409,Daniel Trzeciak,42145.91,8
PSDB,2025,6,2025-06,403,220567,Jeferson Rodrigues,40849.23,9
PSDB,2025,6,2025-06,697,204390,Professor Alcides,40156.00,10
PSDB,2025,7,2025-07,542,160161,Marcelo Queiroz,81411.92,1
PSDB,2025,7,2025-07,646,160642,Pastor Eurico,78691.92,2
PSDB,2025,7,2025-07,656,141516,Paulo Abi-ackel,65548.62,3
PSDB,2025,7,2025-07,86,220683,Beto Richa,58388.29,4
PSDB,2025,7,2025-07,450,204457,Juninho Do Pneu,55797.13,5
PSDB,2025,7,2025-07,176,204409,Daniel Trzeciak,49164.61,6
PSDB,2025,7,2025-07,596,220617,Murillo Gouvea,48012.66,7
PSDB,2025,7,2025-07,403,220567,Jeferson Rodrigues,40957.61,8
PSDB,2025,7,2025-07,453,178886,Juscelino Filho,40539.84,9
PSDB,2025,7,2025-07,697,204390,Professor Alcides,40156.00,10
PSDB,2025,8,2025-08,61,220544,Antonio Andrade,68486.37,1
PSDB,2025,8,2025-08,403,220567,Jeferson Rodrigues,41388.31,2
PSDB,2025,8,2025-08,697,204390,Professor Alcides,41177.08,3
PSDB,2025,8,2025-08,498,220616,Luciano Vieira,38628.60,4
PSDB,2025,8,2025-08,176,204409,Daniel Trzeciak,37489.88,5
PSDB,2025,8,2025-08,86,220683,Beto Richa,37281.72,6
PSDB,2025,8,2025-08,656,141516,Paulo Abi-ackel,35928.80,7
PSDB,2025,8,2025-08,450,204457,Juninho Do Pneu,35422.35,8
PSDB,2025,8,2025-08,7,204560,Adolfo Viana,33156.62,9
PSDB,2025,8,2025-08,453,178886,Juscelino Filho,31152.35,10
PSDB,2025,9,2025-09,453,178886,Juscelino Filho,42536.52,1
PSDB,2025,9,2025-09,86,220683,Beto Richa,42332.44,2
PSDB,2025,9,2025-09,697,204390,Professor Alcides,41916.82,3
PSDB,2025,9,2025-09,596,220617,Murillo Gouvea,41817.84,4
PSDB,2025,9,2025-09,176,204409,Daniel Trzeciak,41313.81,5
PSDB,2025,9,2025-09,403,220567,Jeferson Rodrigues,41064.13,6
PSDB,2025,9,2025-09,61,220544,Antonio Andrade,36912.36,7
PSDB,2025,9,2025-09,450,204457,Juninho Do Pneu,35761.47,8
PSDB,2025,9,2025-09,7,204560,Adolfo Viana,34822.10,9
PSDB,2025,9,2025-09,727,221329,Ricardo Abrão,33069.52,10
PSDB,2025,10,2025-10,727,221329,Ricardo Abrão,50575.87,1
PSDB,2025,10,2025-10,61,220544,Antonio Andrade,49164.92,2
PSDB,2025,10,2025-10,403,220567,Jeferson Rodrigues,41473.94,3
PSDB,2025,10,2025-10,697,204390,Professor Alcides,41254.00,4
PSDB,2025,10,2025-10,596,220617,Murillo Gouvea,41196.45,5
PSDB,2025,10,2025-10,453,178886,Juscelino Filho,41117.26,6
PSDB,2025,10,2025-10,176,204409,Daniel Trzeciak,39983.82,7
PSDB,2025,10,2025-10,7,204560,Adolfo Viana,37057.92,8
PSDB,2025,10,2025-10,656,141516,Paulo Abi-ackel,31814.39,9
PSDB,2025,10,2025-10,86,220683,Beto Richa,31750.01,10
PSDB,2025,11,2025-11,646,160642,Pastor Eurico,106717.75,1
PSDB,2025,11,2025-11,61,220544,Antonio Andrade,52531.39,2
PSDB,2025,11,2025-11,450,204457,Juninho Do Pneu,44720.10,3
PSDB,2025,11,2025-11,403,220567,Jeferson Rodrigues,42939.97,4
PSDB,2025,11,2025-11,697,204390,Professor Alcides,40770.90,5
PSDB,2025,11,2025-11,176,204409,Daniel Trzeciak,34910.05,6
PSDB,2025,11,2025-11,727,221329,Ricardo Abrão,33759.14,7
PSDB,2025,11,2025-11,7,204560,Adolfo Viana,33536.53,8
PSDB,2025,11,2025-11,86,220683,Beto Richa,27864.84,9
PSDB,2025,11,2025-11,498,220616,Luciano Vieira,22880.91,10
PSDB,2025,12,2025-12,556,178943,Marcos Soares,141198.42,1
PSDB,2025,12,2025-12,646,160642,Pastor Eurico,83231.85,2
PSDB,2025,12,2025-12,86,220683,Beto Richa,76616.26,3
PSDB,2025,12,2025-12,727,221329,Ricardo Abrão,76215.30,4
PSDB,2025,12,2025-12,656,141516,Paulo Abi-ackel,66657.99,5
PSDB,2025,12,2025-12,176,204409,Daniel Trzeciak,55771.71,6
PSDB,2025,12,2025-12,7,204560,Adolfo Viana,55738.71,7
PSDB,2025,12,2025-12,450,204457,Juninho Do Pneu,42757.91,8
PSDB,2025,12,2025-12,697,204390,Professor Alcides,40762.17,9
PSDB,2025,12,2025-12,61,220544,Antonio Andrade,35760.49,10
PSDB,2026,1,2026-01,61,220544,Antonio Andrade,56545.52,1
PSDB,2026,1,2026-01,403,220567,Jeferson Rodrigues,40879.81,2
PSDB,2026,1,2026-01,176,204409,Daniel Trzeciak,40698.36,3
PSDB,2026,1,2026-01,450,204457,Juninho Do Pneu,34361.31,4
PSDB,2026,1,2026-01,7,204560,Adolfo Viana,33068.83,5
PSDB,2026,1,2026-01,86,220683,Beto Richa,31989.12,6
PSDB,2026,1,2026-01,727,221329,Ricardo Abrão,28593.84,7
PSDB,2026,1,2026-01,76,74646,Aécio Neves,27997.92,8
PSDB,2026,1,2026-01,596,220617,Murillo Gouvea,22109.10,9
PSDB,2026,1,2026-01,657,220650,Paulo Alexandre Barbosa,20270.29,10
PSDB,2026,2,2026-02,176,204409,Daniel Trzeciak,39957.89,1
PSDB,2026,2,2026-02,403,220567,Jeferson Rodrigues,39765.93,2
PSDB,2026,2,2026-02,86,220683,Beto Richa,37085.05,3
PSDB,2026,2,2026-02,61,220544,Antonio Andrade,36786.99,4
PSDB,2026,2,2026-02,450,204457,Juninho Do Pneu,35826.96,5
PSDB,2026,2,2026-02,697,204390,Professor Alcides,28030.91,6
PSDB,2026,2,2026-02,849,137070,Vicentinho Júnior,27430.00,7
PSDB,2026,2,2026-02,596,220617,Murillo Gouvea,23723.73,8
PSDB,2026,2,2026-02,7,204560,Adolfo Viana,22110.05,9
PSDB,2026,2,2026-02,727,221329,Ricardo Abrão,20232.53,10
PSDB,2026,3,2026-03,646,160642,Pastor Eurico,78132.33,1
PSDB,2026,3,2026-03,61,220544,Antonio Andrade,71808.03,2
PSDB,2026,3,2026-03,450,204457,Juninho Do Pneu,61728.54,3
PSDB,2026,3,2026-03,403,220567,Jeferson Rodrigues,54888.79,4
PSDB,2026,3,2026-03,453,178886,Juscelino Filho,44270.22,5
PSDB,2026,3,2026-03,176,204409,Daniel Trzeciak,43063.30,6
PSDB,2026,3,2026-03,542,160161,Marcelo Queiroz,32599.19,7
PSDB,2026,3,2026-03,86,220683,Beto Richa,32426.34,8
PSDB,2026,3,2026-03,596,220617,Murillo Gouvea,32274.54,9
PSDB,2026,3,2026-03,656,141516,Paulo Abi-ackel,31203.17,10
PSDB,2026,4,2026-04,646,160642,Pastor Eurico,58026.66,1
PSDB,2026,4,2026-04,697,204390,Professor Alcides,49566.00,2
PSDB,2026,4,2026-04,61,220544,Antonio Andrade,39756.04,3
PSDB,2026,4,2026-04,450,204457,Juninho Do Pneu,35027.46,4
PSDB,2026,4,2026-04,176,204409,Daniel Trzeciak,30073.71,5
PSDB,2026,4,2026-04,849,137070,Vicentinho Júnior,27430.00,6
PSDB,2026,4,2026-04,542,160161,Marcelo Queiroz,25023.55,7
PSDB,2026,4,2026-04,86,220683,Beto Richa,22779.46,8
PSDB,2026,4,2026-04,727,221329,Ricardo Abrão,19750.07,9
PSDB,2026,4,2026-04,7,204560,Adolfo Viana,17500.00,10
PSDB,2026,5,2026-05,596,220617,Murillo Gouvea,531.14,1
PSOL,,,,396,73531,Ivan Valente,5208.76,1
PSOL,,,,297,204407,Fernanda Melchionna,2855.77,2
PSOL,,,,133,74171,Chico Alencar,2082.43,3
PSOL,,,,158,206018,Célia Xakriabá,1893.62,4
PSOL,,,,518,74784,Luiza Erundina,454.62,5
PSOL,,,,819,204464,Talíria Petrone,255.00,6
PSOL,,,,820,220598,Tarcísio Motta,118.55,7
PSOL,,,,703,221338,Professora Luciene Cavalcante,89.53,8
PSOL,,,,810,204535,Sâmia Bomfim,83.73,9
PSOL,,,,276,220645,Erika Hilton,72.07,10
PSOL,2021,12,2021-12,518,74784,Luiza Erundina,233.53,1
PSOL,2022,1,2022-01,857,215044,Vivi Reis,37928.87,1
PSOL,2022,1,2022-01,819,204464,Talíria Petrone,30369.68,2
PSOL,2022,1,2022-01,810,204535,Sâmia Bomfim,29862.46,3
PSOL,2022,1,2022-01,297,204407,Fernanda Melchionna,20453.33,4
PSOL,2022,1,2022-01,884,204509,Áurea Carolina,10235.60,5
PSOL,2022,1,2022-01,350,152605,Glauber Braga,9799.94,6
PSOL,2022,1,2022-01,518,74784,Luiza Erundina,8657.07,7
PSOL,2022,1,2022-01,396,73531,Ivan Valente,1675.75,8
PSOL,2022,2,2022-02,819,204464,Talíria Petrone,37611.51,1
PSOL,2022,2,2022-02,857,215044,Vivi Reis,33622.52,2
PSOL,2022,2,2022-02,810,204535,Sâmia Bomfim,33167.04,3
PSOL,2022,2,2022-02,350,152605,Glauber Braga,31329.01,4
PSOL,2022,2,2022-02,297,204407,Fernanda Melchionna,21128.93,5
PSOL,2022,2,2022-02,518,74784,Luiza Erundina,17361.93,6
PSOL,2022,2,2022-02,884,204509,Áurea Carolina,12586.81,7
PSOL,2022,2,2022-02,396,73531,Ivan Valente,9731.23,8
PSOL,2022,3,2022-03,396,73531,Ivan Valente,59977.73,1
PSOL,2022,3,2022-03,297,204407,Fernanda Melchionna,54638.20,2
PSOL,2022,3,2022-03,857,215044,Vivi Reis,52169.87,3
PSOL,2022,3,2022-03,810,204535,Sâmia Bomfim,52089.50,4
PSOL,2022,3,2022-03,350,152605,Glauber Braga,50329.63,5
PSOL,2022,3,2022-03,884,204509,Áurea Carolina,40765.86,6
PSOL,2022,3,2022-03,819,204464,Talíria Petrone,35830.92,7
PSOL,2022,3,2022-03,518,74784,Luiza Erundina,18792.10,8
PSOL,2022,4,2022-04,884,204509,Áurea Carolina,70599.02,1
PSOL,2022,4,2022-04,396,73531,Ivan Valente,50429.82,2
PSOL,2022,4,2022-04,350,152605,Glauber Braga,46051.49,3
PSOL,2022,4,2022-04,857,215044,Vivi Reis,42779.23,4
PSOL,2022,4,2022-04,297,204407,Fernanda Melchionna,41534.99,5
PSOL,2022,4,2022-04,810,204535,Sâmia Bomfim,33366.16,6
PSOL,2022,4,2022-04,819,204464,Talíria Petrone,26728.01,7
PSOL,2022,4,2022-04,518,74784,Luiza Erundina,19723.99,8
PSOL,2022,5,2022-05,297,204407,Fernanda Melchionna,68576.67,1
PSOL,2022,5,2022-05,396,73531,Ivan Valente,53104.40,2
PSOL,2022,5,2022-05,857,215044,Vivi Reis,52556.23,3
PSOL,2022,5,2022-05,884,204509,Áurea Carolina,51429.76,4
PSOL,2022,5,2022-05,810,204535,Sâmia Bomfim,49521.23,5
PSOL,2022,5,2022-05,518,74784,Luiza Erundina,49134.06,6
PSOL,2022,5,2022-05,819,204464,Talíria Petrone,44105.59,7
PSOL,2022,5,2022-05,350,152605,Glauber Braga,43122.00,8
PSOL,2022,6,2022-06,518,74784,Luiza Erundina,47626.98,1
PSOL,2022,6,2022-06,884,204509,Áurea Carolina,43843.62,2
PSOL,2022,6,2022-06,857,215044,Vivi Reis,36692.57,3
PSOL,2022,6,2022-06,819,204464,Talíria Petrone,32344.92,4
PSOL,2022,6,2022-06,297,204407,Fernanda Melchionna,29876.38,5
PSOL,2022,6,2022-06,350,152605,Glauber Braga,29401.37,6
PSOL,2022,6,2022-06,810,204535,Sâmia Bomfim,27310.57,7
PSOL,2022,6,2022-06,396,73531,Ivan Valente,26264.73,8
PSOL,2022,7,2022-07,518,74784,Luiza Erundina,43023.66,1
PSOL,2022,7,2022-07,857,215044,Vivi Reis,40803.57,2
PSOL,2022,7,2022-07,297,204407,Fernanda Melchionna,39132.56,3
PSOL,2022,7,2022-07,884,204509,Áurea Carolina,34965.19,4
PSOL,2022,7,2022-07,819,204464,Talíria Petrone,31281.16,5
PSOL,2022,7,2022-07,810,204535,Sâmia Bomfim,29514.74,6
PSOL,2022,7,2022-07,396,73531,Ivan Valente,28679.42,7
PSOL,2022,7,2022-07,350,152605,Glauber Braga,25425.15,8
PSOL,2022,8,2022-08,857,215044,Vivi Reis,32490.74,1
PSOL,2022,8,2022-08,810,204535,Sâmia Bomfim,28317.92,2
PSOL,2022,8,2022-08,819,204464,Talíria Petrone,24275.57,3
PSOL,2022,8,2022-08,884,204509,Áurea Carolina,23965.69,4
PSOL,2022,8,2022-08,396,73531,Ivan Valente,23108.45,5
PSOL,2022,8,2022-08,518,74784,Luiza Erundina,19238.43,6
PSOL,2022,8,2022-08,350,152605,Glauber Braga,13872.01,7
PSOL,2022,8,2022-08,297,204407,Fernanda Melchionna,9216.87,8
PSOL,2022,9,2022-09,518,74784,Luiza Erundina,29563.93,1
PSOL,2022,9,2022-09,884,204509,Áurea Carolina,24125.84,2
PSOL,2022,9,2022-09,857,215044,Vivi Reis,21696.67,3
PSOL,2022,9,2022-09,819,204464,Talíria Petrone,20626.14,4
PSOL,2022,9,2022-09,396,73531,Ivan Valente,14015.48,5
PSOL,2022,9,2022-09,810,204535,Sâmia Bomfim,10727.26,6
PSOL,2022,9,2022-09,350,152605,Glauber Braga,6021.19,7
PSOL,2022,9,2022-09,297,204407,Fernanda Melchionna,2131.55,8
PSOL,2022,10,2022-10,857,215044,Vivi Reis,32797.71,1
PSOL,2022,10,2022-10,518,74784,Luiza Erundina,31769.92,2
PSOL,2022,10,2022-10,810,204535,Sâmia Bomfim,27406.36,3
PSOL,2022,10,2022-10,884,204509,Áurea Carolina,24624.11,4
PSOL,2022,10,2022-10,396,73531,Ivan Valente,23149.85,5
PSOL,2022,10,2022-10,297,204407,Fernanda Melchionna,22379.14,6
PSOL,2022,10,2022-10,350,152605,Glauber Braga,19123.13,7
PSOL,2022,10,2022-10,819,204464,Talíria Petrone,12899.62,8
PSOL,2022,11,2022-11,884,204509,Áurea Carolina,65336.84,1
PSOL,2022,11,2022-11,297,204407,Fernanda Melchionna,63280.64,2
PSOL,2022,11,2022-11,857,215044,Vivi Reis,54336.63,3
PSOL,2022,11,2022-11,810,204535,Sâmia Bomfim,48929.88,4
PSOL,2022,11,2022-11,518,74784,Luiza Erundina,37861.20,5
PSOL,2022,11,2022-11,350,152605,Glauber Braga,25552.81,6
PSOL,2022,11,2022-11,819,204464,Talíria Petrone,21660.67,7
PSOL,2022,11,2022-11,396,73531,Ivan Valente,13136.47,8
PSOL,2022,12,2022-12,857,215044,Vivi Reis,66396.14,1
PSOL,2022,12,2022-12,518,74784,Luiza Erundina,49490.76,2
PSOL,2022,12,2022-12,297,204407,Fernanda Melchionna,40885.16,3
PSOL,2022,12,2022-12,819,204464,Talíria Petrone,40675.06,4
PSOL,2022,12,2022-12,350,152605,Glauber Braga,35318.10,5
PSOL,2022,12,2022-12,396,73531,Ivan Valente,29345.90,6
PSOL,2022,12,2022-12,884,204509,Áurea Carolina,28846.16,7
PSOL,2022,12,2022-12,810,204535,Sâmia Bomfim,17889.63,8
PSOL,2023,1,2023-01,297,204407,Fernanda Melchionna,43890.57,1
PSOL,2023,1,2023-01,857,215044,Vivi Reis,40875.30,2
PSOL,2023,1,2023-01,884,204509,Áurea Carolina,35757.17,3
PSOL,2023,1,2023-01,396,73531,Ivan Valente,33326.30,4
PSOL,2023,1,2023-01,819,204464,Talíria Petrone,31392.29,5
PSOL,2023,1,2023-01,810,204535,Sâmia Bomfim,28009.83,6
PSOL,2023,1,2023-01,350,152605,Glauber Braga,14223.23,7
PSOL,2023,1,2023-01,518,74784,Luiza Erundina,12337.28,8
PSOL,2023,2,2023-02,297,204407,Fernanda Melchionna,49548.20,1
PSOL,2023,2,2023-02,396,73531,Ivan Valente,37032.36,2
PSOL,2023,2,2023-02,158,206018,Célia Xakriabá,29200.57,3
PSOL,2023,2,2023-02,518,74784,Luiza Erundina,27256.74,4
PSOL,2023,2,2023-02,819,204464,Talíria Petrone,26138.15,5
PSOL,2023,2,2023-02,810,204535,Sâmia Bomfim,25134.08,6
PSOL,2023,2,2023-02,350,152605,Glauber Braga,24215.08,7
PSOL,2023,2,2023-02,276,220645,Erika Hilton,17065.19,8
PSOL,2023,2,2023-02,243,220623,Duda Salabert,14773.81,9
PSOL,2023,2,2023-02,358,220639,Guilherme Boulos,14318.96,10
PSOL,2023,3,2023-03,358,220639,Guilherme Boulos,53470.42,1
PSOL,2023,3,2023-03,243,220623,Duda Salabert,51752.06,2
PSOL,2023,3,2023-03,297,204407,Fernanda Melchionna,45951.20,3
PSOL,2023,3,2023-03,648,220615,Pastor Henrique Vieira,44903.23,4
PSOL,2023,3,2023-03,396,73531,Ivan Valente,41973.99,5
PSOL,2023,3,2023-03,158,206018,Célia Xakriabá,37523.51,6
PSOL,2023,3,2023-03,819,204464,Talíria Petrone,33840.12,7
PSOL,2023,3,2023-03,820,220598,Tarcísio Motta,31867.35,8
PSOL,2023,3,2023-03,350,152605,Glauber Braga,31580.72,9
PSOL,2023,3,2023-03,810,204535,Sâmia Bomfim,31200.36,10
PSOL,2023,4,2023-04,297,204407,Fernanda Melchionna,50064.38,1
PSOL,2023,4,2023-04,243,220623,Duda Salabert,48737.70,2
PSOL,2023,4,2023-04,648,220615,Pastor Henrique Vieira,42629.20,3
PSOL,2023,4,2023-04,158,206018,Célia Xakriabá,37889.75,4
PSOL,2023,4,2023-04,810,204535,Sâmia Bomfim,37222.67,5
PSOL,2023,4,2023-04,820,220598,Tarcísio Motta,33226.25,6
PSOL,2023,4,2023-04,396,73531,Ivan Valente,32093.38,7
PSOL,2023,4,2023-04,350,152605,Glauber Braga,29837.83,8
PSOL,2023,4,2023-04,819,204464,Talíria Petrone,26430.54,9
PSOL,2023,4,2023-04,133,74171,Chico Alencar,25814.56,10
PSOL,2023,5,2023-05,158,206018,Célia Xakriabá,56921.06,1
PSOL,2023,5,2023-05,358,220639,Guilherme Boulos,46835.45,2
PSOL,2023,5,2023-05,703,221338,Professora Luciene Cavalcante,44815.77,3
PSOL,2023,5,2023-05,133,74171,Chico Alencar,43206.81,4
PSOL,2023,5,2023-05,297,204407,Fernanda Melchionna,41960.46,5
PSOL,2023,5,2023-05,648,220615,Pastor Henrique Vieira,41034.62,6
PSOL,2023,5,2023-05,810,204535,Sâmia Bomfim,39995.41,7
PSOL,2023,5,2023-05,276,220645,Erika Hilton,34973.29,8
PSOL,2023,5,2023-05,819,204464,Talíria Petrone,31519.35,9
PSOL,2023,5,2023-05,243,220623,Duda Salabert,31159.95,10
PSOL,2023,6,2023-06,648,220615,Pastor Henrique Vieira,65843.66,1
PSOL,2023,6,2023-06,243,220623,Duda Salabert,49692.36,2
PSOL,2023,6,2023-06,358,220639,Guilherme Boulos,43352.51,3
PSOL,2023,6,2023-06,158,206018,Célia Xakriabá,40095.46,4
PSOL,2023,6,2023-06,297,204407,Fernanda Melchionna,39766.66,5
PSOL,2023,6,2023-06,396,73531,Ivan Valente,38349.35,6
PSOL,2023,6,2023-06,819,204464,Talíria Petrone,33890.84,7
PSOL,2023,6,2023-06,810,204535,Sâmia Bomfim,31536.88,8
PSOL,2023,6,2023-06,703,221338,Professora Luciene Cavalcante,30757.33,9
PSOL,2023,6,2023-06,820,220598,Tarcísio Motta,30382.73,10
PSOL,2023,7,2023-07,358,220639,Guilherme Boulos,58761.30,1
PSOL,2023,7,2023-07,819,204464,Talíria Petrone,46477.63,2
PSOL,2023,7,2023-07,158,206018,Célia Xakriabá,45397.06,3
PSOL,2023,7,2023-07,810,204535,Sâmia Bomfim,44918.21,4
PSOL,2023,7,2023-07,243,220623,Duda Salabert,43554.20,5
PSOL,2023,7,2023-07,297,204407,Fernanda Melchionna,39148.97,6
PSOL,2023,7,2023-07,648,220615,Pastor Henrique Vieira,38729.75,7
PSOL,2023,7,2023-07,133,74171,Chico Alencar,35320.55,8
PSOL,2023,7,2023-07,276,220645,Erika Hilton,33514.34,9
PSOL,2023,7,2023-07,518,74784,Luiza Erundina,26908.32,10
PSOL,2023,8,2023-08,276,220645,Erika Hilton,78634.78,1
PSOL,2023,8,2023-08,158,206018,Célia Xakriabá,60775.87,2
PSOL,2023,8,2023-08,243,220623,Duda Salabert,54376.60,3
PSOL,2023,8,2023-08,297,204407,Fernanda Melchionna,53278.28,4
PSOL,2023,8,2023-08,133,74171,Chico Alencar,47149.59,5
PSOL,2023,8,2023-08,648,220615,Pastor Henrique Vieira,39616.73,6
PSOL,2023,8,2023-08,810,204535,Sâmia Bomfim,38223.37,7
PSOL,2023,8,2023-08,819,204464,Talíria Petrone,37288.36,8
PSOL,2023,8,2023-08,350,152605,Glauber Braga,33723.46,9
PSOL,2023,8,2023-08,820,220598,Tarcísio Motta,31615.64,10
PSOL,2023,9,2023-09,276,220645,Erika Hilton,86563.84,1
PSOL,2023,9,2023-09,358,220639,Guilherme Boulos,72695.34,2
PSOL,2023,9,2023-09,648,220615,Pastor Henrique Vieira,59117.91,3
PSOL,2023,9,2023-09,819,204464,Talíria Petrone,44985.27,4
PSOL,2023,9,2023-09,518,74784,Luiza Erundina,41586.79,5
PSOL,2023,9,2023-09,810,204535,Sâmia Bomfim,39511.04,6
PSOL,2023,9,2023-09,133,74171,Chico Alencar,38878.37,7
PSOL,2023,9,2023-09,350,152605,Glauber Braga,35453.18,8
PSOL,2023,9,2023-09,158,206018,Célia Xakriabá,35188.87,9
PSOL,2023,9,2023-09,297,204407,Fernanda Melchionna,33899.09,10
PSOL,2023,10,2023-10,158,206018,Célia Xakriabá,60660.52,1
PSOL,2023,10,2023-10,133,74171,Chico Alencar,56961.52,2
PSOL,2023,10,2023-10,358,220639,Guilherme Boulos,56065.04,3
PSOL,2023,10,2023-10,703,221338,Professora Luciene Cavalcante,54833.70,4
PSOL,2023,10,2023-10,819,204464,Talíria Petrone,54642.57,5
PSOL,2023,10,2023-10,276,220645,Erika Hilton,54324.68,6
PSOL,2023,10,2023-10,297,204407,Fernanda Melchionna,52502.66,7
PSOL,2023,10,2023-10,350,152605,Glauber Braga,48728.77,8
PSOL,2023,10,2023-10,820,220598,Tarcísio Motta,43062.02,9
PSOL,2023,10,2023-10,518,74784,Luiza Erundina,41031.09,10
PSOL,2023,11,2023-11,820,220598,Tarcísio Motta,75741.80,1
PSOL,2023,11,2023-11,133,74171,Chico Alencar,65448.95,2
PSOL,2023,11,2023-11,243,220623,Duda Salabert,52751.40,3
PSOL,2023,11,2023-11,276,220645,Erika Hilton,51899.39,4
PSOL,2023,11,2023-11,350,152605,Glauber Braga,49286.39,5
PSOL,2023,11,2023-11,297,204407,Fernanda Melchionna,45894.70,6
PSOL,2023,11,2023-11,648,220615,Pastor Henrique Vieira,44061.43,7
PSOL,2023,11,2023-11,158,206018,Célia Xakriabá,42298.07,8
PSOL,2023,11,2023-11,819,204464,Talíria Petrone,42129.92,9
PSOL,2023,11,2023-11,518,74784,Luiza Erundina,35869.31,10
PSOL,2023,12,2023-12,133,74171,Chico Alencar,72523.00,1
PSOL,2023,12,2023-12,243,220623,Duda Salabert,59663.80,2
PSOL,2023,12,2023-12,820,220598,Tarcísio Motta,58564.34,3
PSOL,2023,12,2023-12,350,152605,Glauber Braga,51739.85,4
PSOL,2023,12,2023-12,518,74784,Luiza Erundina,46255.29,5
PSOL,2023,12,2023-12,819,204464,Talíria Petrone,41965.55,6
PSOL,2023,12,2023-12,297,204407,Fernanda Melchionna,40710.90,7
PSOL,2023,12,2023-12,648,220615,Pastor Henrique Vieira,36436.76,8
PSOL,2023,12,2023-12,358,220639,Guilherme Boulos,31110.25,9
PSOL,2023,12,2023-12,810,204535,Sâmia Bomfim,29823.20,10
PSOL,2024,1,2024-01,158,206018,Célia Xakriabá,59467.11,1
PSOL,2024,1,2024-01,276,220645,Erika Hilton,42825.39,2
PSOL,2024,1,2024-01,648,220615,Pastor Henrique Vieira,39121.86,3
PSOL,2024,1,2024-01,396,73531,Ivan Valente,35673.71,4
PSOL,2024,1,2024-01,810,204535,Sâmia Bomfim,28210.42,5
PSOL,2024,1,2024-01,297,204407,Fernanda Melchionna,28173.41,6
PSOL,2024,1,2024-01,819,204464,Talíria Petrone,26341.45,7
PSOL,2024,1,2024-01,820,220598,Tarcísio Motta,25307.11,8
PSOL,2024,1,2024-01,350,152605,Glauber Braga,19573.67,9
PSOL,2024,1,2024-01,243,220623,Duda Salabert,19278.72,10
PSOL,2024,2,2024-02,820,220598,Tarcísio Motta,58048.61,1
PSOL,2024,2,2024-02,819,204464,Talíria Petrone,47466.55,2
PSOL,2024,2,2024-02,133,74171,Chico Alencar,41736.99,3
PSOL,2024,2,2024-02,158,206018,Célia Xakriabá,40093.57,4
PSOL,2024,2,2024-02,648,220615,Pastor Henrique Vieira,34945.38,5
PSOL,2024,2,2024-02,350,152605,Glauber Braga,34484.79,6
PSOL,2024,2,2024-02,243,220623,Duda Salabert,33916.90,7
PSOL,2024,2,2024-02,297,204407,Fernanda Melchionna,33306.28,8
PSOL,2024,2,2024-02,358,220639,Guilherme Boulos,33128.83,9
PSOL,2024,2,2024-02,518,74784,Luiza Erundina,33069.39,10
PSOL,2024,3,2024-03,648,220615,Pastor Henrique Vieira,64403.32,1
PSOL,2024,3,2024-03,297,204407,Fernanda Melchionna,48817.76,2
PSOL,2024,3,2024-03,396,73531,Ivan Valente,48547.94,3
PSOL,2024,3,2024-03,133,74171,Chico Alencar,46696.86,4
PSOL,2024,3,2024-03,703,221338,Professora Luciene Cavalcante,43955.14,5
PSOL,2024,3,2024-03,350,152605,Glauber Braga,40001.13,6
PSOL,2024,3,2024-03,820,220598,Tarcísio Motta,39802.23,7
PSOL,2024,3,2024-03,819,204464,Talíria Petrone,32969.35,8
PSOL,2024,3,2024-03,243,220623,Duda Salabert,32430.38,9
PSOL,2024,3,2024-03,810,204535,Sâmia Bomfim,31761.05,10
PSOL,2024,4,2024-04,276,220645,Erika Hilton,49588.71,1
PSOL,2024,4,2024-04,518,74784,Luiza Erundina,49413.08,2
PSOL,2024,4,2024-04,158,206018,Célia Xakriabá,48450.05,3
PSOL,2024,4,2024-04,820,220598,Tarcísio Motta,42039.57,4
PSOL,2024,4,2024-04,819,204464,Talíria Petrone,38666.09,5
PSOL,2024,4,2024-04,133,74171,Chico Alencar,38346.93,6
PSOL,2024,4,2024-04,648,220615,Pastor Henrique Vieira,37805.03,7
PSOL,2024,4,2024-04,243,220623,Duda Salabert,37633.46,8
PSOL,2024,4,2024-04,350,152605,Glauber Braga,35412.09,9
PSOL,2024,4,2024-04,810,204535,Sâmia Bomfim,34232.00,10
PSOL,2024,5,2024-05,158,206018,Célia Xakriabá,59452.04,1
PSOL,2024,5,2024-05,810,204535,Sâmia Bomfim,55329.21,2
PSOL,2024,5,2024-05,703,221338,Professora Luciene Cavalcante,54014.63,3
PSOL,2024,5,2024-05,396,73531,Ivan Valente,45849.32,4
PSOL,2024,5,2024-05,820,220598,Tarcísio Motta,45619.37,5
PSOL,2024,5,2024-05,358,220639,Guilherme Boulos,43570.91,6
PSOL,2024,5,2024-05,648,220615,Pastor Henrique Vieira,42550.47,7
PSOL,2024,5,2024-05,133,74171,Chico Alencar,39449.56,8
PSOL,2024,5,2024-05,297,204407,Fernanda Melchionna,37861.36,9
PSOL,2024,5,2024-05,518,74784,Luiza Erundina,37859.81,10
PSOL,2024,6,2024-06,243,220623,Duda Salabert,87644.06,1
PSOL,2024,6,2024-06,276,220645,Erika Hilton,61322.54,2
PSOL,2024,6,2024-06,820,220598,Tarcísio Motta,52570.86,3
PSOL,2024,6,2024-06,819,204464,Talíria Petrone,47381.41,4
PSOL,2024,6,2024-06,133,74171,Chico Alencar,44114.87,5
PSOL,2024,6,2024-06,648,220615,Pastor Henrique Vieira,43600.91,6
PSOL,2024,6,2024-06,703,221338,Professora Luciene Cavalcante,37855.09,7
PSOL,2024,6,2024-06,396,73531,Ivan Valente,36950.34,8
PSOL,2024,6,2024-06,297,204407,Fernanda Melchionna,34860.81,9
PSOL,2024,6,2024-06,158,206018,Célia Xakriabá,33479.76,10
PSOL,2024,7,2024-07,276,220645,Erika Hilton,66004.97,1
PSOL,2024,7,2024-07,158,206018,Célia Xakriabá,62496.07,2
PSOL,2024,7,2024-07,819,204464,Talíria Petrone,51377.73,3
PSOL,2024,7,2024-07,703,221338,Professora Luciene Cavalcante,47279.93,4
PSOL,2024,7,2024-07,810,204535,Sâmia Bomfim,45428.88,5
PSOL,2024,7,2024-07,133,74171,Chico Alencar,41875.12,6
PSOL,2024,7,2024-07,648,220615,Pastor Henrique Vieira,40306.73,7
PSOL,2024,7,2024-07,350,152605,Glauber Braga,35746.22,8
PSOL,2024,7,2024-07,396,73531,Ivan Valente,34581.65,9
PSOL,2024,7,2024-07,297,204407,Fernanda Melchionna,32919.58,10
PSOL,2024,8,2024-08,810,204535,Sâmia Bomfim,45904.84,1
PSOL,2024,8,2024-08,158,206018,Célia Xakriabá,45226.16,2
PSOL,2024,8,2024-08,350,152605,Glauber Braga,44381.50,3
PSOL,2024,8,2024-08,518,74784,Luiza Erundina,42359.77,4
PSOL,2024,8,2024-08,297,204407,Fernanda Melchionna,39556.69,5
PSOL,2024,8,2024-08,703,221338,Professora Luciene Cavalcante,39008.49,6
PSOL,2024,8,2024-08,648,220615,Pastor Henrique Vieira,36566.21,7
PSOL,2024,8,2024-08,133,74171,Chico Alencar,33133.62,8
PSOL,2024,8,2024-08,396,73531,Ivan Valente,32028.78,9
PSOL,2024,8,2024-08,243,220623,Duda Salabert,29227.10,10
PSOL,2024,9,2024-09,158,206018,Célia Xakriabá,42320.15,1
PSOL,2024,9,2024-09,518,74784,Luiza Erundina,41532.01,2
PSOL,2024,9,2024-09,350,152605,Glauber Braga,37826.53,3
PSOL,2024,9,2024-09,133,74171,Chico Alencar,32829.13,4
PSOL,2024,9,2024-09,810,204535,Sâmia Bomfim,30801.49,5
PSOL,2024,9,2024-09,648,220615,Pastor Henrique Vieira,28952.20,6
PSOL,2024,9,2024-09,703,221338,Professora Luciene Cavalcante,27674.53,7
PSOL,2024,9,2024-09,297,204407,Fernanda Melchionna,26451.49,8
PSOL,2024,9,2024-09,396,73531,Ivan Valente,23474.35,9
PSOL,2024,9,2024-09,819,204464,Talíria Petrone,20989.71,10
PSOL,2024,10,2024-10,133,74171,Chico Alencar,72157.46,1
PSOL,2024,10,2024-10,158,206018,Célia Xakriabá,43872.46,2
PSOL,2024,10,2024-10,810,204535,Sâmia Bomfim,43788.06,3
PSOL,2024,10,2024-10,819,204464,Talíria Petrone,41627.03,4
PSOL,2024,10,2024-10,518,74784,Luiza Erundina,39675.66,5
PSOL,2024,10,2024-10,350,152605,Glauber Braga,38413.03,6
PSOL,2024,10,2024-10,648,220615,Pastor Henrique Vieira,37298.54,7
PSOL,2024,10,2024-10,276,220645,Erika Hilton,30998.27,8
PSOL,2024,10,2024-10,297,204407,Fernanda Melchionna,29221.35,9
PSOL,2024,10,2024-10,396,73531,Ivan Valente,29081.37,10
PSOL,2024,11,2024-11,133,74171,Chico Alencar,77306.56,1
PSOL,2024,11,2024-11,518,74784,Luiza Erundina,57445.48,2
PSOL,2024,11,2024-11,810,204535,Sâmia Bomfim,51824.01,3
PSOL,2024,11,2024-11,648,220615,Pastor Henrique Vieira,43928.96,4
PSOL,2024,11,2024-11,276,220645,Erika Hilton,42422.77,5
PSOL,2024,11,2024-11,820,220598,Tarcísio Motta,42043.89,6
PSOL,2024,11,2024-11,703,221338,Professora Luciene Cavalcante,38273.10,7
PSOL,2024,11,2024-11,358,220639,Guilherme Boulos,37802.13,8
PSOL,2024,11,2024-11,350,152605,Glauber Braga,36772.36,9
PSOL,2024,11,2024-11,158,206018,Célia Xakriabá,31065.78,10
PSOL,2024,12,2024-12,358,220639,Guilherme Boulos,118277.41,1
PSOL,2024,12,2024-12,820,220598,Tarcísio Motta,88639.63,2
PSOL,2024,12,2024-12,243,220623,Duda Salabert,78826.00,3
PSOL,2024,12,2024-12,350,152605,Glauber Braga,69985.72,4
PSOL,2024,12,2024-12,819,204464,Talíria Petrone,64325.05,5
PSOL,2024,12,2024-12,396,73531,Ivan Valente,62370.06,6
PSOL,2024,12,2024-12,648,220615,Pastor Henrique Vieira,58639.83,7
PSOL,2024,12,2024-12,810,204535,Sâmia Bomfim,47772.41,8
PSOL,2024,12,2024-12,703,221338,Professora Luciene Cavalcante,47197.49,9
PSOL,2024,12,2024-12,276,220645,Erika Hilton,43309.20,10
PSOL,2025,1,2025-01,819,204464,Talíria Petrone,72643.27,1
PSOL,2025,1,2025-01,276,220645,Erika Hilton,49637.91,2
PSOL,2025,1,2025-01,703,221338,Professora Luciene Cavalcante,38694.95,3
PSOL,2025,1,2025-01,158,206018,Célia Xakriabá,31000.54,4
PSOL,2025,1,2025-01,133,74171,Chico Alencar,30435.31,5
PSOL,2025,1,2025-01,648,220615,Pastor Henrique Vieira,28658.98,6
PSOL,2025,1,2025-01,396,73531,Ivan Valente,27002.46,7
PSOL,2025,1,2025-01,810,204535,Sâmia Bomfim,26580.01,8
PSOL,2025,1,2025-01,297,204407,Fernanda Melchionna,24909.17,9
PSOL,2025,1,2025-01,820,220598,Tarcísio Motta,21059.68,10
PSOL,2025,2,2025-02,158,206018,Célia Xakriabá,53194.56,1
PSOL,2025,2,2025-02,396,73531,Ivan Valente,51280.50,2
PSOL,2025,2,2025-02,819,204464,Talíria Petrone,47327.45,3
PSOL,2025,2,2025-02,276,220645,Erika Hilton,47168.94,4
PSOL,2025,2,2025-02,518,74784,Luiza Erundina,46601.96,5
PSOL,2025,2,2025-02,358,220639,Guilherme Boulos,44435.17,6
PSOL,2025,2,2025-02,820,220598,Tarcísio Motta,43668.12,7
PSOL,2025,2,2025-02,810,204535,Sâmia Bomfim,43006.17,8
PSOL,2025,2,2025-02,648,220615,Pastor Henrique Vieira,36616.58,9
PSOL,2025,2,2025-02,350,152605,Glauber Braga,32599.07,10
PSOL,2025,3,2025-03,396,73531,Ivan Valente,65254.86,1
PSOL,2025,3,2025-03,350,152605,Glauber Braga,54693.24,2
PSOL,2025,3,2025-03,158,206018,Célia Xakriabá,49436.90,3
PSOL,2025,3,2025-03,703,221338,Professora Luciene Cavalcante,48709.13,4
PSOL,2025,3,2025-03,648,220615,Pastor Henrique Vieira,48469.88,5
PSOL,2025,3,2025-03,243,220623,Duda Salabert,44934.83,6
PSOL,2025,3,2025-03,297,204407,Fernanda Melchionna,44820.85,7
PSOL,2025,3,2025-03,820,220598,Tarcísio Motta,44577.46,8
PSOL,2025,3,2025-03,133,74171,Chico Alencar,43234.20,9
PSOL,2025,3,2025-03,276,220645,Erika Hilton,39701.12,10
PSOL,2025,4,2025-04,819,204464,Talíria Petrone,76936.01,1
PSOL,2025,4,2025-04,810,204535,Sâmia Bomfim,65561.58,2
PSOL,2025,4,2025-04,243,220623,Duda Salabert,57023.07,3
PSOL,2025,4,2025-04,648,220615,Pastor Henrique Vieira,53715.30,4
PSOL,2025,4,2025-04,297,204407,Fernanda Melchionna,49851.21,5
PSOL,2025,4,2025-04,133,74171,Chico Alencar,49265.83,6
PSOL,2025,4,2025-04,396,73531,Ivan Valente,49171.10,7
PSOL,2025,4,2025-04,358,220639,Guilherme Boulos,45005.42,8
PSOL,2025,4,2025-04,820,220598,Tarcísio Motta,42673.59,9
PSOL,2025,4,2025-04,518,74784,Luiza Erundina,41797.18,10
PSOL,2025,5,2025-05,358,220639,Guilherme Boulos,81913.52,1
PSOL,2025,5,2025-05,276,220645,Erika Hilton,54414.88,2
PSOL,2025,5,2025-05,243,220623,Duda Salabert,53010.79,3
PSOL,2025,5,2025-05,350,152605,Glauber Braga,51968.34,4
PSOL,2025,5,2025-05,396,73531,Ivan Valente,49427.08,5
PSOL,2025,5,2025-05,648,220615,Pastor Henrique Vieira,47103.06,6
PSOL,2025,5,2025-05,133,74171,Chico Alencar,45131.45,7
PSOL,2025,5,2025-05,810,204535,Sâmia Bomfim,44933.21,8
PSOL,2025,5,2025-05,703,221338,Professora Luciene Cavalcante,42484.94,9
PSOL,2025,5,2025-05,820,220598,Tarcísio Motta,42427.55,10
PSOL,2025,6,2025-06,358,220639,Guilherme Boulos,52177.33,1
PSOL,2025,6,2025-06,133,74171,Chico Alencar,42616.49,2
PSOL,2025,6,2025-06,648,220615,Pastor Henrique Vieira,42419.78,3
PSOL,2025,6,2025-06,703,221338,Professora Luciene Cavalcante,40756.28,4
PSOL,2025,6,2025-06,820,220598,Tarcísio Motta,40612.06,5
PSOL,2025,6,2025-06,819,204464,Talíria Petrone,38716.69,6
PSOL,2025,6,2025-06,810,204535,Sâmia Bomfim,38590.13,7
PSOL,2025,6,2025-06,518,74784,Luiza Erundina,37482.45,8
PSOL,2025,6,2025-06,396,73531,Ivan Valente,36724.10,9
PSOL,2025,6,2025-06,276,220645,Erika Hilton,35081.07,10
PSOL,2025,7,2025-07,158,206018,Célia Xakriabá,63560.74,1
PSOL,2025,7,2025-07,518,74784,Luiza Erundina,60721.32,2
PSOL,2025,7,2025-07,297,204407,Fernanda Melchionna,55052.03,3
PSOL,2025,7,2025-07,243,220623,Duda Salabert,55004.61,4
PSOL,2025,7,2025-07,810,204535,Sâmia Bomfim,54267.75,5
PSOL,2025,7,2025-07,396,73531,Ivan Valente,51267.45,6
PSOL,2025,7,2025-07,276,220645,Erika Hilton,48947.26,7
PSOL,2025,7,2025-07,133,74171,Chico Alencar,45351.88,8
PSOL,2025,7,2025-07,648,220615,Pastor Henrique Vieira,43070.89,9
PSOL,2025,7,2025-07,703,221338,Professora Luciene Cavalcante,39611.43,10
PSOL,2025,8,2025-08,396,73531,Ivan Valente,40292.30,1
PSOL,2025,8,2025-08,133,74171,Chico Alencar,39218.54,2
PSOL,2025,8,2025-08,297,204407,Fernanda Melchionna,39018.40,3
PSOL,2025,8,2025-08,648,220615,Pastor Henrique Vieira,32894.42,4
PSOL,2025,8,2025-08,810,204535,Sâmia Bomfim,31992.92,5
PSOL,2025,8,2025-08,703,221338,Professora Luciene Cavalcante,30024.34,6
PSOL,2025,8,2025-08,358,220639,Guilherme Boulos,29847.28,7
PSOL,2025,8,2025-08,350,152605,Glauber Braga,29488.62,8
PSOL,2025,8,2025-08,518,74784,Luiza Erundina,27971.12,9
PSOL,2025,8,2025-08,820,220598,Tarcísio Motta,23149.20,10
PSOL,2025,9,2025-09,158,206018,Célia Xakriabá,47216.29,1
PSOL,2025,9,2025-09,648,220615,Pastor Henrique Vieira,44714.76,2
PSOL,2025,9,2025-09,133,74171,Chico Alencar,39498.70,3
PSOL,2025,9,2025-09,396,73531,Ivan Valente,38578.08,4
PSOL,2025,9,2025-09,703,221338,Professora Luciene Cavalcante,29451.03,5
PSOL,2025,9,2025-09,297,204407,Fernanda Melchionna,28666.15,6
PSOL,2025,9,2025-09,810,204535,Sâmia Bomfim,27367.13,7
PSOL,2025,9,2025-09,819,204464,Talíria Petrone,24976.97,8
PSOL,2025,9,2025-09,350,152605,Glauber Braga,24644.56,9
PSOL,2025,9,2025-09,243,220623,Duda Salabert,24514.07,10
PSOL,2025,10,2025-10,518,74784,Luiza Erundina,42841.50,1
PSOL,2025,10,2025-10,297,204407,Fernanda Melchionna,41307.20,2
PSOL,2025,10,2025-10,133,74171,Chico Alencar,40753.46,3
PSOL,2025,10,2025-10,648,220615,Pastor Henrique Vieira,34788.87,4
PSOL,2025,10,2025-10,703,221338,Professora Luciene Cavalcante,31416.59,5
PSOL,2025,10,2025-10,819,204464,Talíria Petrone,29729.36,6
PSOL,2025,10,2025-10,158,206018,Célia Xakriabá,28513.38,7
PSOL,2025,10,2025-10,810,204535,Sâmia Bomfim,27624.25,8
PSOL,2025,10,2025-10,358,220639,Guilherme Boulos,25245.24,9
PSOL,2025,10,2025-10,350,152605,Glauber Braga,24992.82,10
PSOL,2025,11,2025-11,396,73531,Ivan Valente,51304.60,1
PSOL,2025,11,2025-11,820,220598,Tarcísio Motta,44004.77,2
PSOL,2025,11,2025-11,133,74171,Chico Alencar,41044.94,3
PSOL,2025,11,2025-11,648,220615,Pastor Henrique Vieira,40043.08,4
PSOL,2025,11,2025-11,297,204407,Fernanda Melchionna,36990.84,5
PSOL,2025,11,2025-11,518,74784,Luiza Erundina,28867.62,6
PSOL,2025,11,2025-11,350,152605,Glauber Braga,25208.41,7
PSOL,2025,11,2025-11,810,204535,Sâmia Bomfim,22865.48,8
PSOL,2025,11,2025-11,819,204464,Talíria Petrone,21923.36,9
PSOL,2025,11,2025-11,243,220623,Duda Salabert,19003.46,10
PSOL,2025,12,2025-12,518,74784,Luiza Erundina,51752.70,1
PSOL,2025,12,2025-12,158,206018,Célia Xakriabá,40899.36,2
PSOL,2025,12,2025-12,133,74171,Chico Alencar,38499.41,3
PSOL,2025,12,2025-12,820,220598,Tarcísio Motta,38303.81,4
PSOL,2025,12,2025-12,396,73531,Ivan Valente,35612.22,5
PSOL,2025,12,2025-12,297,204407,Fernanda Melchionna,33724.70,6
PSOL,2025,12,2025-12,648,220615,Pastor Henrique Vieira,32002.39,7
PSOL,2025,12,2025-12,703,221338,Professora Luciene Cavalcante,25424.56,8
PSOL,2025,12,2025-12,810,204535,Sâmia Bomfim,22151.60,9
PSOL,2025,12,2025-12,243,220623,Duda Salabert,19948.13,10
PSOL,2026,1,2026-01,133,74171,Chico Alencar,37997.39,1
PSOL,2026,1,2026-01,518,74784,Luiza Erundina,34640.89,2
PSOL,2026,1,2026-01,820,220598,Tarcísio Motta,33320.27,3
PSOL,2026,1,2026-01,810,204535,Sâmia Bomfim,29640.11,4
PSOL,2026,1,2026-01,648,220615,Pastor Henrique Vieira,29410.20,5
PSOL,2026,1,2026-01,297,204407,Fernanda Melchionna,25628.16,6
PSOL,2026,1,2026-01,158,206018,Célia Xakriabá,25355.66,7
PSOL,2026,1,2026-01,396,73531,Ivan Valente,21020.87,8
PSOL,2026,1,2026-01,243,220623,Duda Salabert,19251.97,9
PSOL,2026,1,2026-01,703,221338,Professora Luciene Cavalcante,18271.10,10
PSOL,2026,2,2026-02,518,74784,Luiza Erundina,44659.36,1
PSOL,2026,2,2026-02,133,74171,Chico Alencar,37629.24,2
PSOL,2026,2,2026-02,820,220598,Tarcísio Motta,36122.27,3
PSOL,2026,2,2026-02,396,73531,Ivan Valente,33141.24,4
PSOL,2026,2,2026-02,648,220615,Pastor Henrique Vieira,27854.62,5
PSOL,2026,2,2026-02,810,204535,Sâmia Bomfim,27714.61,6
PSOL,2026,2,2026-02,297,204407,Fernanda Melchionna,24479.61,7
PSOL,2026,2,2026-02,243,220623,Duda Salabert,21596.74,8
PSOL,2026,2,2026-02,703,221338,Professora Luciene Cavalcante,20988.82,9
PSOL,2026,2,2026-02,276,220645,Erika Hilton,17820.32,10
PSOL,2026,3,2026-03,158,206018,Célia Xakriabá,52521.49,1
PSOL,2026,3,2026-03,518,74784,Luiza Erundina,52212.05,2
PSOL,2026,3,2026-03,648,220615,Pastor Henrique Vieira,50798.81,3
PSOL,2026,3,2026-03,819,204464,Talíria Petrone,46411.41,4
PSOL,2026,3,2026-03,820,220598,Tarcísio Motta,41513.01,5
PSOL,2026,3,2026-03,133,74171,Chico Alencar,38990.40,6
PSOL,2026,3,2026-03,396,73531,Ivan Valente,38734.12,7
PSOL,2026,3,2026-03,297,204407,Fernanda Melchionna,33961.77,8
PSOL,2026,3,2026-03,810,204535,Sâmia Bomfim,29755.15,9
PSOL,2026,3,2026-03,243,220623,Duda Salabert,29121.52,10
PSOL,2026,4,2026-04,648,220615,Pastor Henrique Vieira,39245.02,1
PSOL,2026,4,2026-04,133,74171,Chico Alencar,28902.40,2
PSOL,2026,4,2026-04,243,220623,Duda Salabert,27778.77,3
PSOL,2026,4,2026-04,396,73531,Ivan Valente,27356.37,4
PSOL,2026,4,2026-04,810,204535,Sâmia Bomfim,26240.26,5
PSOL,2026,4,2026-04,297,204407,Fernanda Melchionna,25360.60,6
PSOL,2026,4,2026-04,518,74784,Luiza Erundina,18705.30,7
PSOL,2026,4,2026-04,158,206018,Célia Xakriabá,17922.50,8
PSOL,2026,4,2026-04,276,220645,Erika Hilton,12724.93,9
PSOL,2026,4,2026-04,820,220598,Tarcísio Motta,11973.07,10
PT,,,,842,74376,Vander Loubet,16304.35,1
PT,,,,772,74371,Rubens Otoni,16010.23,2
PT,,,,93,160538,Bohn Gass,13947.56,3
PT,,,,68,73433,Arlindo Chinaglia,12588.92,4
PT,,,,205,220553,Denise Pessôa,12476.39,5
PT,,,,871,160592,Zeca Dirceu,11876.22,6
PT,,,,629,74159,Odair Cunha,11752.11,7
PT,,,,715,74161,Reginaldo Lopes,11039.82,8
PT,,,,426,141464,José Airton Félix Cirilo,9718.31,9
PT,,,,476,74156,Leonardo Monteiro,9132.44,10
PT,2021,5,2021-05,685,160604,Pedro Uczai,4350.68,1
PT,2021,11,2021-11,652,74160,Patrus Ananias,4929.57,1
PT,2021,12,2021-12,418,178857,Jorge Solla,4395.00,1
PT,2021,12,2021-12,715,74161,Reginaldo Lopes,2685.28,2
PT,2021,12,2021-12,756,204480,Rogério Correia,1237.54,3
PT,2021,12,2021-12,375,73482,Henrique Fontana,971.18,4
PT,2021,12,2021-12,370,178873,Helder Salomão,605.08,5
PT,2021,12,2021-12,875,178889,Zé Carlos,604.24,6
PT,2021,12,2021-12,629,74159,Odair Cunha,600.00,7
PT,2021,12,2021-12,427,141470,José Guimarães,413.57,8
PT,2021,12,2021-12,705,204467,Professora Rosa Neide,400.00,9
PT,2021,12,2021-12,421,209189,Joseildo Ramos,200.00,10
PT,2022,1,2022-01,421,209189,Joseildo Ramos,54816.75,1
PT,2022,1,2022-01,842,74376,Vander Loubet,48381.87,2
PT,2022,1,2022-01,432,204555,José Ricardo,47539.51,3
PT,2022,1,2022-01,629,74159,Odair Cunha,46611.22,4
PT,2022,1,2022-01,473,178825,Leo De Brito,44371.34,5
PT,2022,1,2022-01,83,141335,Beto Faro,42404.25,6
PT,2022,1,2022-01,669,74400,Paulo Pimenta,41566.26,7
PT,2022,1,2022-01,671,141488,Paulo Teixeira,39928.46,8
PT,2022,1,2022-01,426,141464,José Airton Félix Cirilo,38653.33,9
PT,2022,1,2022-01,871,160592,Zeca Dirceu,38600.96,10
PT,2022,2,2022-02,473,178825,Leo De Brito,63923.92,1
PT,2022,2,2022-02,664,204492,Paulo Guedes,56379.32,2
PT,2022,2,2022-02,840,160610,Valmir Assunção,55538.75,3
PT,2022,2,2022-02,705,204467,Professora Rosa Neide,53922.51,4
PT,2022,2,2022-02,519,178866,Luizianne Lins,47472.62,5
PT,2022,2,2022-02,427,141470,José Guimarães,47166.48,6
PT,2022,2,2022-02,418,178857,Jorge Solla,46781.14,7
PT,2022,2,2022-02,432,204555,José Ricardo,44685.18,8
PT,2022,2,2022-02,120,204426,Carlos Veras,44594.11,9
PT,2022,2,2022-02,277,160575,Erika Kokay,44258.14,10
PT,2022,3,2022-03,273,132504,Enio Verri,92705.10,1
PT,2022,3,2022-03,705,204467,Professora Rosa Neide,71765.41,2
PT,2022,3,2022-03,608,204453,Natália Bonavides,71379.84,3
PT,2022,3,2022-03,83,141335,Beto Faro,68568.54,4
PT,2022,3,2022-03,473,178825,Leo De Brito,67452.38,5
PT,2022,3,2022-03,519,178866,Luizianne Lins,66990.64,6
PT,2022,3,2022-03,560,74398,Maria Do Rosário,66933.71,7
PT,2022,3,2022-03,848,74283,Vicentinho,66074.72,8
PT,2022,3,2022-03,11,160508,Afonso Florence,66017.75,9
PT,2022,3,2022-03,715,74161,Reginaldo Lopes,65566.54,10
PT,2022,4,2022-04,584,188097,Merlong Solano,86734.89,1
PT,2022,4,2022-04,15,204495,Airton Faleiro,78445.50,2
PT,2022,4,2022-04,551,160535,Marcon,72042.81,3
PT,2022,4,2022-04,608,204453,Natália Bonavides,67076.31,4
PT,2022,4,2022-04,277,160575,Erika Kokay,60165.41,5
PT,2022,4,2022-04,93,160538,Bohn Gass,59941.55,6
PT,2022,4,2022-04,352,107283,Gleisi Hoffmann,58843.71,7
PT,2022,4,2022-04,476,74156,Leonardo Monteiro,57832.62,8
PT,2022,4,2022-04,418,178857,Jorge Solla,57205.42,9
PT,2022,4,2022-04,871,160592,Zeca Dirceu,56580.01,10
PT,2022,5,2022-05,871,160592,Zeca Dirceu,65008.26,1
PT,2022,5,2022-05,15,204495,Airton Faleiro,65002.93,2
PT,2022,5,2022-05,624,178986,Nilto Tatto,64199.35,3
PT,2022,5,2022-05,432,204555,José Ricardo,62167.91,4
PT,2022,5,2022-05,840,160610,Valmir Assunção,61360.61,5
PT,2022,5,2022-05,608,204453,Natália Bonavides,61281.76,6
PT,2022,5,2022-05,93,160538,Bohn Gass,61253.52,7
PT,2022,5,2022-05,774,73604,Rui Falcão,60676.41,8
PT,2022,5,2022-05,159,204370,Célio Moura,59843.47,9
PT,2022,5,2022-05,652,74160,Patrus Ananias,57134.71,10
PT,2022,6,2022-06,159,204370,Célio Moura,65613.99,1
PT,2022,6,2022-06,642,160556,Padre João,65526.04,2
PT,2022,6,2022-06,473,178825,Leo De Brito,58427.25,3
PT,2022,6,2022-06,316,204393,Frei Anastacio Ribeiro,57366.06,4
PT,2022,6,2022-06,756,204480,Rogério Correia,55602.70,5
PT,2022,6,2022-06,426,141464,José Airton Félix Cirilo,53761.83,6
PT,2022,6,2022-06,120,204426,Carlos Veras,49623.41,7
PT,2022,6,2022-06,421,209189,Joseildo Ramos,49433.82,8
PT,2022,6,2022-06,551,160535,Marcon,49350.03,9
PT,2022,6,2022-06,93,160538,Bohn Gass,48337.64,10
PT,2022,7,2022-07,685,160604,Pedro Uczai,52484.10,1
PT,2022,7,2022-07,437,178970,João Daniel,47806.25,2
PT,2022,7,2022-07,432,204555,José Ricardo,43715.66,3
PT,2022,7,2022-07,423,74141,Josias Gomes,39202.74,4
PT,2022,7,2022-07,427,141470,José Guimarães,39025.76,5
PT,2022,7,2022-07,418,178857,Jorge Solla,38808.20,6
PT,2022,7,2022-07,473,178825,Leo De Brito,38643.58,7
PT,2022,7,2022-07,608,204453,Natália Bonavides,38111.44,8
PT,2022,7,2022-07,476,74156,Leonardo Monteiro,38010.75,9
PT,2022,7,2022-07,875,178889,Zé Carlos,37383.46,10
PT,2022,8,2022-08,685,160604,Pedro Uczai,63476.08,1
PT,2022,8,2022-08,519,178866,Luizianne Lins,56508.76,2
PT,2022,8,2022-08,310,191923,Flávio Nogueira,46827.14,3
PT,2022,8,2022-08,476,74156,Leonardo Monteiro,40460.53,4
PT,2022,8,2022-08,418,178857,Jorge Solla,39803.60,5
PT,2022,8,2022-08,120,204426,Carlos Veras,39796.02,6
PT,2022,8,2022-08,871,160592,Zeca Dirceu,38994.77,7
PT,2022,8,2022-08,756,204480,Rogério Correia,38953.73,8
PT,2022,8,2022-08,159,204370,Célio Moura,37913.63,9
PT,2022,8,2022-08,629,74159,Odair Cunha,37292.04,10
PT,2022,9,2022-09,604,160542,Márcio Macêdo,43252.16,1
PT,2022,9,2022-09,421,209189,Joseildo Ramos,39255.24,2
PT,2022,9,2022-09,159,204370,Célio Moura,38643.07,3
PT,2022,9,2022-09,310,191923,Flávio Nogueira,36482.16,4
PT,2022,9,2022-09,418,178857,Jorge Solla,33973.03,5
PT,2022,9,2022-09,773,178887,Rubens Pereira Júnior,30718.08,6
PT,2022,9,2022-09,642,160556,Padre João,30616.54,7
PT,2022,9,2022-09,756,204480,Rogério Correia,30158.47,8
PT,2022,9,2022-09,840,160610,Valmir Assunção,30098.87,9
PT,2022,9,2022-09,437,178970,João Daniel,29831.87,10
PT,2022,10,2022-10,669,74400,Paulo Pimenta,65028.23,1
PT,2022,10,2022-10,671,141488,Paulo Teixeira,63804.95,2
PT,2022,10,2022-10,421,209189,Joseildo Ramos,45607.64,3
PT,2022,10,2022-10,840,160610,Valmir Assunção,43652.20,4
PT,2022,10,2022-10,604,160542,Márcio Macêdo,43164.53,5
PT,2022,10,2022-10,432,204555,José Ricardo,41742.28,6
PT,2022,10,2022-10,871,160592,Zeca Dirceu,41156.29,7
PT,2022,10,2022-10,423,74141,Josias Gomes,40967.34,8
PT,2022,10,2022-10,624,178986,Nilto Tatto,40308.21,9
PT,2022,10,2022-10,842,74376,Vander Loubet,40194.02,10
PT,2022,11,2022-11,859,160569,Waldenor Pereira,88125.13,1
PT,2022,11,2022-11,877,204559,Zé Neto,79243.34,2
PT,2022,11,2022-11,423,74141,Josias Gomes,75334.62,3
PT,2022,11,2022-11,432,204555,José Ricardo,74384.44,4
PT,2022,11,2022-11,705,204467,Professora Rosa Neide,73242.82,5
PT,2022,11,2022-11,629,74159,Odair Cunha,65358.67,6
PT,2022,11,2022-11,15,204495,Airton Faleiro,65147.59,7
PT,2022,11,2022-11,427,141470,José Guimarães,64358.00,8
PT,2022,11,2022-11,584,188097,Merlong Solano,63760.77,9
PT,2022,11,2022-11,551,160535,Marcon,63165.94,10
PT,2022,12,2022-12,68,73433,Arlindo Chinaglia,119360.43,1
PT,2022,12,2022-12,842,74376,Vander Loubet,103223.47,2
PT,2022,12,2022-12,23,204501,Alencar Santana,102336.95,3
PT,2022,12,2022-12,32,204503,Alexandre Padilha,100269.22,4
PT,2022,12,2022-12,83,141335,Beto Faro,97722.67,5
PT,2022,12,2022-12,277,160575,Erika Kokay,88587.65,6
PT,2022,12,2022-12,715,74161,Reginaldo Lopes,88169.19,7
PT,2022,12,2022-12,426,141464,José Airton Félix Cirilo,86649.99,8
PT,2022,12,2022-12,121,141398,Carlos Zarattini,86157.82,9
PT,2022,12,2022-12,120,204426,Carlos Veras,79560.57,10
PT,2023,1,2023-01,584,188097,Merlong Solano,82089.62,1
PT,2023,1,2023-01,316,204393,Frei Anastacio Ribeiro,76904.54,2
PT,2023,1,2023-01,23,204501,Alencar Santana,67886.34,3
PT,2023,1,2023-01,871,160592,Zeca Dirceu,64349.01,4
PT,2023,1,2023-01,774,73604,Rui Falcão,61235.66,5
PT,2023,1,2023-01,83,141335,Beto Faro,60403.00,6
PT,2023,1,2023-01,519,178866,Luizianne Lins,55196.05,7
PT,2023,1,2023-01,877,204559,Zé Neto,53237.16,8
PT,2023,1,2023-01,427,141470,José Guimarães,53104.56,9
PT,2023,1,2023-01,840,160610,Valmir Assunção,48277.95,10
PT,2023,2,2023-02,273,132504,Enio Verri,68498.66,1
PT,2023,2,2023-02,437,178970,João Daniel,54542.62,2
PT,2023,2,2023-02,842,74376,Vander Loubet,53870.07,3
PT,2023,2,2023-02,877,204559,Zé Neto,53105.54,4
PT,2023,2,2023-02,81,73701,Benedita Da Silva,53079.30,5
PT,2023,2,2023-02,560,74398,Maria Do Rosário,52691.00,6
PT,2023,2,2023-02,551,160535,Marcon,51172.29,7
PT,2023,2,2023-02,426,141464,José Airton Félix Cirilo,48492.82,8
PT,2023,2,2023-02,871,160592,Zeca Dirceu,47723.03,9
PT,2023,2,2023-02,773,178887,Rubens Pereira Júnior,46933.44,10
PT,2023,3,2023-03,397,220696,Ivoneide Caetano,112102.33,1
PT,2023,3,2023-03,560,74398,Maria Do Rosário,85160.38,2
PT,2023,3,2023-03,103,220548,Camila Jara,83583.00,3
PT,2023,3,2023-03,15,204495,Airton Faleiro,78194.81,4
PT,2023,3,2023-03,23,204501,Alencar Santana,67622.15,5
PT,2023,3,2023-03,421,209189,Joseildo Ramos,65688.41,6
PT,2023,3,2023-03,877,204559,Zé Neto,64872.07,7
PT,2023,3,2023-03,774,73604,Rui Falcão,64659.69,8
PT,2023,3,2023-03,121,141398,Carlos Zarattini,62267.08,9
PT,2023,3,2023-03,225,220688,Dr. Francisco,62059.54,10
PT,2023,4,2023-04,842,74376,Vander Loubet,61796.06,1
PT,2023,4,2023-04,774,73604,Rui Falcão,61423.23,2
PT,2023,4,2023-04,772,74371,Rubens Otoni,60427.03,3
PT,2023,4,2023-04,629,74159,Odair Cunha,57247.27,4
PT,2023,4,2023-04,123,220704,Carol Dartora,56382.72,5
PT,2023,4,2023-04,664,204492,Paulo Guedes,54662.45,6
PT,2023,4,2023-04,187,220565,Delegada Adriana Accorsi,53587.95,7
PT,2023,4,2023-04,861,220601,Washington Quaquá,52734.16,8
PT,2023,4,2023-04,608,204453,Natália Bonavides,50321.31,9
PT,2023,4,2023-04,685,160604,Pedro Uczai,48324.46,10
PT,2023,5,2023-05,307,220700,Florentino Neto,103137.39,1
PT,2023,5,2023-05,445,220640,Juliana Cardoso,83677.07,2
PT,2023,5,2023-05,423,74141,Josias Gomes,76537.81,3
PT,2023,5,2023-05,23,204501,Alencar Santana,64597.34,4
PT,2023,5,2023-05,421,209189,Joseildo Ramos,62672.41,5
PT,2023,5,2023-05,510,74041,Luiz Couto,57870.44,6
PT,2023,5,2023-05,685,160604,Pedro Uczai,57437.82,7
PT,2023,5,2023-05,15,204495,Airton Faleiro,57004.65,8
PT,2023,5,2023-05,103,220548,Camila Jara,55537.75,9
PT,2023,5,2023-05,426,141464,José Airton Félix Cirilo,53923.43,10
PT,2023,6,2023-06,584,188097,Merlong Solano,114800.42,1
PT,2023,6,2023-06,560,74398,Maria Do Rosário,87256.21,2
PT,2023,6,2023-06,756,204480,Rogério Correia,81596.04,3
PT,2023,6,2023-06,15,204495,Airton Faleiro,65272.16,4
PT,2023,6,2023-06,426,141464,José Airton Félix Cirilo,58533.42,5
PT,2023,6,2023-06,300,204445,Fernando Mineiro,57306.61,6
PT,2023,6,2023-06,871,160592,Zeca Dirceu,57053.40,7
PT,2023,6,2023-06,93,160538,Bohn Gass,52105.49,8
PT,2023,6,2023-06,211,220671,Dilvanda Faro,51626.57,9
PT,2023,6,2023-06,205,220553,Denise Pessôa,51466.66,10
PT,2023,7,2023-07,211,220671,Dilvanda Faro,64845.24,1
PT,2023,7,2023-07,423,74141,Josias Gomes,61517.59,2
PT,2023,7,2023-07,716,221378,Reginete Bispo,60890.19,3
PT,2023,7,2023-07,476,74156,Leonardo Monteiro,56022.01,4
PT,2023,7,2023-07,225,220688,Dr. Francisco,55454.41,5
PT,2023,7,2023-07,877,204559,Zé Neto,52090.70,6
PT,2023,7,2023-07,462,162067,Kiko Celeguim,51059.26,7
PT,2023,7,2023-07,103,220548,Camila Jara,49704.28,8
PT,2023,7,2023-07,213,220602,Dimas Gadelha,48601.88,9
PT,2023,7,2023-07,31,220554,Alexandre Lindenmeyer,48509.38,10
PT,2023,8,2023-08,399,220527,Jack Rocha,78929.14,1
PT,2023,8,2023-08,307,220700,Florentino Neto,68551.24,2
PT,2023,8,2023-08,310,191923,Flávio Nogueira,67910.90,3
PT,2023,8,2023-08,31,220554,Alexandre Lindenmeyer,66250.31,4
PT,2023,8,2023-08,685,160604,Pedro Uczai,65537.79,5
PT,2023,8,2023-08,123,220704,Carol Dartora,65170.00,6
PT,2023,8,2023-08,608,204453,Natália Bonavides,64498.18,7
PT,2023,8,2023-08,560,74398,Maria Do Rosário,63742.41,8
PT,2023,8,2023-08,481,74858,Lindbergh Farias,62225.52,9
PT,2023,8,2023-08,717,220606,Reimont,61901.86,10
PT,2023,9,2023-09,716,221378,Reginete Bispo,117491.29,1
PT,2023,9,2023-09,211,220671,Dilvanda Faro,71924.60,2
PT,2023,9,2023-09,664,204492,Paulo Guedes,65262.85,3
PT,2023,9,2023-09,685,160604,Pedro Uczai,64559.28,4
PT,2023,9,2023-09,589,171786,Miguel Ângelo,63765.37,5
PT,2023,9,2023-09,842,74376,Vander Loubet,61966.70,6
PT,2023,9,2023-09,584,188097,Merlong Solano,58137.31,7
PT,2023,9,2023-09,445,220640,Juliana Cardoso,56776.15,8
PT,2023,9,2023-09,310,191923,Flávio Nogueira,55769.93,9
PT,2023,9,2023-09,481,74858,Lindbergh Farias,54168.59,10
PT,2023,10,2023-10,399,220527,Jack Rocha,137027.45,1
PT,2023,10,2023-10,34,221148,Alfredinho,80527.44,2
PT,2023,10,2023-10,205,220553,Denise Pessôa,76669.27,3
PT,2023,10,2023-10,211,220671,Dilvanda Faro,67866.93,4
PT,2023,10,2023-10,408,141456,Jilmar Tatto,65548.75,5
PT,2023,10,2023-10,310,191923,Flávio Nogueira,60083.39,6
PT,2023,10,2023-10,664,204492,Paulo Guedes,59032.38,7
PT,2023,10,2023-10,629,74159,Odair Cunha,58935.15,8
PT,2023,10,2023-10,23,204501,Alencar Santana,58279.42,9
PT,2023,10,2023-10,50,220632,Ana Pimentel,56817.74,10
PT,2023,11,2023-11,399,220527,Jack Rocha,93317.44,1
PT,2023,11,2023-11,211,220671,Dilvanda Faro,80044.02,2
PT,2023,11,2023-11,427,141470,José Guimarães,76597.17,3
PT,2023,11,2023-11,859,160569,Waldenor Pereira,68592.01,4
PT,2023,11,2023-11,642,160556,Padre João,64992.91,5
PT,2023,11,2023-11,408,141456,Jilmar Tatto,64403.85,6
PT,2023,11,2023-11,50,220632,Ana Pimentel,63885.22,7
PT,2023,11,2023-11,462,162067,Kiko Celeguim,63557.61,8
PT,2023,11,2023-11,848,74283,Vicentinho,63078.48,9
PT,2023,11,2023-11,716,221378,Reginete Bispo,61862.42,10
PT,2023,12,2023-12,49,220556,Ana Paula Lima,210911.84,1
PT,2023,12,2023-12,120,204426,Carlos Veras,172447.82,2
PT,2023,12,2023-12,300,204445,Fernando Mineiro,171350.38,3
PT,2023,12,2023-12,68,73433,Arlindo Chinaglia,141316.62,4
PT,2023,12,2023-12,716,221378,Reginete Bispo,137021.13,5
PT,2023,12,2023-12,167,220629,Dandara,136437.69,6
PT,2023,12,2023-12,642,160556,Padre João,108987.87,7
PT,2023,12,2023-12,121,141398,Carlos Zarattini,103785.03,8
PT,2023,12,2023-12,213,220602,Dimas Gadelha,102838.71,9
PT,2023,12,2023-12,859,160569,Waldenor Pereira,101754.05,10
PT,2024,1,2024-01,584,188097,Merlong Solano,67491.22,1
PT,2024,1,2024-01,437,178970,João Daniel,55356.90,2
PT,2024,1,2024-01,213,220602,Dimas Gadelha,53235.87,3
PT,2024,1,2024-01,50,220632,Ana Pimentel,51220.21,4
PT,2024,1,2024-01,421,209189,Joseildo Ramos,50948.27,5
PT,2024,1,2024-01,427,141470,José Guimarães,50776.81,6
PT,2024,1,2024-01,310,191923,Flávio Nogueira,50469.46,7
PT,2024,1,2024-01,864,224333,Welter,48176.25,8
PT,2024,1,2024-01,103,220548,Camila Jara,47114.52,9
PT,2024,1,2024-01,34,221148,Alfredinho,46599.10,10
PT,2024,2,2024-02,167,220629,Dandara,108740.36,1
PT,2024,2,2024-02,123,220704,Carol Dartora,75011.11,2
PT,2024,2,2024-02,840,160610,Valmir Assunção,73077.70,3
PT,2024,2,2024-02,211,220671,Dilvanda Faro,68001.32,4
PT,2024,2,2024-02,120,204426,Carlos Veras,65953.11,5
PT,2024,2,2024-02,664,204492,Paulo Guedes,63700.61,6
PT,2024,2,2024-02,427,141470,José Guimarães,62610.25,7
PT,2024,2,2024-02,877,204559,Zé Neto,56058.40,8
PT,2024,2,2024-02,462,162067,Kiko Celeguim,55946.95,9
PT,2024,2,2024-02,310,191923,Flávio Nogueira,55044.25,10
PT,2024,3,2024-03,859,160569,Waldenor Pereira,75462.19,1
PT,2024,3,2024-03,399,220527,Jack Rocha,75171.97,2
PT,2024,3,2024-03,773,178887,Rubens Pereira Júnior,74311.00,3
PT,2024,3,2024-03,445,220640,Juliana Cardoso,71301.25,4
PT,2024,3,2024-03,842,74376,Vander Loubet,65500.03,5
PT,2024,3,2024-03,664,204492,Paulo Guedes,64110.54,6
PT,2024,3,2024-03,423,74141,Josias Gomes,63610.32,7
PT,2024,3,2024-03,307,220700,Florentino Neto,60507.88,8
PT,2024,3,2024-03,205,220553,Denise Pessôa,59991.59,9
PT,2024,3,2024-03,772,74371,Rubens Otoni,56954.78,10
PT,2024,4,2024-04,15,204495,Airton Faleiro,94403.44,1
PT,2024,4,2024-04,49,220556,Ana Paula Lima,86448.45,2
PT,2024,4,2024-04,123,220704,Carol Dartora,76137.03,3
PT,2024,4,2024-04,437,178970,João Daniel,72604.40,4
PT,2024,4,2024-04,462,162067,Kiko Celeguim,66428.44,5
PT,2024,4,2024-04,31,220554,Alexandre Lindenmeyer,65089.43,6
PT,2024,4,2024-04,205,220553,Denise Pessôa,64215.38,7
PT,2024,4,2024-04,772,74371,Rubens Otoni,63405.48,8
PT,2024,4,2024-04,608,204453,Natália Bonavides,62761.87,9
PT,2024,4,2024-04,103,220548,Camila Jara,62043.21,10
PT,2024,5,2024-05,685,160604,Pedro Uczai,80017.31,1
PT,2024,5,2024-05,213,220602,Dimas Gadelha,76819.55,2
PT,2024,5,2024-05,408,141456,Jilmar Tatto,71094.37,3
PT,2024,5,2024-05,608,204453,Natália Bonavides,66080.20,4
PT,2024,5,2024-05,310,191923,Flávio Nogueira,61320.55,5
PT,2024,5,2024-05,205,220553,Denise Pessôa,61131.04,6
PT,2024,5,2024-05,49,220556,Ana Paula Lima,60991.22,7
PT,2024,5,2024-05,772,74371,Rubens Otoni,59964.81,8
PT,2024,5,2024-05,225,220688,Dr. Francisco,57318.71,9
PT,2024,5,2024-05,774,73604,Rui Falcão,56896.44,10
PT,2024,6,2024-06,15,204495,Airton Faleiro,83945.51,1
PT,2024,6,2024-06,840,160610,Valmir Assunção,62751.08,2
PT,2024,6,2024-06,871,160592,Zeca Dirceu,59498.00,3
PT,2024,6,2024-06,50,220632,Ana Pimentel,58258.41,4
PT,2024,6,2024-06,551,160535,Marcon,57353.10,5
PT,2024,6,2024-06,589,171786,Miguel Ângelo,54747.53,6
PT,2024,6,2024-06,121,141398,Carlos Zarattini,52492.29,7
PT,2024,6,2024-06,120,204426,Carlos Veras,50369.79,8
PT,2024,6,2024-06,715,74161,Reginaldo Lopes,50312.76,9
PT,2024,6,2024-06,560,74398,Maria Do Rosário,50078.31,10
PT,2024,7,2024-07,642,160556,Padre João,88622.65,1
PT,2024,7,2024-07,426,141464,José Airton Félix Cirilo,74349.59,2
PT,2024,7,2024-07,818,220682,Tadeu Veneri,67893.48,3
PT,2024,7,2024-07,716,221378,Reginete Bispo,57968.66,4
PT,2024,7,2024-07,427,141470,José Guimarães,57855.78,5
PT,2024,7,2024-07,871,160592,Zeca Dirceu,56361.56,6
PT,2024,7,2024-07,418,178857,Jorge Solla,52493.52,7
PT,2024,7,2024-07,408,141456,Jilmar Tatto,52072.70,8
PT,2024,7,2024-07,111,229106,Carla Ayres,51565.46,9
PT,2024,7,2024-07,211,220671,Dilvanda Faro,50820.09,10
PT,2024,8,2024-08,716,221378,Reginete Bispo,66275.52,1
PT,2024,8,2024-08,15,204495,Airton Faleiro,58897.90,2
PT,2024,8,2024-08,310,191923,Flávio Nogueira,58520.10,3
PT,2024,8,2024-08,426,141464,José Airton Félix Cirilo,57433.91,4
PT,2024,8,2024-08,399,220527,Jack Rocha,56786.73,5
PT,2024,8,2024-08,551,160535,Marcon,55417.27,6
PT,2024,8,2024-08,715,74161,Reginaldo Lopes,52458.43,7
PT,2024,8,2024-08,510,74041,Luiz Couto,51625.84,8
PT,2024,8,2024-08,871,160592,Zeca Dirceu,50389.56,9
PT,2024,8,2024-08,120,204426,Carlos Veras,50108.02,10
PT,2024,9,2024-09,427,141470,José Guimarães,59579.46,1
PT,2024,9,2024-09,408,141456,Jilmar Tatto,58273.58,2
PT,2024,9,2024-09,818,220682,Tadeu Veneri,57034.81,3
PT,2024,9,2024-09,773,178887,Rubens Pereira Júnior,51056.70,4
PT,2024,9,2024-09,551,160535,Marcon,50355.01,5
PT,2024,9,2024-09,421,209189,Joseildo Ramos,48981.26,6
PT,2024,9,2024-09,310,191923,Flávio Nogueira,48451.30,7
PT,2024,9,2024-09,263,229585,Elisangela Araujo,48297.92,8
PT,2024,9,2024-09,717,220606,Reimont,46440.93,9
PT,2024,9,2024-09,93,160538,Bohn Gass,43250.62,10
PT,2024,10,2024-10,15,204495,Airton Faleiro,89777.53,1
PT,2024,10,2024-10,211,220671,Dilvanda Faro,73000.50,2
PT,2024,10,2024-10,421,209189,Joseildo Ramos,71157.90,3
PT,2024,10,2024-10,423,74141,Josias Gomes,54437.64,4
PT,2024,10,2024-10,263,229585,Elisangela Araujo,53772.68,5
PT,2024,10,2024-10,510,74041,Luiz Couto,52387.02,6
PT,2024,10,2024-10,310,191923,Flávio Nogueira,51515.90,7
PT,2024,10,2024-10,93,160538,Bohn Gass,51341.38,8
PT,2024,10,2024-10,716,221378,Reginete Bispo,50693.95,9
PT,2024,10,2024-10,225,220688,Dr. Francisco,49566.80,10
PT,2024,11,2024-11,213,220602,Dimas Gadelha,103013.29,1
PT,2024,11,2024-11,167,220629,Dandara,102864.63,2
PT,2024,11,2024-11,103,220548,Camila Jara,91912.45,3
PT,2024,11,2024-11,861,220601,Washington Quaquá,86511.40,4
PT,2024,11,2024-11,773,178887,Rubens Pereira Júnior,71977.73,5
PT,2024,11,2024-11,426,141464,José Airton Félix Cirilo,69102.12,6
PT,2024,11,2024-11,642,160556,Padre João,64675.07,7
PT,2024,11,2024-11,445,220640,Juliana Cardoso,63147.65,8
PT,2024,11,2024-11,629,74159,Odair Cunha,60729.13,9
PT,2024,11,2024-11,584,188097,Merlong Solano,58532.13,10
PT,2024,12,2024-12,68,73433,Arlindo Chinaglia,198678.34,1
PT,2024,12,2024-12,300,204445,Fernando Mineiro,163158.98,2
PT,2024,12,2024-12,49,220556,Ana Paula Lima,128401.32,3
PT,2024,12,2024-12,121,141398,Carlos Zarattini,109402.86,4
PT,2024,12,2024-12,213,220602,Dimas Gadelha,105268.62,5
PT,2024,12,2024-12,584,188097,Merlong Solano,98153.33,6
PT,2024,12,2024-12,167,220629,Dandara,96431.56,7
PT,2024,12,2024-12,399,220527,Jack Rocha,95505.23,8
PT,2024,12,2024-12,23,204501,Alencar Santana,88648.49,9
PT,2024,12,2024-12,205,220553,Denise Pessôa,87814.40,10
PT,2025,1,2025-01,673,171617,Paulão,90749.34,1
PT,2025,1,2025-01,307,220700,Florentino Neto,82692.96,2
PT,2025,1,2025-01,23,204501,Alencar Santana,71591.73,3
PT,2025,1,2025-01,773,178887,Rubens Pereira Júnior,71085.37,4
PT,2025,1,2025-01,840,160610,Valmir Assunção,53888.16,5
PT,2025,1,2025-01,871,160592,Zeca Dirceu,51613.02,6
PT,2025,1,2025-01,49,220556,Ana Paula Lima,50073.94,7
PT,2025,1,2025-01,310,191923,Flávio Nogueira,49424.54,8
PT,2025,1,2025-01,423,74141,Josias Gomes,49199.66,9
PT,2025,1,2025-01,652,74160,Patrus Ananias,46235.05,10
PT,2025,2,2025-02,426,141464,José Airton Félix Cirilo,77799.05,1
PT,2025,2,2025-02,397,220696,Ivoneide Caetano,76108.33,2
PT,2025,2,2025-02,840,160610,Valmir Assunção,71763.52,3
PT,2025,2,2025-02,664,204492,Paulo Guedes,70492.74,4
PT,2025,2,2025-02,584,188097,Merlong Solano,67799.91,5
PT,2025,2,2025-02,560,74398,Maria Do Rosário,64355.09,6
PT,2025,2,2025-02,421,209189,Joseildo Ramos,64165.33,7
PT,2025,2,2025-02,93,160538,Bohn Gass,64052.19,8
PT,2025,2,2025-02,818,220682,Tadeu Veneri,63367.33,9
PT,2025,2,2025-02,205,220553,Denise Pessôa,63043.62,10
PT,2025,3,2025-03,15,204495,Airton Faleiro,74951.19,1
PT,2025,3,2025-03,300,204445,Fernando Mineiro,66100.26,2
PT,2025,3,2025-03,877,204559,Zé Neto,64476.82,3
PT,2025,3,2025-03,560,74398,Maria Do Rosário,62433.45,4
PT,2025,3,2025-03,685,160604,Pedro Uczai,61979.28,5
PT,2025,3,2025-03,608,204453,Natália Bonavides,61349.49,6
PT,2025,3,2025-03,397,220696,Ivoneide Caetano,60797.60,7
PT,2025,3,2025-03,756,204480,Rogério Correia,57489.22,8
PT,2025,3,2025-03,423,74141,Josias Gomes,55860.74,9
PT,2025,3,2025-03,818,220682,Tadeu Veneri,55007.46,10
PT,2025,4,2025-04,608,204453,Natália Bonavides,80359.23,1
PT,2025,4,2025-04,205,220553,Denise Pessôa,72441.64,2
PT,2025,4,2025-04,399,220527,Jack Rocha,69913.55,3
PT,2025,4,2025-04,715,74161,Reginaldo Lopes,62064.29,4
PT,2025,4,2025-04,462,162067,Kiko Celeguim,61387.82,5
PT,2025,4,2025-04,510,74041,Luiz Couto,57834.52,6
PT,2025,4,2025-04,652,74160,Patrus Ananias,57571.97,7
PT,2025,4,2025-04,842,74376,Vander Loubet,54816.27,8
PT,2025,4,2025-04,642,160556,Padre João,52355.18,9
PT,2025,4,2025-04,476,74156,Leonardo Monteiro,51999.50,10
PT,2025,5,2025-05,300,204445,Fernando Mineiro,75181.05,1
PT,2025,5,2025-05,551,160535,Marcon,74144.82,2
PT,2025,5,2025-05,167,220629,Dandara,69505.15,3
PT,2025,5,2025-05,476,74156,Leonardo Monteiro,63083.30,4
PT,2025,5,2025-05,840,160610,Valmir Assunção,60461.64,5
PT,2025,5,2025-05,50,220632,Ana Pimentel,55111.48,6
PT,2025,5,2025-05,510,74041,Luiz Couto,54330.27,7
PT,2025,5,2025-05,93,160538,Bohn Gass,53248.62,8
PT,2025,5,2025-05,205,220553,Denise Pessôa,52375.88,9
PT,2025,5,2025-05,187,220565,Delegada Adriana Accorsi,51726.39,10
PT,2025,6,2025-06,15,204495,Airton Faleiro,110190.72,1
PT,2025,6,2025-06,211,220671,Dilvanda Faro,80213.83,2
PT,2025,6,2025-06,584,188097,Merlong Solano,78179.27,3
PT,2025,6,2025-06,669,74400,Paulo Pimenta,77592.02,4
PT,2025,6,2025-06,773,178887,Rubens Pereira Júnior,70182.11,5
PT,2025,6,2025-06,408,141456,Jilmar Tatto,62213.55,6
PT,2025,6,2025-06,187,220565,Delegada Adriana Accorsi,61689.57,7
PT,2025,6,2025-06,871,160592,Zeca Dirceu,58534.42,8
PT,2025,6,2025-06,103,220548,Camila Jara,56152.51,9
PT,2025,6,2025-06,642,160556,Padre João,55839.85,10
PT,2025,7,2025-07,584,188097,Merlong Solano,87560.27,1
PT,2025,7,2025-07,418,178857,Jorge Solla,66652.22,2
PT,2025,7,2025-07,120,204426,Carlos Veras,65236.97,3
PT,2025,7,2025-07,669,74400,Paulo Pimenta,63989.09,4
PT,2025,7,2025-07,437,178970,João Daniel,63712.47,5
PT,2025,7,2025-07,472,231911,Lenir De Assis,63684.86,6
PT,2025,7,2025-07,871,160592,Zeca Dirceu,63595.17,7
PT,2025,7,2025-07,510,74041,Luiz Couto,62959.26,8
PT,2025,7,2025-07,427,141470,José Guimarães,62368.79,9
PT,2025,7,2025-07,859,160569,Waldenor Pereira,61488.29,10
PT,2025,8,2025-08,584,188097,Merlong Solano,71405.76,1
PT,2025,8,2025-08,642,160556,Padre João,63031.55,2
PT,2025,8,2025-08,560,74398,Maria Do Rosário,57707.16,3
PT,2025,8,2025-08,225,220688,Dr. Francisco,53361.73,4
PT,2025,8,2025-08,756,204480,Rogério Correia,52908.92,5
PT,2025,8,2025-08,120,204426,Carlos Veras,52825.82,6
PT,2025,8,2025-08,669,74400,Paulo Pimenta,52022.77,7
PT,2025,8,2025-08,205,220553,Denise Pessôa,51865.67,8
PT,2025,8,2025-08,421,209189,Joseildo Ramos,50926.56,9
PT,2025,8,2025-08,408,141456,Jilmar Tatto,49493.79,10
PT,2025,9,2025-09,121,141398,Carlos Zarattini,73217.82,1
PT,2025,9,2025-09,211,220671,Dilvanda Faro,64770.00,2
PT,2025,9,2025-09,103,220548,Camila Jara,60638.08,3
PT,2025,9,2025-09,123,220704,Carol Dartora,56623.54,4
PT,2025,9,2025-09,652,74160,Patrus Ananias,55396.33,5
PT,2025,9,2025-09,669,74400,Paulo Pimenta,53175.85,6
PT,2025,9,2025-09,300,204445,Fernando Mineiro,52821.21,7
PT,2025,9,2025-09,93,160538,Bohn Gass,52027.41,8
PT,2025,9,2025-09,673,171617,Paulão,51717.57,9
PT,2025,9,2025-09,848,74283,Vicentinho,51521.20,10
PT,2025,10,2025-10,120,204426,Carlos Veras,67000.86,1
PT,2025,10,2025-10,652,74160,Patrus Ananias,56720.06,2
PT,2025,10,2025-10,397,220696,Ivoneide Caetano,53756.55,3
PT,2025,10,2025-10,437,178970,João Daniel,53357.96,4
PT,2025,10,2025-10,669,74400,Paulo Pimenta,49677.90,5
PT,2025,10,2025-10,50,220632,Ana Pimentel,49652.18,6
PT,2025,10,2025-10,93,160538,Bohn Gass,49105.30,7
PT,2025,10,2025-10,34,221148,Alfredinho,48831.42,8
PT,2025,10,2025-10,49,220556,Ana Paula Lima,48441.43,9
PT,2025,10,2025-10,225,220688,Dr. Francisco,47963.60,10
PT,2025,11,2025-11,472,231911,Lenir De Assis,57508.12,1
PT,2025,11,2025-11,300,204445,Fernando Mineiro,55838.01,2
PT,2025,11,2025-11,848,74283,Vicentinho,53269.52,3
PT,2025,11,2025-11,408,141456,Jilmar Tatto,53005.79,4
PT,2025,11,2025-11,589,171786,Miguel Ângelo,47845.85,5
PT,2025,11,2025-11,773,178887,Rubens Pereira Júnior,46775.00,6
PT,2025,11,2025-11,421,209189,Joseildo Ramos,45641.15,7
PT,2025,11,2025-11,859,160569,Waldenor Pereira,45641.09,8
PT,2025,11,2025-11,310,191923,Flávio Nogueira,44542.25,9
PT,2025,11,2025-11,370,178873,Helder Salomão,44092.86,10
PT,2025,12,2025-12,68,73433,Arlindo Chinaglia,243165.82,1
PT,2025,12,2025-12,121,141398,Carlos Zarattini,101215.01,2
PT,2025,12,2025-12,397,220696,Ivoneide Caetano,93337.67,3
PT,2025,12,2025-12,772,74371,Rubens Otoni,84102.16,4
PT,2025,12,2025-12,848,74283,Vicentinho,63674.24,5
PT,2025,12,2025-12,669,74400,Paulo Pimenta,58561.45,6
PT,2025,12,2025-12,437,178970,João Daniel,57691.90,7
PT,2025,12,2025-12,123,220704,Carol Dartora,57407.54,8
PT,2025,12,2025-12,472,231911,Lenir De Assis,53972.29,9
PT,2025,12,2025-12,774,73604,Rui Falcão,53672.48,10
PT,2026,1,2026-01,773,178887,Rubens Pereira Júnior,69390.00,1
PT,2026,1,2026-01,211,220671,Dilvanda Faro,61269.96,2
PT,2026,1,2026-01,421,209189,Joseildo Ramos,57655.92,3
PT,2026,1,2026-01,840,160610,Valmir Assunção,56748.02,4
PT,2026,1,2026-01,310,191923,Flávio Nogueira,45660.72,5
PT,2026,1,2026-01,472,231911,Lenir De Assis,44275.12,6
PT,2026,1,2026-01,225,220688,Dr. Francisco,43758.86,7
PT,2026,1,2026-01,584,188097,Merlong Solano,43745.42,8
PT,2026,1,2026-01,642,160556,Padre João,41325.82,9
PT,2026,1,2026-01,49,220556,Ana Paula Lima,39766.69,10
PT,2026,2,2026-02,472,231911,Lenir De Assis,72049.99,1
PT,2026,2,2026-02,120,204426,Carlos Veras,62677.61,2
PT,2026,2,2026-02,642,160556,Padre João,58139.74,3
PT,2026,2,2026-02,669,74400,Paulo Pimenta,52645.37,4
PT,2026,2,2026-02,310,191923,Flávio Nogueira,48625.75,5
PT,2026,2,2026-02,848,74283,Vicentinho,46437.02,6
PT,2026,2,2026-02,864,224333,Welter,45810.57,7
PT,2026,2,2026-02,476,74156,Leonardo Monteiro,42332.65,8
PT,2026,2,2026-02,772,74371,Rubens Otoni,41874.27,9
PT,2026,2,2026-02,462,162067,Kiko Celeguim,41256.76,10
PT,2026,3,2026-03,15,204495,Airton Faleiro,97387.84,1
PT,2026,3,2026-03,120,204426,Carlos Veras,76838.05,2
PT,2026,3,2026-03,859,160569,Waldenor Pereira,76099.89,3
PT,2026,3,2026-03,123,220704,Carol Dartora,71959.34,4
PT,2026,3,2026-03,848,74283,Vicentinho,69740.29,5
PT,2026,3,2026-03,205,220553,Denise Pessôa,69249.53,6
PT,2026,3,2026-03,560,74398,Maria Do Rosário,67083.31,7
PT,2026,3,2026-03,187,220565,Delegada Adriana Accorsi,65584.20,8
PT,2026,3,2026-03,864,224333,Welter,61176.45,9
PT,2026,3,2026-03,93,160538,Bohn Gass,60769.87,10
PT,2026,4,2026-04,673,171617,Paulão,78935.77,1
PT,2026,4,2026-04,15,204495,Airton Faleiro,64006.17,2
PT,2026,4,2026-04,773,178887,Rubens Pereira Júnior,63755.40,3
PT,2026,4,2026-04,103,220548,Camila Jara,62426.68,4
PT,2026,4,2026-04,397,220696,Ivoneide Caetano,59104.61,5
PT,2026,4,2026-04,187,220565,Delegada Adriana Accorsi,46486.77,6
PT,2026,4,2026-04,120,204426,Carlos Veras,46097.08,7
PT,2026,4,2026-04,310,191923,Flávio Nogueira,44614.63,8
PT,2026,4,2026-04,584,188097,Merlong Solano,42914.48,9
PT,2026,4,2026-04,510,74041,Luiz Couto,41396.67,10
PT,2026,5,2026-05,120,204426,Carlos Veras,784.48,1
PT,2026,5,2026-05,510,74041,Luiz Couto,228.04,2
PT,2026,5,2026-05,103,220548,Camila Jara,210.60,3
PT,2026,5,2026-05,624,178986,Nilto Tatto,181.52,4
PTB,,,,238,81297,Dra. Soraya Manato,108.26,1
PTB,,,,659,204538,Paulo Bengtson,38.53,2
PTB,,,,175,204454,Daniel Silveira,18.65,3
PTB,,,,870,178923,Zeca Cavalcanti,0.43,4
PTB,2022,1,2022-01,238,81297,Dra. Soraya Manato,29953.66,1
PTB,2022,1,2022-01,175,204454,Daniel Silveira,25294.67,2
PTB,2022,1,2022-01,659,204538,Paulo Bengtson,14790.69,3
PTB,2022,2,2022-02,659,204538,Paulo Bengtson,55324.69,1
PTB,2022,2,2022-02,175,204454,Daniel Silveira,37498.00,2
PTB,2022,2,2022-02,238,81297,Dra. Soraya Manato,35733.53,3
PTB,2022,3,2022-03,238,81297,Dra. Soraya Manato,57273.21,1
PTB,2022,3,2022-03,659,204538,Paulo Bengtson,51414.17,2
PTB,2022,3,2022-03,175,204454,Daniel Silveira,47693.34,3
PTB,2022,4,2022-04,659,204538,Paulo Bengtson,53619.41,1
PTB,2022,4,2022-04,238,81297,Dra. Soraya Manato,37745.24,2
PTB,2022,4,2022-04,175,204454,Daniel Silveira,30601.05,3
PTB,2022,5,2022-05,238,81297,Dra. Soraya Manato,43626.69,1
PTB,2022,5,2022-05,175,204454,Daniel Silveira,39939.29,2
PTB,2022,5,2022-05,659,204538,Paulo Bengtson,37160.85,3
PTB,2022,6,2022-06,175,204454,Daniel Silveira,35812.82,1
PTB,2022,6,2022-06,659,204538,Paulo Bengtson,35386.61,2
PTB,2022,6,2022-06,238,81297,Dra. Soraya Manato,15280.65,3
PTB,2022,7,2022-07,659,204538,Paulo Bengtson,50946.50,1
PTB,2022,7,2022-07,175,204454,Daniel Silveira,33336.67,2
PTB,2022,7,2022-07,238,81297,Dra. Soraya Manato,25288.09,3
PTB,2022,8,2022-08,175,204454,Daniel Silveira,27684.52,1
PTB,2022,8,2022-08,238,81297,Dra. Soraya Manato,19528.95,2
PTB,2022,8,2022-08,659,204538,Paulo Bengtson,3166.67,3
PTB,2022,9,2022-09,175,204454,Daniel Silveira,25851.76,1
PTB,2022,9,2022-09,659,204538,Paulo Bengtson,20863.71,2
PTB,2022,9,2022-09,238,81297,Dra. Soraya Manato,9596.06,3
PTB,2022,10,2022-10,659,204538,Paulo Bengtson,41853.35,1
PTB,2022,10,2022-10,175,204454,Daniel Silveira,23733.73,2
PTB,2022,10,2022-10,238,81297,Dra. Soraya Manato,12587.62,3
PTB,2022,11,2022-11,659,204538,Paulo Bengtson,47673.31,1
PTB,2022,11,2022-11,238,81297,Dra. Soraya Manato,43547.08,2
PTB,2022,11,2022-11,175,204454,Daniel Silveira,30039.59,3
PTB,2022,12,2022-12,238,81297,Dra. Soraya Manato,110745.38,1
PTB,2022,12,2022-12,659,204538,Paulo Bengtson,67915.16,2
PTB,2022,12,2022-12,175,204454,Daniel Silveira,62641.95,3
PTB,2023,1,2023-01,659,204538,Paulo Bengtson,60883.22,1
PTB,2023,1,2023-01,238,81297,Dra. Soraya Manato,42032.61,2
PTB,2023,1,2023-01,870,178923,Zeca Cavalcanti,34641.11,3
PTB,2023,1,2023-01,175,204454,Daniel Silveira,23122.89,4
PTB,2023,2,2023-02,659,204538,Paulo Bengtson,30.38,1
PV,,,,696,220533,Prof. Reginaldo Veras,10604.22,1
PV,,,,77,69871,Bacelar,2971.77,2
PV,,,,37,178927,Aliel Machado,610.09,3
PV,,,,456,73586,Júlio Delgado,116.52,4
PV,,,,79,220605,Bandeira De Mello,91.99,5
PV,,,,143,88256,Clodoaldo Magalhães,80.35,6
PV,,,,250,204541,Eduardo Bismarck,31.63,7
PV,,,,791,204438,Sergio Toledo,15.39,8
PV,,,,866,182146,Wolmer Araújo,1.21,9
PV,2022,1,2022-01,77,69871,Bacelar,26212.63,1
PV,2022,1,2022-01,37,178927,Aliel Machado,22555.10,2
PV,2022,1,2022-01,456,73586,Júlio Delgado,18406.30,3
PV,2022,1,2022-01,791,204438,Sergio Toledo,6946.22,4
PV,2022,2,2022-02,791,204438,Sergio Toledo,43878.70,1
PV,2022,2,2022-02,37,178927,Aliel Machado,39385.92,2
PV,2022,2,2022-02,77,69871,Bacelar,38939.42,3
PV,2022,2,2022-02,456,73586,Júlio Delgado,35136.84,4
PV,2022,3,2022-03,37,178927,Aliel Machado,65576.00,1
PV,2022,3,2022-03,77,69871,Bacelar,43083.33,2
PV,2022,3,2022-03,791,204438,Sergio Toledo,41186.59,3
PV,2022,3,2022-03,456,73586,Júlio Delgado,37295.64,4
PV,2022,4,2022-04,456,73586,Júlio Delgado,48268.08,1
PV,2022,4,2022-04,37,178927,Aliel Machado,45811.54,2
PV,2022,4,2022-04,791,204438,Sergio Toledo,40958.41,3
PV,2022,4,2022-04,77,69871,Bacelar,27340.84,4
PV,2022,5,2022-05,37,178927,Aliel Machado,78741.00,1
PV,2022,5,2022-05,77,69871,Bacelar,68592.63,2
PV,2022,5,2022-05,456,73586,Júlio Delgado,59784.23,3
PV,2022,5,2022-05,791,204438,Sergio Toledo,28708.61,4
PV,2022,6,2022-06,77,69871,Bacelar,35541.29,1
PV,2022,6,2022-06,791,204438,Sergio Toledo,33093.20,2
PV,2022,6,2022-06,456,73586,Júlio Delgado,28222.57,3
PV,2022,6,2022-06,37,178927,Aliel Machado,24288.01,4
PV,2022,7,2022-07,77,69871,Bacelar,35608.74,1
PV,2022,7,2022-07,37,178927,Aliel Machado,33743.39,2
PV,2022,7,2022-07,456,73586,Júlio Delgado,24524.89,3
PV,2022,7,2022-07,791,204438,Sergio Toledo,20414.96,4
PV,2022,8,2022-08,77,69871,Bacelar,37215.41,1
PV,2022,8,2022-08,456,73586,Júlio Delgado,23204.32,2
PV,2022,8,2022-08,37,178927,Aliel Machado,22994.78,3
PV,2022,8,2022-08,791,204438,Sergio Toledo,12960.54,4
PV,2022,9,2022-09,791,204438,Sergio Toledo,25094.25,1
PV,2022,9,2022-09,77,69871,Bacelar,18395.78,2
PV,2022,9,2022-09,37,178927,Aliel Machado,12280.00,3
PV,2022,9,2022-09,456,73586,Júlio Delgado,11043.09,4
PV,2022,10,2022-10,37,178927,Aliel Machado,30112.99,1
PV,2022,10,2022-10,791,204438,Sergio Toledo,25753.85,2
PV,2022,10,2022-10,456,73586,Júlio Delgado,14674.87,3
PV,2022,10,2022-10,77,69871,Bacelar,11126.61,4
PV,2022,11,2022-11,791,204438,Sergio Toledo,109821.59,1
PV,2022,11,2022-11,37,178927,Aliel Machado,55883.14,2
PV,2022,11,2022-11,77,69871,Bacelar,27818.32,3
PV,2022,11,2022-11,456,73586,Júlio Delgado,26927.07,4
PV,2022,12,2022-12,791,204438,Sergio Toledo,87910.20,1
PV,2022,12,2022-12,77,69871,Bacelar,71710.06,2
PV,2022,12,2022-12,37,178927,Aliel Machado,42073.49,3
PV,2022,12,2022-12,456,73586,Júlio Delgado,40812.52,4
PV,2023,1,2023-01,37,178927,Aliel Machado,28168.87,1
PV,2023,1,2023-01,791,204438,Sergio Toledo,27541.03,2
PV,2023,1,2023-01,456,73586,Júlio Delgado,26291.39,3
PV,2023,1,2023-01,77,69871,Bacelar,14990.80,4
PV,2023,1,2023-01,866,182146,Wolmer Araújo,6806.32,5
PV,2023,2,2023-02,250,204541,Eduardo Bismarck,41008.89,1
PV,2023,2,2023-02,77,69871,Bacelar,26364.18,2
PV,2023,2,2023-02,37,178927,Aliel Machado,25388.07,3
PV,2023,2,2023-02,79,220605,Bandeira De Mello,18094.61,4
PV,2023,2,2023-02,143,88256,Clodoaldo Magalhães,13610.50,5
PV,2023,2,2023-02,696,220533,Prof. Reginaldo Veras,5434.62,6
PV,2023,2,2023-02,456,73586,Júlio Delgado,223.67,7
PV,2023,3,2023-03,250,204541,Eduardo Bismarck,57052.73,1
PV,2023,3,2023-03,77,69871,Bacelar,53328.16,2
PV,2023,3,2023-03,79,220605,Bandeira De Mello,50044.55,3
PV,2023,3,2023-03,37,178927,Aliel Machado,48140.45,4
PV,2023,3,2023-03,143,88256,Clodoaldo Magalhães,45387.46,5
PV,2023,3,2023-03,696,220533,Prof. Reginaldo Veras,5955.74,6
PV,2023,4,2023-04,250,204541,Eduardo Bismarck,52471.38,1
PV,2023,4,2023-04,37,178927,Aliel Machado,44435.32,2
PV,2023,4,2023-04,77,69871,Bacelar,41871.14,3
PV,2023,4,2023-04,143,88256,Clodoaldo Magalhães,35114.29,4
PV,2023,4,2023-04,79,220605,Bandeira De Mello,21879.79,5
PV,2023,4,2023-04,696,220533,Prof. Reginaldo Veras,6419.02,6
PV,2023,5,2023-05,250,204541,Eduardo Bismarck,60586.11,1
PV,2023,5,2023-05,143,88256,Clodoaldo Magalhães,59867.31,2
PV,2023,5,2023-05,77,69871,Bacelar,58778.74,3
PV,2023,5,2023-05,79,220605,Bandeira De Mello,38323.90,4
PV,2023,5,2023-05,37,178927,Aliel Machado,32460.81,5
PV,2023,5,2023-05,696,220533,Prof. Reginaldo Veras,6127.46,6
PV,2023,6,2023-06,143,88256,Clodoaldo Magalhães,66436.55,1
PV,2023,6,2023-06,37,178927,Aliel Machado,51268.78,2
PV,2023,6,2023-06,77,69871,Bacelar,46519.89,3
PV,2023,6,2023-06,79,220605,Bandeira De Mello,29983.67,4
PV,2023,6,2023-06,696,220533,Prof. Reginaldo Veras,12358.66,5
PV,2023,7,2023-07,143,88256,Clodoaldo Magalhães,68890.93,1
PV,2023,7,2023-07,37,178927,Aliel Machado,56016.84,2
PV,2023,7,2023-07,77,69871,Bacelar,48110.00,3
PV,2023,7,2023-07,79,220605,Bandeira De Mello,33083.95,4
PV,2023,7,2023-07,696,220533,Prof. Reginaldo Veras,17075.07,5
PV,2023,8,2023-08,77,69871,Bacelar,58856.04,1
PV,2023,8,2023-08,79,220605,Bandeira De Mello,57567.52,2
PV,2023,8,2023-08,37,178927,Aliel Machado,54113.34,3
PV,2023,8,2023-08,143,88256,Clodoaldo Magalhães,30891.09,4
PV,2023,8,2023-08,696,220533,Prof. Reginaldo Veras,9406.99,5
PV,2023,9,2023-09,77,69871,Bacelar,42756.29,1
PV,2023,9,2023-09,79,220605,Bandeira De Mello,42028.50,2
PV,2023,9,2023-09,37,178927,Aliel Machado,39024.96,3
PV,2023,9,2023-09,143,88256,Clodoaldo Magalhães,35652.47,4
PV,2023,9,2023-09,696,220533,Prof. Reginaldo Veras,21079.34,5
PV,2023,10,2023-10,77,69871,Bacelar,64517.23,1
PV,2023,10,2023-10,37,178927,Aliel Machado,61351.83,2
PV,2023,10,2023-10,250,204541,Eduardo Bismarck,53251.11,3
PV,2023,10,2023-10,79,220605,Bandeira De Mello,29680.09,4
PV,2023,10,2023-10,143,88256,Clodoaldo Magalhães,28200.32,5
PV,2023,10,2023-10,696,220533,Prof. Reginaldo Veras,20808.09,6
PV,2023,11,2023-11,37,178927,Aliel Machado,73130.69,1
PV,2023,11,2023-11,77,69871,Bacelar,53731.30,2
PV,2023,11,2023-11,143,88256,Clodoaldo Magalhães,50853.08,3
PV,2023,11,2023-11,79,220605,Bandeira De Mello,35746.39,4
PV,2023,11,2023-11,250,204541,Eduardo Bismarck,31022.86,5
PV,2023,11,2023-11,696,220533,Prof. Reginaldo Veras,21550.55,6
PV,2023,12,2023-12,37,178927,Aliel Machado,55474.06,1
PV,2023,12,2023-12,250,204541,Eduardo Bismarck,51506.23,2
PV,2023,12,2023-12,79,220605,Bandeira De Mello,39274.78,3
PV,2023,12,2023-12,77,69871,Bacelar,34806.87,4
PV,2023,12,2023-12,696,220533,Prof. Reginaldo Veras,20299.26,5
PV,2023,12,2023-12,143,88256,Clodoaldo Magalhães,20041.08,6
PV,2024,1,2024-01,37,178927,Aliel Machado,37633.47,1
PV,2024,1,2024-01,77,69871,Bacelar,35683.76,2
PV,2024,1,2024-01,250,204541,Eduardo Bismarck,31430.41,3
PV,2024,1,2024-01,143,88256,Clodoaldo Magalhães,29405.37,4
PV,2024,1,2024-01,696,220533,Prof. Reginaldo Veras,21580.07,5
PV,2024,1,2024-01,79,220605,Bandeira De Mello,15224.65,6
PV,2024,2,2024-02,143,88256,Clodoaldo Magalhães,72762.22,1
PV,2024,2,2024-02,250,204541,Eduardo Bismarck,68203.10,2
PV,2024,2,2024-02,79,220605,Bandeira De Mello,54861.94,3
PV,2024,2,2024-02,37,178927,Aliel Machado,48786.79,4
PV,2024,2,2024-02,77,69871,Bacelar,34208.18,5
PV,2024,2,2024-02,696,220533,Prof. Reginaldo Veras,21253.09,6
PV,2024,3,2024-03,37,178927,Aliel Machado,50663.33,1
PV,2024,3,2024-03,77,69871,Bacelar,44370.97,2
PV,2024,3,2024-03,250,204541,Eduardo Bismarck,39274.02,3
PV,2024,3,2024-03,79,220605,Bandeira De Mello,38989.48,4
PV,2024,3,2024-03,696,220533,Prof. Reginaldo Veras,31524.17,5
PV,2024,3,2024-03,143,88256,Clodoaldo Magalhães,28644.52,6
PV,2024,4,2024-04,143,88256,Clodoaldo Magalhães,54310.13,1
PV,2024,4,2024-04,250,204541,Eduardo Bismarck,47832.08,2
PV,2024,4,2024-04,77,69871,Bacelar,38471.43,3
PV,2024,4,2024-04,37,178927,Aliel Machado,37403.46,4
PV,2024,4,2024-04,696,220533,Prof. Reginaldo Veras,34719.63,5
PV,2024,4,2024-04,79,220605,Bandeira De Mello,27993.02,6
PV,2024,5,2024-05,37,178927,Aliel Machado,74482.68,1
PV,2024,5,2024-05,250,204541,Eduardo Bismarck,48685.76,2
PV,2024,5,2024-05,696,220533,Prof. Reginaldo Veras,38856.26,3
PV,2024,5,2024-05,143,88256,Clodoaldo Magalhães,36184.82,4
PV,2024,5,2024-05,79,220605,Bandeira De Mello,31129.78,5
PV,2024,5,2024-05,77,69871,Bacelar,19894.83,6
PV,2024,6,2024-06,79,220605,Bandeira De Mello,54108.82,1
PV,2024,6,2024-06,37,178927,Aliel Machado,47219.23,2
PV,2024,6,2024-06,143,88256,Clodoaldo Magalhães,41816.64,3
PV,2024,6,2024-06,696,220533,Prof. Reginaldo Veras,32376.84,4
PV,2024,6,2024-06,250,204541,Eduardo Bismarck,27829.02,5
PV,2024,6,2024-06,77,69871,Bacelar,10941.07,6
PV,2024,7,2024-07,143,88256,Clodoaldo Magalhães,64739.65,1
PV,2024,7,2024-07,79,220605,Bandeira De Mello,33788.34,2
PV,2024,7,2024-07,250,204541,Eduardo Bismarck,31807.82,3
PV,2024,7,2024-07,696,220533,Prof. Reginaldo Veras,25780.20,4
PV,2024,7,2024-07,37,178927,Aliel Machado,23293.15,5
PV,2024,7,2024-07,77,69871,Bacelar,21883.95,6
PV,2024,8,2024-08,143,88256,Clodoaldo Magalhães,53672.44,1
PV,2024,8,2024-08,696,220533,Prof. Reginaldo Veras,52343.94,2
PV,2024,8,2024-08,79,220605,Bandeira De Mello,41409.07,3
PV,2024,8,2024-08,37,178927,Aliel Machado,37630.90,4
PV,2024,8,2024-08,250,204541,Eduardo Bismarck,29281.51,5
PV,2024,8,2024-08,77,69871,Bacelar,26259.50,6
PV,2024,9,2024-09,143,88256,Clodoaldo Magalhães,67311.28,1
PV,2024,9,2024-09,77,69871,Bacelar,51059.77,2
PV,2024,9,2024-09,696,220533,Prof. Reginaldo Veras,42198.40,3
PV,2024,9,2024-09,250,204541,Eduardo Bismarck,39547.45,4
PV,2024,9,2024-09,79,220605,Bandeira De Mello,12825.01,5
PV,2024,9,2024-09,37,178927,Aliel Machado,7888.25,6
PV,2024,10,2024-10,696,220533,Prof. Reginaldo Veras,58870.49,1
PV,2024,10,2024-10,79,220605,Bandeira De Mello,49490.22,2
PV,2024,10,2024-10,77,69871,Bacelar,43013.87,3
PV,2024,10,2024-10,250,204541,Eduardo Bismarck,42251.01,4
PV,2024,10,2024-10,37,178927,Aliel Machado,27139.31,5
PV,2024,10,2024-10,143,88256,Clodoaldo Magalhães,9278.01,6
PV,2024,11,2024-11,143,88256,Clodoaldo Magalhães,81632.48,1
PV,2024,11,2024-11,37,178927,Aliel Machado,71475.59,2
PV,2024,11,2024-11,77,69871,Bacelar,68854.78,3
PV,2024,11,2024-11,696,220533,Prof. Reginaldo Veras,55341.67,4
PV,2024,11,2024-11,79,220605,Bandeira De Mello,42202.92,5
PV,2024,11,2024-11,250,204541,Eduardo Bismarck,30294.03,6
PV,2024,12,2024-12,250,204541,Eduardo Bismarck,85330.71,1
PV,2024,12,2024-12,77,69871,Bacelar,82638.17,2
PV,2024,12,2024-12,37,178927,Aliel Machado,66572.90,3
PV,2024,12,2024-12,79,220605,Bandeira De Mello,50156.81,4
PV,2024,12,2024-12,696,220533,Prof. Reginaldo Veras,20474.66,5
PV,2024,12,2024-12,143,88256,Clodoaldo Magalhães,15348.58,6
PV,2025,1,2025-01,143,88256,Clodoaldo Magalhães,50522.95,1
PV,2025,1,2025-01,79,220605,Bandeira De Mello,28291.41,2
PV,2025,1,2025-01,77,69871,Bacelar,23655.09,3
PV,2025,1,2025-01,37,178927,Aliel Machado,22645.55,4
PV,2025,1,2025-01,696,220533,Prof. Reginaldo Veras,21567.83,5
PV,2025,1,2025-01,250,204541,Eduardo Bismarck,1316.36,6
PV,2025,2,2025-02,37,178927,Aliel Machado,58214.24,1
PV,2025,2,2025-02,143,88256,Clodoaldo Magalhães,50101.26,2
PV,2025,2,2025-02,79,220605,Bandeira De Mello,36926.20,3
PV,2025,2,2025-02,77,69871,Bacelar,26500.05,4
PV,2025,2,2025-02,696,220533,Prof. Reginaldo Veras,15855.25,5
PV,2025,3,2025-03,143,88256,Clodoaldo Magalhães,65134.01,1
PV,2025,3,2025-03,37,178927,Aliel Machado,64627.22,2
PV,2025,3,2025-03,696,220533,Prof. Reginaldo Veras,30882.59,3
PV,2025,3,2025-03,77,69871,Bacelar,25951.72,4
PV,2025,3,2025-03,79,220605,Bandeira De Mello,25042.13,5
PV,2025,4,2025-04,37,178927,Aliel Machado,64413.33,1
PV,2025,4,2025-04,77,69871,Bacelar,51234.48,2
PV,2025,4,2025-04,79,220605,Bandeira De Mello,47135.32,3
PV,2025,4,2025-04,143,88256,Clodoaldo Magalhães,30018.16,4
PV,2025,4,2025-04,696,220533,Prof. Reginaldo Veras,29748.23,5
PV,2025,5,2025-05,37,178927,Aliel Machado,41736.05,1
PV,2025,5,2025-05,79,220605,Bandeira De Mello,41411.70,2
PV,2025,5,2025-05,143,88256,Clodoaldo Magalhães,36714.63,3
PV,2025,5,2025-05,696,220533,Prof. Reginaldo Veras,34423.95,4
PV,2025,5,2025-05,77,69871,Bacelar,28504.36,5
PV,2025,6,2025-06,143,88256,Clodoaldo Magalhães,40929.75,1
PV,2025,6,2025-06,79,220605,Bandeira De Mello,40344.27,2
PV,2025,6,2025-06,37,178927,Aliel Machado,36643.61,3
PV,2025,6,2025-06,696,220533,Prof. Reginaldo Veras,29475.02,4
PV,2025,6,2025-06,77,69871,Bacelar,29211.59,5
PV,2025,7,2025-07,37,178927,Aliel Machado,53594.03,1
PV,2025,7,2025-07,79,220605,Bandeira De Mello,38439.03,2
PV,2025,7,2025-07,77,69871,Bacelar,36187.59,3
PV,2025,7,2025-07,143,88256,Clodoaldo Magalhães,31846.99,4
PV,2025,7,2025-07,696,220533,Prof. Reginaldo Veras,25904.26,5
PV,2025,8,2025-08,77,69871,Bacelar,92290.20,1
PV,2025,8,2025-08,143,88256,Clodoaldo Magalhães,44136.42,2
PV,2025,8,2025-08,37,178927,Aliel Machado,36581.32,3
PV,2025,8,2025-08,696,220533,Prof. Reginaldo Veras,34559.96,4
PV,2025,8,2025-08,79,220605,Bandeira De Mello,19112.35,5
PV,2025,9,2025-09,37,178927,Aliel Machado,43631.75,1
PV,2025,9,2025-09,79,220605,Bandeira De Mello,38710.78,2
PV,2025,9,2025-09,77,69871,Bacelar,38117.04,3
PV,2025,9,2025-09,696,220533,Prof. Reginaldo Veras,36605.47,4
PV,2025,9,2025-09,143,88256,Clodoaldo Magalhães,25825.75,5
PV,2025,10,2025-10,143,88256,Clodoaldo Magalhães,70744.18,1
PV,2025,10,2025-10,696,220533,Prof. Reginaldo Veras,41073.38,2
PV,2025,10,2025-10,79,220605,Bandeira De Mello,38501.92,3
PV,2025,10,2025-10,77,69871,Bacelar,32413.51,4
PV,2025,10,2025-10,37,178927,Aliel Machado,30037.86,5
PV,2025,11,2025-11,77,69871,Bacelar,62238.98,1
PV,2025,11,2025-11,696,220533,Prof. Reginaldo Veras,48741.58,2
PV,2025,11,2025-11,143,88256,Clodoaldo Magalhães,35193.17,3
PV,2025,11,2025-11,79,220605,Bandeira De Mello,34433.64,4
PV,2025,11,2025-11,37,178927,Aliel Machado,21881.56,5
PV,2025,11,2025-11,250,204541,Eduardo Bismarck,912.91,6
PV,2025,12,2025-12,77,69871,Bacelar,90624.00,1
PV,2025,12,2025-12,696,220533,Prof. Reginaldo Veras,61009.84,2
PV,2025,12,2025-12,79,220605,Bandeira De Mello,25962.68,3
PV,2025,12,2025-12,143,88256,Clodoaldo Magalhães,23034.07,4
PV,2025,12,2025-12,37,178927,Aliel Machado,21793.64,5
PV,2026,1,2026-01,77,69871,Bacelar,49935.68,1
PV,2026,1,2026-01,696,220533,Prof. Reginaldo Veras,32019.89,2
PV,2026,1,2026-01,143,88256,Clodoaldo Magalhães,27775.59,3
PV,2026,1,2026-01,79,220605,Bandeira De Mello,27018.84,4
PV,2026,1,2026-01,37,178927,Aliel Machado,10118.74,5
PV,2026,2,2026-02,696,220533,Prof. Reginaldo Veras,64433.14,1
PV,2026,2,2026-02,77,69871,Bacelar,50390.01,2
PV,2026,2,2026-02,37,178927,Aliel Machado,40054.01,3
PV,2026,2,2026-02,79,220605,Bandeira De Mello,35035.04,4
PV,2026,2,2026-02,143,88256,Clodoaldo Magalhães,29709.77,5
PV,2026,3,2026-03,143,88256,Clodoaldo Magalhães,93876.56,1
PV,2026,3,2026-03,37,178927,Aliel Machado,48616.38,2
PV,2026,3,2026-03,696,220533,Prof. Reginaldo Veras,45877.31,3
PV,2026,3,2026-03,77,69871,Bacelar,40218.21,4
PV,2026,3,2026-03,79,220605,Bandeira De Mello,28058.48,5
PV,2026,4,2026-04,143,88256,Clodoaldo Magalhães,46305.71,1
PV,2026,4,2026-04,696,220533,Prof. Reginaldo Veras,38401.44,2
PV,2026,4,2026-04,77,69871,Bacelar,35131.59,3
PV,2026,4,2026-04,250,204541,Eduardo Bismarck,33827.33,4
PV,2026,4,2026-04,37,178927,Aliel Machado,23377.61,5
PV,2026,4,2026-04,79,220605,Bandeira De Mello,14111.91,6
REDE,,,,519,178866,Luizianne Lins,15816.58,1
REDE,,,,835,157130,Túlio Gadêlha,64.16,2
REDE,,,,59,204515,André Janones,27.12,3
REDE,,,,411,204468,Joenia Wapichana,16.24,4
REDE,,,,565,220637,Marina Silva,1.13,5
REDE,2021,12,2021-12,835,157130,Túlio Gadêlha,437.40,1
REDE,2022,1,2022-01,411,204468,Joenia Wapichana,29429.93,1
REDE,2022,1,2022-01,835,157130,Túlio Gadêlha,21265.74,2
REDE,2022,2,2022-02,411,204468,Joenia Wapichana,43242.62,1
REDE,2022,2,2022-02,835,157130,Túlio Gadêlha,33989.89,2
REDE,2022,3,2022-03,411,204468,Joenia Wapichana,80069.99,1
REDE,2022,3,2022-03,835,157130,Túlio Gadêlha,55621.40,2
REDE,2022,4,2022-04,411,204468,Joenia Wapichana,56398.61,1
REDE,2022,4,2022-04,835,157130,Túlio Gadêlha,51316.12,2
REDE,2022,5,2022-05,835,157130,Túlio Gadêlha,58274.46,1
REDE,2022,5,2022-05,411,204468,Joenia Wapichana,49031.47,2
REDE,2022,6,2022-06,411,204468,Joenia Wapichana,50832.95,1
REDE,2022,6,2022-06,835,157130,Túlio Gadêlha,36676.73,2
REDE,2022,7,2022-07,411,204468,Joenia Wapichana,34641.07,1
REDE,2022,7,2022-07,835,157130,Túlio Gadêlha,34006.55,2
REDE,2022,8,2022-08,835,157130,Túlio Gadêlha,37854.88,1
REDE,2022,8,2022-08,411,204468,Joenia Wapichana,26698.38,2
REDE,2022,9,2022-09,835,157130,Túlio Gadêlha,27478.86,1
REDE,2022,9,2022-09,411,204468,Joenia Wapichana,14694.28,2
REDE,2022,10,2022-10,411,204468,Joenia Wapichana,36735.65,1
REDE,2022,10,2022-10,835,157130,Túlio Gadêlha,23599.76,2
REDE,2022,11,2022-11,411,204468,Joenia Wapichana,64748.44,1
REDE,2022,11,2022-11,835,157130,Túlio Gadêlha,50292.90,2
REDE,2022,12,2022-12,411,204468,Joenia Wapichana,62219.94,1
REDE,2022,12,2022-12,835,157130,Túlio Gadêlha,41972.67,2
REDE,2023,1,2023-01,411,204468,Joenia Wapichana,54322.18,1
REDE,2023,1,2023-01,835,157130,Túlio Gadêlha,22853.30,2
REDE,2023,2,2023-02,519,178866,Luizianne Lins,32863.54,1
REDE,2023,2,2023-02,59,204515,André Janones,15607.54,2
REDE,2023,2,2023-02,835,157130,Túlio Gadêlha,7461.03,3
REDE,2023,2,2023-02,411,204468,Joenia Wapichana,685.30,4
REDE,2023,3,2023-03,519,178866,Luizianne Lins,55149.54,1
REDE,2023,3,2023-03,59,204515,André Janones,31891.79,2
REDE,2023,4,2023-04,519,178866,Luizianne Lins,51672.69,1
REDE,2023,4,2023-04,59,204515,André Janones,23860.88,2
REDE,2023,5,2023-05,519,178866,Luizianne Lins,34244.68,1
REDE,2023,5,2023-05,59,204515,André Janones,15532.50,2
REDE,2023,6,2023-06,519,178866,Luizianne Lins,97971.69,1
REDE,2023,6,2023-06,59,204515,André Janones,74075.95,2
REDE,2023,7,2023-07,519,178866,Luizianne Lins,71418.88,1
REDE,2023,7,2023-07,59,204515,André Janones,32674.10,2
REDE,2023,8,2023-08,519,178866,Luizianne Lins,54996.43,1
REDE,2023,8,2023-08,59,204515,André Janones,45923.26,2
REDE,2023,9,2023-09,59,204515,André Janones,73026.96,1
REDE,2023,9,2023-09,519,178866,Luizianne Lins,45787.32,2
REDE,2023,10,2023-10,519,178866,Luizianne Lins,64195.55,1
REDE,2023,10,2023-10,59,204515,André Janones,27437.67,2
REDE,2023,11,2023-11,59,204515,André Janones,66992.59,1
REDE,2023,11,2023-11,519,178866,Luizianne Lins,16914.89,2
REDE,2023,12,2023-12,59,204515,André Janones,20757.74,1
REDE,2023,12,2023-12,519,178866,Luizianne Lins,17865.72,2
REDE,2024,1,2024-01,519,178866,Luizianne Lins,48712.30,1
REDE,2024,1,2024-01,59,204515,André Janones,8682.11,2
REDE,2024,2,2024-02,59,204515,André Janones,67203.28,1
REDE,2024,2,2024-02,519,178866,Luizianne Lins,38732.19,2
REDE,2024,3,2024-03,519,178866,Luizianne Lins,50374.55,1
REDE,2024,3,2024-03,59,204515,André Janones,32739.90,2
REDE,2024,4,2024-04,519,178866,Luizianne Lins,68522.63,1
REDE,2024,4,2024-04,59,204515,André Janones,22841.76,2
REDE,2024,5,2024-05,519,178866,Luizianne Lins,65083.09,1
REDE,2024,5,2024-05,59,204515,André Janones,43871.11,2
REDE,2024,6,2024-06,519,178866,Luizianne Lins,41912.16,1
REDE,2024,6,2024-06,59,204515,André Janones,20589.96,2
REDE,2024,7,2024-07,59,204515,André Janones,68804.82,1
REDE,2024,7,2024-07,519,178866,Luizianne Lins,25398.16,2
REDE,2024,8,2024-08,519,178866,Luizianne Lins,57134.56,1
REDE,2024,8,2024-08,59,204515,André Janones,17702.34,2
REDE,2024,9,2024-09,59,204515,André Janones,32370.01,1
REDE,2024,9,2024-09,519,178866,Luizianne Lins,28202.13,2
REDE,2024,10,2024-10,519,178866,Luizianne Lins,31436.34,1
REDE,2024,10,2024-10,59,204515,André Janones,16139.38,2
REDE,2024,11,2024-11,519,178866,Luizianne Lins,34694.44,1
REDE,2024,11,2024-11,59,204515,André Janones,25492.80,2
REDE,2024,12,2024-12,59,204515,André Janones,55502.47,1
REDE,2024,12,2024-12,519,178866,Luizianne Lins,50085.71,2
REDE,2025,1,2025-01,59,204515,André Janones,65518.58,1
REDE,2025,1,2025-01,519,178866,Luizianne Lins,35537.78,2
REDE,2025,2,2025-02,59,204515,André Janones,62158.87,1
REDE,2025,2,2025-02,519,178866,Luizianne Lins,35920.38,2
REDE,2025,3,2025-03,519,178866,Luizianne Lins,31356.18,1
REDE,2025,3,2025-03,59,204515,André Janones,25799.69,2
REDE,2025,4,2025-04,519,178866,Luizianne Lins,29700.00,1
REDE,2025,4,2025-04,59,204515,André Janones,14902.48,2
REDE,2025,5,2025-05,519,178866,Luizianne Lins,63486.47,1
REDE,2025,5,2025-05,59,204515,André Janones,29527.80,2
REDE,2025,6,2025-06,519,178866,Luizianne Lins,60789.87,1
REDE,2025,6,2025-06,59,204515,André Janones,13895.89,2
REDE,2025,7,2025-07,519,178866,Luizianne Lins,84309.91,1
REDE,2025,7,2025-07,59,204515,André Janones,79200.00,2
REDE,2025,8,2025-08,519,178866,Luizianne Lins,50617.74,1
REDE,2025,8,2025-08,59,204515,André Janones,7245.00,2
REDE,2025,9,2025-09,519,178866,Luizianne Lins,59306.97,1
REDE,2025,10,2025-10,519,178866,Luizianne Lins,34487.69,1
REDE,2025,10,2025-10,59,204515,André Janones,4772.06,2
REDE,2025,11,2025-11,59,204515,André Janones,16090.73,1
REDE,2025,11,2025-11,731,234310,Ricardo Galvão,14187.78,2
REDE,2025,11,2025-11,519,178866,Luizianne Lins,12991.52,3
REDE,2025,12,2025-12,486,234253,Lucas Abrahao,53345.50,1
REDE,2025,12,2025-12,731,234310,Ricardo Galvão,34672.90,2
REDE,2025,12,2025-12,519,178866,Luizianne Lins,16704.40,3
REDE,2025,12,2025-12,59,204515,André Janones,15493.17,4
REDE,2025,12,2025-12,373,234788,Heloísa Helena,194.40,5
REDE,2026,1,2026-01,519,178866,Luizianne Lins,64276.87,1
REDE,2026,1,2026-01,59,204515,André Janones,40965.73,2
REDE,2026,1,2026-01,155,234840,Cristiano Furlan,35000.00,3
REDE,2026,1,2026-01,731,234310,Ricardo Galvão,7363.10,4
REDE,2026,2,2026-02,59,204515,André Janones,102071.77,1
REDE,2026,2,2026-02,155,234840,Cristiano Furlan,45000.00,2
REDE,2026,2,2026-02,519,178866,Luizianne Lins,36622.35,3
REDE,2026,2,2026-02,373,234788,Heloísa Helena,34879.40,4
REDE,2026,2,2026-02,731,234310,Ricardo Galvão,29696.47,5
REDE,2026,3,2026-03,373,234788,Heloísa Helena,77808.73,1
REDE,2026,3,2026-03,731,234310,Ricardo Galvão,70122.30,2
REDE,2026,3,2026-03,519,178866,Luizianne Lins,39609.96,3
REDE,2026,3,2026-03,59,204515,André Janones,37325.57,4
REDE,2026,3,2026-03,486,234253,Lucas Abrahao,31000.00,5
REDE,2026,4,2026-04,373,234788,Heloísa Helena,27114.91,1
REDE,2026,4,2026-04,59,204515,André Janones,22324.21,2
REDE,2026,4,2026-04,519,178866,Luizianne Lins,2467.28,3
REPUBLICANOS,,,,384,160674,Hugo Motta,16637.36,1
REPUBLICANOS,,,,605,150418,Márcio Marinho,16560.31,2
REPUBLICANOS,,,,20,220538,Albuquerque,15135.27,3
REPUBLICANOS,,,,762,163321,Ronaldo Nogueira,10100.56,4
REPUBLICANOS,,,,755,220695,Rogéria Santos,7623.29,5
REPUBLICANOS,,,,561,204540,Maria Rosas,5812.53,6
REPUBLICANOS,,,,728,220543,Ricardo Ayres,5806.32,7
REPUBLICANOS,,,,501,222429,Luis Carlos Gomes,5375.82,8
REPUBLICANOS,,,,537,220599,Marcelo Crivella,3465.77,9
REPUBLICANOS,,,,682,204395,Pedro Lupion,3404.83,10
REPUBLICANOS,2021,12,2021-12,341,204491,Gilberto Abramo,8000.00,1
REPUBLICANOS,2021,12,2021-12,482,204405,Liziane Bayer,5828.15,2
REPUBLICANOS,2021,12,2021-12,502,204381,Luis Miranda,5375.00,3
REPUBLICANOS,2021,12,2021-12,466,98057,Lafayette De Andrada,2421.66,4
REPUBLICANOS,2021,12,2021-12,73,160665,Augusto Coutinho,2058.77,5
REPUBLICANOS,2021,12,2021-12,384,160674,Hugo Motta,1730.45,6
REPUBLICANOS,2021,12,2021-12,852,141555,Vinicius Carvalho,1369.12,7
REPUBLICANOS,2021,12,2021-12,636,204422,Ossesio Silva,1280.00,8
REPUBLICANOS,2021,12,2021-12,541,204558,Marcelo Nilo,1267.76,9
REPUBLICANOS,2021,12,2021-12,42,178881,Aluisio Mendes,812.98,10
REPUBLICANOS,2022,1,2022-01,377,178981,Herculano Passos,53950.89,1
REPUBLICANOS,2022,1,2022-01,796,74356,Silas Câmara,53507.05,2
REPUBLICANOS,2022,1,2022-01,38,204353,Aline Gurgel,42000.00,3
REPUBLICANOS,2022,1,2022-01,340,204575,Gil Cutrim,41199.37,4
REPUBLICANOS,2022,1,2022-01,26,204571,Alex Santana,36828.24,5
REPUBLICANOS,2022,1,2022-01,535,205863,Marcelo Brum,34645.19,6
REPUBLICANOS,2022,1,2022-01,73,160665,Augusto Coutinho,33520.49,7
REPUBLICANOS,2022,1,2022-01,541,204558,Marcelo Nilo,30762.82,8
REPUBLICANOS,2022,1,2022-01,384,160674,Hugo Motta,29439.73,9
REPUBLICANOS,2022,1,2022-01,636,204422,Ossesio Silva,27366.07,10
REPUBLICANOS,2022,2,2022-02,365,204408,Gustinho Ribeiro,72054.91,1
REPUBLICANOS,2022,2,2022-02,73,160665,Augusto Coutinho,55243.27,2
REPUBLICANOS,2022,2,2022-02,70,204414,Aroldo Martins,55204.38,3
REPUBLICANOS,2022,2,2022-02,384,160674,Hugo Motta,53309.24,4
REPUBLICANOS,2022,2,2022-02,764,178945,Rosangela Gomes,53258.19,5
REPUBLICANOS,2022,2,2022-02,377,178981,Herculano Passos,49355.08,6
REPUBLICANOS,2022,2,2022-02,800,204425,Silvio Costa Filho,47567.94,7
REPUBLICANOS,2022,2,2022-02,42,178881,Aluisio Mendes,47281.86,8
REPUBLICANOS,2022,2,2022-02,340,204575,Gil Cutrim,47000.47,9
REPUBLICANOS,2022,2,2022-02,416,205550,Jorge Braz,45512.12,10
REPUBLICANOS,2022,3,2022-03,796,74356,Silas Câmara,89738.75,1
REPUBLICANOS,2022,3,2022-03,605,150418,Márcio Marinho,88951.47,2
REPUBLICANOS,2022,3,2022-03,846,204505,Vavá Martins,88704.16,3
REPUBLICANOS,2022,3,2022-03,827,178862,Tia Eron,80468.88,4
REPUBLICANOS,2022,3,2022-03,544,118594,Marcelo Squassoni,70633.20,5
REPUBLICANOS,2022,3,2022-03,564,204432,Marina Santos,67288.83,6
REPUBLICANOS,2022,3,2022-03,38,204353,Aline Gurgel,66947.71,7
REPUBLICANOS,2022,3,2022-03,43,204545,Alê Silva,61997.44,8
REPUBLICANOS,2022,3,2022-03,554,204506,Marcos Pereira,57817.15,9
REPUBLICANOS,2022,3,2022-03,852,141555,Vinicius Carvalho,55814.68,10
REPUBLICANOS,2022,4,2022-04,209,178929,Diego Garcia,68735.83,1
REPUBLICANOS,2022,4,2022-04,407,160531,Jhonatan De Jesus,62549.45,2
REPUBLICANOS,2022,4,2022-04,740,160653,Roberto De Lucena,61101.21,3
REPUBLICANOS,2022,4,2022-04,230,204439,Dr. Leonardo,54666.60,4
REPUBLICANOS,2022,4,2022-04,482,204405,Liziane Bayer,52416.14,5
REPUBLICANOS,2022,4,2022-04,562,178956,Mariana Carvalho,52312.34,6
REPUBLICANOS,2022,4,2022-04,800,204425,Silvio Costa Filho,52144.62,7
REPUBLICANOS,2022,4,2022-04,73,160665,Augusto Coutinho,51775.07,8
REPUBLICANOS,2022,4,2022-04,340,204575,Gil Cutrim,51224.67,9
REPUBLICANOS,2022,4,2022-04,416,205550,Jorge Braz,48010.58,10
REPUBLICANOS,2022,5,2022-05,142,141408,Cleber Verde,100295.41,1
REPUBLICANOS,2022,5,2022-05,365,204408,Gustinho Ribeiro,75498.57,2
REPUBLICANOS,2022,5,2022-05,482,204405,Liziane Bayer,69993.67,3
REPUBLICANOS,2022,5,2022-05,740,160653,Roberto De Lucena,62255.79,4
REPUBLICANOS,2022,5,2022-05,340,204575,Gil Cutrim,62202.93,5
REPUBLICANOS,2022,5,2022-05,733,160655,Ricardo Izar,61693.15,6
REPUBLICANOS,2022,5,2022-05,38,204353,Aline Gurgel,59751.23,7
REPUBLICANOS,2022,5,2022-05,562,178956,Mariana Carvalho,58477.57,8
REPUBLICANOS,2022,5,2022-05,73,160665,Augusto Coutinho,55843.90,9
REPUBLICANOS,2022,5,2022-05,45,204356,Amaro Neto,54976.31,10
REPUBLICANOS,2022,6,2022-06,796,74356,Silas Câmara,69591.06,1
REPUBLICANOS,2022,6,2022-06,230,204439,Dr. Leonardo,55851.63,2
REPUBLICANOS,2022,6,2022-06,209,178929,Diego Garcia,53530.98,3
REPUBLICANOS,2022,6,2022-06,116,178962,Carlos Gomes,53144.58,4
REPUBLICANOS,2022,6,2022-06,73,160665,Augusto Coutinho,49666.58,5
REPUBLICANOS,2022,6,2022-06,733,160655,Ricardo Izar,48285.13,6
REPUBLICANOS,2022,6,2022-06,541,204558,Marcelo Nilo,44993.55,7
REPUBLICANOS,2022,6,2022-06,248,204421,Edna Henrique,44575.23,8
REPUBLICANOS,2022,6,2022-06,466,98057,Lafayette De Andrada,44400.28,9
REPUBLICANOS,2022,6,2022-06,852,141555,Vinicius Carvalho,42364.84,10
REPUBLICANOS,2022,7,2022-07,365,204408,Gustinho Ribeiro,59750.63,1
REPUBLICANOS,2022,7,2022-07,739,152610,Roberto Alves,46132.24,2
REPUBLICANOS,2022,7,2022-07,636,204422,Ossesio Silva,45120.25,3
REPUBLICANOS,2022,7,2022-07,466,98057,Lafayette De Andrada,44355.98,4
REPUBLICANOS,2022,7,2022-07,564,204432,Marina Santos,40517.15,5
REPUBLICANOS,2022,7,2022-07,248,204421,Edna Henrique,40421.09,6
REPUBLICANOS,2022,7,2022-07,38,204353,Aline Gurgel,40159.68,7
REPUBLICANOS,2022,7,2022-07,26,204571,Alex Santana,40041.43,8
REPUBLICANOS,2022,7,2022-07,73,160665,Augusto Coutinho,39675.93,9
REPUBLICANOS,2022,7,2022-07,605,150418,Márcio Marinho,39459.71,10
REPUBLICANOS,2022,8,2022-08,800,204425,Silvio Costa Filho,48476.06,1
REPUBLICANOS,2022,8,2022-08,26,204571,Alex Santana,43556.11,2
REPUBLICANOS,2022,8,2022-08,482,204405,Liziane Bayer,42650.16,3
REPUBLICANOS,2022,8,2022-08,38,204353,Aline Gurgel,41488.76,4
REPUBLICANOS,2022,8,2022-08,73,160665,Augusto Coutinho,38637.29,5
REPUBLICANOS,2022,8,2022-08,626,194260,Nivaldo Albuquerque,36417.76,6
REPUBLICANOS,2022,8,2022-08,865,74044,Wilson Santiago,36176.52,7
REPUBLICANOS,2022,8,2022-08,466,98057,Lafayette De Andrada,35662.51,8
REPUBLICANOS,2022,8,2022-08,42,178881,Aluisio Mendes,33389.44,9
REPUBLICANOS,2022,8,2022-08,761,122466,Ronaldo Martins,33313.30,10
REPUBLICANOS,2022,9,2022-09,564,204432,Marina Santos,38294.31,1
REPUBLICANOS,2022,9,2022-09,796,74356,Silas Câmara,37026.70,2
REPUBLICANOS,2022,9,2022-09,865,74044,Wilson Santiago,33566.84,3
REPUBLICANOS,2022,9,2022-09,248,204421,Edna Henrique,33500.00,4
REPUBLICANOS,2022,9,2022-09,561,204540,Maria Rosas,29778.94,5
REPUBLICANOS,2022,9,2022-09,377,178981,Herculano Passos,29311.03,6
REPUBLICANOS,2022,9,2022-09,800,204425,Silvio Costa Filho,27925.38,7
REPUBLICANOS,2022,9,2022-09,466,98057,Lafayette De Andrada,27584.05,8
REPUBLICANOS,2022,9,2022-09,70,204414,Aroldo Martins,27041.19,9
REPUBLICANOS,2022,9,2022-09,541,204558,Marcelo Nilo,26285.84,10
REPUBLICANOS,2022,10,2022-10,340,204575,Gil Cutrim,83195.30,1
REPUBLICANOS,2022,10,2022-10,38,204353,Aline Gurgel,79043.69,2
REPUBLICANOS,2022,10,2022-10,733,160655,Ricardo Izar,75542.36,3
REPUBLICANOS,2022,10,2022-10,605,150418,Márcio Marinho,74153.38,4
REPUBLICANOS,2022,10,2022-10,846,204505,Vavá Martins,71382.12,5
REPUBLICANOS,2022,10,2022-10,64,123756,Antônia Lúcia,66484.48,6
REPUBLICANOS,2022,10,2022-10,482,204405,Liziane Bayer,53014.49,7
REPUBLICANOS,2022,10,2022-10,796,74356,Silas Câmara,49893.39,8
REPUBLICANOS,2022,10,2022-10,761,122466,Ronaldo Martins,48651.75,9
REPUBLICANOS,2022,10,2022-10,26,204571,Alex Santana,43641.61,10
REPUBLICANOS,2022,11,2022-11,434,74366,João Campos,175821.73,1
REPUBLICANOS,2022,11,2022-11,142,141408,Cleber Verde,142703.92,2
REPUBLICANOS,2022,11,2022-11,365,204408,Gustinho Ribeiro,129726.79,3
REPUBLICANOS,2022,11,2022-11,407,160531,Jhonatan De Jesus,128121.52,4
REPUBLICANOS,2022,11,2022-11,502,204381,Luis Miranda,120469.92,5
REPUBLICANOS,2022,11,2022-11,865,74044,Wilson Santiago,99114.01,6
REPUBLICANOS,2022,11,2022-11,554,204506,Marcos Pereira,85980.43,7
REPUBLICANOS,2022,11,2022-11,341,204491,Gilberto Abramo,83818.66,8
REPUBLICANOS,2022,11,2022-11,45,204356,Amaro Neto,77585.23,9
REPUBLICANOS,2022,11,2022-11,733,160655,Ricardo Izar,69014.23,10
REPUBLICANOS,2022,12,2022-12,384,160674,Hugo Motta,142170.04,1
REPUBLICANOS,2022,12,2022-12,554,204506,Marcos Pereira,135161.58,2
REPUBLICANOS,2022,12,2022-12,524,204547,Léo Motta,127754.21,3
REPUBLICANOS,2022,12,2022-12,407,160531,Jhonatan De Jesus,121980.10,4
REPUBLICANOS,2022,12,2022-12,42,178881,Aluisio Mendes,114006.90,5
REPUBLICANOS,2022,12,2022-12,43,204545,Alê Silva,111878.07,6
REPUBLICANOS,2022,12,2022-12,230,204439,Dr. Leonardo,92052.25,7
REPUBLICANOS,2022,12,2022-12,45,204356,Amaro Neto,82577.08,8
REPUBLICANOS,2022,12,2022-12,846,204505,Vavá Martins,81365.33,9
REPUBLICANOS,2022,12,2022-12,341,204491,Gilberto Abramo,70723.23,10
REPUBLICANOS,2023,1,2023-01,846,204505,Vavá Martins,81922.56,1
REPUBLICANOS,2023,1,2023-01,45,204356,Amaro Neto,69154.06,2
REPUBLICANOS,2023,1,2023-01,70,204414,Aroldo Martins,58722.82,3
REPUBLICANOS,2023,1,2023-01,796,74356,Silas Câmara,57357.48,4
REPUBLICANOS,2023,1,2023-01,591,154178,Milton Vieira,50144.50,5
REPUBLICANOS,2023,1,2023-01,800,204425,Silvio Costa Filho,49198.39,6
REPUBLICANOS,2023,1,2023-01,764,178945,Rosangela Gomes,47197.09,7
REPUBLICANOS,2023,1,2023-01,416,205550,Jorge Braz,45591.80,8
REPUBLICANOS,2023,1,2023-01,230,204439,Dr. Leonardo,44578.84,9
REPUBLICANOS,2023,1,2023-01,38,204353,Aline Gurgel,43349.30,10
REPUBLICANOS,2023,2,2023-02,384,160674,Hugo Motta,59486.16,1
REPUBLICANOS,2023,2,2023-02,561,204540,Maria Rosas,52488.69,2
REPUBLICANOS,2023,2,2023-02,800,204425,Silvio Costa Filho,48540.70,3
REPUBLICANOS,2023,2,2023-02,73,160665,Augusto Coutinho,47180.79,4
REPUBLICANOS,2023,2,2023-02,605,150418,Márcio Marinho,45643.76,5
REPUBLICANOS,2023,2,2023-02,865,74044,Wilson Santiago,45620.54,6
REPUBLICANOS,2023,2,2023-02,554,204506,Marcos Pereira,45306.22,7
REPUBLICANOS,2023,2,2023-02,311,220551,Franciane Bayer,39656.52,8
REPUBLICANOS,2023,2,2023-02,26,204571,Alex Santana,39142.48,9
REPUBLICANOS,2023,2,2023-02,591,154178,Milton Vieira,38462.97,10
REPUBLICANOS,2023,3,2023-03,796,74356,Silas Câmara,90914.03,1
REPUBLICANOS,2023,3,2023-03,865,74044,Wilson Santiago,89729.03,2
REPUBLICANOS,2023,3,2023-03,400,220697,Jadyel Alencar,85082.63,3
REPUBLICANOS,2023,3,2023-03,407,160531,Jhonatan De Jesus,68092.42,4
REPUBLICANOS,2023,3,2023-03,755,220695,Rogéria Santos,58150.08,5
REPUBLICANOS,2023,3,2023-03,73,160665,Augusto Coutinho,56380.86,6
REPUBLICANOS,2023,3,2023-03,597,220584,Murilo Galdino,55566.53,7
REPUBLICANOS,2023,3,2023-03,800,204425,Silvio Costa Filho,51862.76,8
REPUBLICANOS,2023,3,2023-03,281,178871,Evair Vieira De Melo,49047.25,9
REPUBLICANOS,2023,3,2023-03,728,220543,Ricardo Ayres,48072.96,10
REPUBLICANOS,2023,4,2023-04,569,220572,Marussa Boldrin,69680.17,1
REPUBLICANOS,2023,4,2023-04,384,160674,Hugo Motta,60693.73,2
REPUBLICANOS,2023,4,2023-04,537,220599,Marcelo Crivella,59079.29,3
REPUBLICANOS,2023,4,2023-04,416,205550,Jorge Braz,56969.07,4
REPUBLICANOS,2023,4,2023-04,417,214694,Jorge Goetten,54518.87,5
REPUBLICANOS,2023,4,2023-04,682,204395,Pedro Lupion,53536.46,6
REPUBLICANOS,2023,4,2023-04,800,204425,Silvio Costa Filho,52981.83,7
REPUBLICANOS,2023,4,2023-04,387,220563,Icaro De Valmir,51686.02,8
REPUBLICANOS,2023,4,2023-04,474,80815,Leo Prates,51373.06,9
REPUBLICANOS,2023,4,2023-04,755,220695,Rogéria Santos,50698.45,10
REPUBLICANOS,2023,5,2023-05,84,204358,Beto Pereira,67807.10,1
REPUBLICANOS,2023,5,2023-05,442,204474,Juarez Costa,63913.59,2
REPUBLICANOS,2023,5,2023-05,259,204364,Eli Borges,59922.36,3
REPUBLICANOS,2023,5,2023-05,682,204395,Pedro Lupion,56861.79,4
REPUBLICANOS,2023,5,2023-05,20,220538,Albuquerque,55192.42,5
REPUBLICANOS,2023,5,2023-05,755,220695,Rogéria Santos,54873.20,6
REPUBLICANOS,2023,5,2023-05,591,154178,Milton Vieira,53530.48,7
REPUBLICANOS,2023,5,2023-05,311,220551,Franciane Bayer,52734.64,8
REPUBLICANOS,2023,5,2023-05,315,220534,Fred Linhares,49889.63,9
REPUBLICANOS,2023,5,2023-05,334,178966,Geovania De Sá,49795.60,10
REPUBLICANOS,2023,6,2023-06,591,154178,Milton Vieira,93140.35,1
REPUBLICANOS,2023,6,2023-06,387,220563,Icaro De Valmir,75841.86,2
REPUBLICANOS,2023,6,2023-06,682,204395,Pedro Lupion,66229.12,3
REPUBLICANOS,2023,6,2023-06,605,150418,Márcio Marinho,64525.93,4
REPUBLICANOS,2023,6,2023-06,755,220695,Rogéria Santos,59853.26,5
REPUBLICANOS,2023,6,2023-06,98,210989,Bruno Farias,58124.11,6
REPUBLICANOS,2023,6,2023-06,84,204358,Beto Pereira,55704.97,7
REPUBLICANOS,2023,6,2023-06,311,220551,Franciane Bayer,54999.84,8
REPUBLICANOS,2023,6,2023-06,537,220599,Marcelo Crivella,50370.23,9
REPUBLICANOS,2023,6,2023-06,281,178871,Evair Vieira De Melo,47364.17,10
REPUBLICANOS,2023,7,2023-07,20,220538,Albuquerque,88011.49,1
REPUBLICANOS,2023,7,2023-07,755,220695,Rogéria Santos,62219.09,2
REPUBLICANOS,2023,7,2023-07,682,204395,Pedro Lupion,61370.83,3
REPUBLICANOS,2023,7,2023-07,98,210989,Bruno Farias,55671.40,4
REPUBLICANOS,2023,7,2023-07,341,204491,Gilberto Abramo,54116.82,5
REPUBLICANOS,2023,7,2023-07,84,204358,Beto Pereira,54043.89,6
REPUBLICANOS,2023,7,2023-07,474,80815,Leo Prates,51620.06,7
REPUBLICANOS,2023,7,2023-07,315,220534,Fred Linhares,49182.48,8
REPUBLICANOS,2023,7,2023-07,825,220560,Thiago De Joaldo,47558.86,9
REPUBLICANOS,2023,7,2023-07,728,220543,Ricardo Ayres,46806.79,10
REPUBLICANOS,2023,8,2023-08,796,74356,Silas Câmara,112154.42,1
REPUBLICANOS,2023,8,2023-08,20,220538,Albuquerque,80248.10,2
REPUBLICANOS,2023,8,2023-08,755,220695,Rogéria Santos,76686.05,3
REPUBLICANOS,2023,8,2023-08,865,74044,Wilson Santiago,71724.82,4
REPUBLICANOS,2023,8,2023-08,387,220563,Icaro De Valmir,69963.33,5
REPUBLICANOS,2023,8,2023-08,597,220584,Murilo Galdino,69252.50,6
REPUBLICANOS,2023,8,2023-08,400,220697,Jadyel Alencar,68919.81,7
REPUBLICANOS,2023,8,2023-08,98,210989,Bruno Farias,62907.91,8
REPUBLICANOS,2023,8,2023-08,537,220599,Marcelo Crivella,62300.88,9
REPUBLICANOS,2023,8,2023-08,84,204358,Beto Pereira,61109.23,10
REPUBLICANOS,2023,9,2023-09,796,74356,Silas Câmara,86935.84,1
REPUBLICANOS,2023,9,2023-09,98,210989,Bruno Farias,63216.82,2
REPUBLICANOS,2023,9,2023-09,501,222429,Luis Carlos Gomes,62413.52,3
REPUBLICANOS,2023,9,2023-09,865,74044,Wilson Santiago,56928.53,4
REPUBLICANOS,2023,9,2023-09,259,204364,Eli Borges,56889.77,5
REPUBLICANOS,2023,9,2023-09,346,220531,Gilvan Maximo,55843.33,6
REPUBLICANOS,2023,9,2023-09,311,220551,Franciane Bayer,55765.20,7
REPUBLICANOS,2023,9,2023-09,20,220538,Albuquerque,55584.48,8
REPUBLICANOS,2023,9,2023-09,741,220588,Roberto Duarte,52773.83,9
REPUBLICANOS,2023,9,2023-09,417,214694,Jorge Goetten,49282.57,10
REPUBLICANOS,2023,10,2023-10,796,74356,Silas Câmara,90779.19,1
REPUBLICANOS,2023,10,2023-10,605,150418,Márcio Marinho,89410.98,2
REPUBLICANOS,2023,10,2023-10,865,74044,Wilson Santiago,87572.69,3
REPUBLICANOS,2023,10,2023-10,42,178881,Aluisio Mendes,71759.36,4
REPUBLICANOS,2023,10,2023-10,20,220538,Albuquerque,70469.02,5
REPUBLICANOS,2023,10,2023-10,311,220551,Franciane Bayer,64080.38,6
REPUBLICANOS,2023,10,2023-10,267,218086,Ely Santos,59211.70,7
REPUBLICANOS,2023,10,2023-10,569,220572,Marussa Boldrin,58688.25,8
REPUBLICANOS,2023,10,2023-10,259,204364,Eli Borges,56378.98,9
REPUBLICANOS,2023,10,2023-10,474,80815,Leo Prates,55590.62,10
REPUBLICANOS,2023,11,2023-11,42,178881,Aluisio Mendes,183812.42,1
REPUBLICANOS,2023,11,2023-11,400,220697,Jadyel Alencar,103843.44,2
REPUBLICANOS,2023,11,2023-11,20,220538,Albuquerque,85792.73,3
REPUBLICANOS,2023,11,2023-11,597,220584,Murilo Galdino,71250.40,4
REPUBLICANOS,2023,11,2023-11,825,220560,Thiago De Joaldo,59329.19,5
REPUBLICANOS,2023,11,2023-11,341,204491,Gilberto Abramo,57341.17,6
REPUBLICANOS,2023,11,2023-11,259,204364,Eli Borges,56809.45,7
REPUBLICANOS,2023,11,2023-11,865,74044,Wilson Santiago,55193.22,8
REPUBLICANOS,2023,11,2023-11,728,220543,Ricardo Ayres,54184.39,9
REPUBLICANOS,2023,11,2023-11,474,80815,Leo Prates,53449.55,10
REPUBLICANOS,2023,12,2023-12,279,204482,Euclydes Pettersen,173880.76,1
REPUBLICANOS,2023,12,2023-12,281,178871,Evair Vieira De Melo,121059.76,2
REPUBLICANOS,2023,12,2023-12,825,220560,Thiago De Joaldo,108809.66,3
REPUBLICANOS,2023,12,2023-12,267,218086,Ely Santos,100870.88,4
REPUBLICANOS,2023,12,2023-12,554,204506,Marcos Pereira,100311.69,5
REPUBLICANOS,2023,12,2023-12,400,220697,Jadyel Alencar,96757.00,6
REPUBLICANOS,2023,12,2023-12,525,220566,Lêda Borges,93053.79,7
REPUBLICANOS,2023,12,2023-12,636,204422,Ossesio Silva,88613.48,8
REPUBLICANOS,2023,12,2023-12,84,204358,Beto Pereira,81310.34,9
REPUBLICANOS,2023,12,2023-12,208,220691,Diego Coronel,80983.07,10
REPUBLICANOS,2024,1,2024-01,73,160665,Augusto Coutinho,87421.30,1
REPUBLICANOS,2024,1,2024-01,755,220695,Rogéria Santos,76126.57,2
REPUBLICANOS,2024,1,2024-01,84,204358,Beto Pereira,52269.20,3
REPUBLICANOS,2024,1,2024-01,417,214694,Jorge Goetten,50608.19,4
REPUBLICANOS,2024,1,2024-01,20,220538,Albuquerque,50044.20,5
REPUBLICANOS,2024,1,2024-01,98,210989,Bruno Farias,47965.76,6
REPUBLICANOS,2024,1,2024-01,825,220560,Thiago De Joaldo,47589.61,7
REPUBLICANOS,2024,1,2024-01,501,222429,Luis Carlos Gomes,43015.78,8
REPUBLICANOS,2024,1,2024-01,713,115200,Raniery Paulino,40513.87,9
REPUBLICANOS,2024,1,2024-01,279,204482,Euclydes Pettersen,39287.00,10
REPUBLICANOS,2024,2,2024-02,728,220543,Ricardo Ayres,126942.11,1
REPUBLICANOS,2024,2,2024-02,417,214694,Jorge Goetten,71028.20,2
REPUBLICANOS,2024,2,2024-02,537,220599,Marcelo Crivella,64684.05,3
REPUBLICANOS,2024,2,2024-02,341,204491,Gilberto Abramo,64341.02,4
REPUBLICANOS,2024,2,2024-02,569,220572,Marussa Boldrin,59305.74,5
REPUBLICANOS,2024,2,2024-02,311,220551,Franciane Bayer,58374.02,6
REPUBLICANOS,2024,2,2024-02,84,204358,Beto Pereira,57482.04,7
REPUBLICANOS,2024,2,2024-02,682,204395,Pedro Lupion,53813.58,8
REPUBLICANOS,2024,2,2024-02,281,178871,Evair Vieira De Melo,51842.12,9
REPUBLICANOS,2024,2,2024-02,384,160674,Hugo Motta,50355.24,10
REPUBLICANOS,2024,3,2024-03,563,227275,Mariana Carvalho,77932.44,1
REPUBLICANOS,2024,3,2024-03,259,204364,Eli Borges,74449.64,2
REPUBLICANOS,2024,3,2024-03,636,204422,Ossesio Silva,72608.34,3
REPUBLICANOS,2024,3,2024-03,20,220538,Albuquerque,69120.93,4
REPUBLICANOS,2024,3,2024-03,208,220691,Diego Coronel,67744.40,5
REPUBLICANOS,2024,3,2024-03,796,74356,Silas Câmara,67392.54,6
REPUBLICANOS,2024,3,2024-03,569,220572,Marussa Boldrin,56324.74,7
REPUBLICANOS,2024,3,2024-03,755,220695,Rogéria Santos,54033.63,8
REPUBLICANOS,2024,3,2024-03,417,214694,Jorge Goetten,49833.35,9
REPUBLICANOS,2024,3,2024-03,84,204358,Beto Pereira,49062.74,10
REPUBLICANOS,2024,4,2024-04,825,220560,Thiago De Joaldo,85273.79,1
REPUBLICANOS,2024,4,2024-04,400,220697,Jadyel Alencar,84301.62,2
REPUBLICANOS,2024,4,2024-04,380,100689,Hildo Do Candango,73134.90,3
REPUBLICANOS,2024,4,2024-04,259,204364,Eli Borges,70430.20,4
REPUBLICANOS,2024,4,2024-04,796,74356,Silas Câmara,65870.14,5
REPUBLICANOS,2024,4,2024-04,341,204491,Gilberto Abramo,64922.81,6
REPUBLICANOS,2024,4,2024-04,537,220599,Marcelo Crivella,64433.92,7
REPUBLICANOS,2024,4,2024-04,84,204358,Beto Pereira,59054.24,8
REPUBLICANOS,2024,4,2024-04,728,220543,Ricardo Ayres,58190.59,9
REPUBLICANOS,2024,4,2024-04,442,204474,Juarez Costa,55600.16,10
REPUBLICANOS,2024,5,2024-05,597,220584,Murilo Galdino,79562.58,1
REPUBLICANOS,2024,5,2024-05,387,220563,Icaro De Valmir,78707.02,2
REPUBLICANOS,2024,5,2024-05,334,178966,Geovania De Sá,66670.32,3
REPUBLICANOS,2024,5,2024-05,865,74044,Wilson Santiago,59212.94,4
REPUBLICANOS,2024,5,2024-05,474,80815,Leo Prates,55215.69,5
REPUBLICANOS,2024,5,2024-05,20,220538,Albuquerque,53110.90,6
REPUBLICANOS,2024,5,2024-05,84,204358,Beto Pereira,51262.38,7
REPUBLICANOS,2024,5,2024-05,682,204395,Pedro Lupion,50970.87,8
REPUBLICANOS,2024,5,2024-05,311,220551,Franciane Bayer,50930.68,9
REPUBLICANOS,2024,5,2024-05,26,204571,Alex Santana,48888.65,10
REPUBLICANOS,2024,6,2024-06,569,220572,Marussa Boldrin,106178.22,1
REPUBLICANOS,2024,6,2024-06,796,74356,Silas Câmara,83149.10,2
REPUBLICANOS,2024,6,2024-06,554,204506,Marcos Pereira,62260.37,3
REPUBLICANOS,2024,6,2024-06,636,204422,Ossesio Silva,60759.87,4
REPUBLICANOS,2024,6,2024-06,561,204540,Maria Rosas,55308.96,5
REPUBLICANOS,2024,6,2024-06,865,74044,Wilson Santiago,55094.72,6
REPUBLICANOS,2024,6,2024-06,400,220697,Jadyel Alencar,53382.79,7
REPUBLICANOS,2024,6,2024-06,281,178871,Evair Vieira De Melo,53137.57,8
REPUBLICANOS,2024,6,2024-06,311,220551,Franciane Bayer,48953.40,9
REPUBLICANOS,2024,6,2024-06,416,205550,Jorge Braz,46739.38,10
REPUBLICANOS,2024,7,2024-07,755,220695,Rogéria Santos,77942.75,1
REPUBLICANOS,2024,7,2024-07,569,220572,Marussa Boldrin,76042.84,2
REPUBLICANOS,2024,7,2024-07,281,178871,Evair Vieira De Melo,71712.97,3
REPUBLICANOS,2024,7,2024-07,311,220551,Franciane Bayer,70460.30,4
REPUBLICANOS,2024,7,2024-07,20,220538,Albuquerque,61912.68,5
REPUBLICANOS,2024,7,2024-07,537,220599,Marcelo Crivella,60183.43,6
REPUBLICANOS,2024,7,2024-07,741,220588,Roberto Duarte,53129.41,7
REPUBLICANOS,2024,7,2024-07,417,214694,Jorge Goetten,52686.83,8
REPUBLICANOS,2024,7,2024-07,762,163321,Ronaldo Nogueira,48269.46,9
REPUBLICANOS,2024,7,2024-07,554,204506,Marcos Pereira,46624.72,10
REPUBLICANOS,2024,8,2024-08,865,74044,Wilson Santiago,68062.80,1
REPUBLICANOS,2024,8,2024-08,762,163321,Ronaldo Nogueira,65844.58,2
REPUBLICANOS,2024,8,2024-08,315,220534,Fred Linhares,54774.90,3
REPUBLICANOS,2024,8,2024-08,311,220551,Franciane Bayer,50924.65,4
REPUBLICANOS,2024,8,2024-08,561,204540,Maria Rosas,49223.00,5
REPUBLICANOS,2024,8,2024-08,501,222429,Luis Carlos Gomes,48124.17,6
REPUBLICANOS,2024,8,2024-08,636,204422,Ossesio Silva,47863.82,7
REPUBLICANOS,2024,8,2024-08,26,204571,Alex Santana,47624.62,8
REPUBLICANOS,2024,8,2024-08,728,220543,Ricardo Ayres,46577.13,9
REPUBLICANOS,2024,8,2024-08,417,214694,Jorge Goetten,45186.70,10
REPUBLICANOS,2024,9,2024-09,605,150418,Márcio Marinho,119153.00,1
REPUBLICANOS,2024,9,2024-09,554,204506,Marcos Pereira,59327.88,2
REPUBLICANOS,2024,9,2024-09,865,74044,Wilson Santiago,54157.87,3
REPUBLICANOS,2024,9,2024-09,474,80815,Leo Prates,53688.23,4
REPUBLICANOS,2024,9,2024-09,384,160674,Hugo Motta,53231.04,5
REPUBLICANOS,2024,9,2024-09,20,220538,Albuquerque,52197.06,6
REPUBLICANOS,2024,9,2024-09,281,178871,Evair Vieira De Melo,51877.20,7
REPUBLICANOS,2024,9,2024-09,762,163321,Ronaldo Nogueira,50771.66,8
REPUBLICANOS,2024,9,2024-09,537,220599,Marcelo Crivella,50204.73,9
REPUBLICANOS,2024,9,2024-09,346,220531,Gilvan Maximo,49928.49,10
REPUBLICANOS,2024,10,2024-10,796,74356,Silas Câmara,135901.43,1
REPUBLICANOS,2024,10,2024-10,400,220697,Jadyel Alencar,103408.01,2
REPUBLICANOS,2024,10,2024-10,279,204482,Euclydes Pettersen,88447.87,3
REPUBLICANOS,2024,10,2024-10,605,150418,Márcio Marinho,85803.77,4
REPUBLICANOS,2024,10,2024-10,341,204491,Gilberto Abramo,85749.34,5
REPUBLICANOS,2024,10,2024-10,311,220551,Franciane Bayer,57689.61,6
REPUBLICANOS,2024,10,2024-10,554,204506,Marcos Pereira,55127.08,7
REPUBLICANOS,2024,10,2024-10,384,160674,Hugo Motta,55070.46,8
REPUBLICANOS,2024,10,2024-10,73,160665,Augusto Coutinho,54512.78,9
REPUBLICANOS,2024,10,2024-10,281,178871,Evair Vieira De Melo,50344.25,10
REPUBLICANOS,2024,11,2024-11,597,220584,Murilo Galdino,193488.42,1
REPUBLICANOS,2024,11,2024-11,341,204491,Gilberto Abramo,108653.44,2
REPUBLICANOS,2024,11,2024-11,501,222429,Luis Carlos Gomes,62972.52,3
REPUBLICANOS,2024,11,2024-11,554,204506,Marcos Pereira,62834.60,4
REPUBLICANOS,2024,11,2024-11,728,220543,Ricardo Ayres,59400.17,5
REPUBLICANOS,2024,11,2024-11,741,220588,Roberto Duarte,58126.14,6
REPUBLICANOS,2024,11,2024-11,384,160674,Hugo Motta,57819.41,7
REPUBLICANOS,2024,11,2024-11,208,220691,Diego Coronel,54798.54,8
REPUBLICANOS,2024,11,2024-11,636,204422,Ossesio Silva,54347.64,9
REPUBLICANOS,2024,11,2024-11,20,220538,Albuquerque,52627.25,10
REPUBLICANOS,2024,12,2024-12,267,218086,Ely Santos,155341.60,1
REPUBLICANOS,2024,12,2024-12,42,178881,Aluisio Mendes,154802.26,2
REPUBLICANOS,2024,12,2024-12,682,204395,Pedro Lupion,142082.32,3
REPUBLICANOS,2024,12,2024-12,84,204358,Beto Pereira,131552.28,4
REPUBLICANOS,2024,12,2024-12,796,74356,Silas Câmara,90644.09,5
REPUBLICANOS,2024,12,2024-12,259,204364,Eli Borges,83531.75,6
REPUBLICANOS,2024,12,2024-12,384,160674,Hugo Motta,75717.98,7
REPUBLICANOS,2024,12,2024-12,448,204372,Julio Cesar Ribeiro,74897.11,8
REPUBLICANOS,2024,12,2024-12,73,160665,Augusto Coutinho,74626.59,9
REPUBLICANOS,2024,12,2024-12,597,220584,Murilo Galdino,74195.98,10
REPUBLICANOS,2025,1,2025-01,84,204358,Beto Pereira,56912.73,1
REPUBLICANOS,2025,1,2025-01,400,220697,Jadyel Alencar,54963.08,2
REPUBLICANOS,2025,1,2025-01,825,220560,Thiago De Joaldo,53799.76,3
REPUBLICANOS,2025,1,2025-01,796,74356,Silas Câmara,48731.63,4
REPUBLICANOS,2025,1,2025-01,208,220691,Diego Coronel,47122.99,5
REPUBLICANOS,2025,1,2025-01,755,220695,Rogéria Santos,45799.94,6
REPUBLICANOS,2025,1,2025-01,561,204540,Maria Rosas,45186.48,7
REPUBLICANOS,2025,1,2025-01,636,204422,Ossesio Silva,43930.26,8
REPUBLICANOS,2025,1,2025-01,741,220588,Roberto Duarte,43878.56,9
REPUBLICANOS,2025,1,2025-01,682,204395,Pedro Lupion,39400.00,10
REPUBLICANOS,2025,2,2025-02,208,220691,Diego Coronel,114937.67,1
REPUBLICANOS,2025,2,2025-02,728,220543,Ricardo Ayres,86983.21,2
REPUBLICANOS,2025,2,2025-02,597,220584,Murilo Galdino,81947.21,3
REPUBLICANOS,2025,2,2025-02,384,160674,Hugo Motta,65541.19,4
REPUBLICANOS,2025,2,2025-02,865,74044,Wilson Santiago,62283.31,5
REPUBLICANOS,2025,2,2025-02,311,220551,Franciane Bayer,62081.62,6
REPUBLICANOS,2025,2,2025-02,755,220695,Rogéria Santos,60317.40,7
REPUBLICANOS,2025,2,2025-02,741,220588,Roberto Duarte,54820.60,8
REPUBLICANOS,2025,2,2025-02,128,73441,Celso Russomanno,52707.07,9
REPUBLICANOS,2025,2,2025-02,73,160665,Augusto Coutinho,50577.49,10
REPUBLICANOS,2025,3,2025-03,796,74356,Silas Câmara,144688.79,1
REPUBLICANOS,2025,3,2025-03,636,204422,Ossesio Silva,76363.30,2
REPUBLICANOS,2025,3,2025-03,525,220566,Lêda Borges,57583.25,3
REPUBLICANOS,2025,3,2025-03,825,220560,Thiago De Joaldo,54715.30,4
REPUBLICANOS,2025,3,2025-03,334,178966,Geovania De Sá,52269.58,5
REPUBLICANOS,2025,3,2025-03,762,163321,Ronaldo Nogueira,49862.54,6
REPUBLICANOS,2025,3,2025-03,755,220695,Rogéria Santos,49558.25,7
REPUBLICANOS,2025,3,2025-03,84,204358,Beto Pereira,49497.95,8
REPUBLICANOS,2025,3,2025-03,682,204395,Pedro Lupion,48830.26,9
REPUBLICANOS,2025,3,2025-03,73,160665,Augusto Coutinho,48189.10,10
REPUBLICANOS,2025,4,2025-04,84,204358,Beto Pereira,64862.81,1
REPUBLICANOS,2025,4,2025-04,762,163321,Ronaldo Nogueira,59946.97,2
REPUBLICANOS,2025,4,2025-04,741,220588,Roberto Duarte,59382.29,3
REPUBLICANOS,2025,4,2025-04,98,210989,Bruno Farias,59166.05,4
REPUBLICANOS,2025,4,2025-04,865,74044,Wilson Santiago,58530.51,5
REPUBLICANOS,2025,4,2025-04,208,220691,Diego Coronel,55527.32,6
REPUBLICANOS,2025,4,2025-04,682,204395,Pedro Lupion,55380.17,7
REPUBLICANOS,2025,4,2025-04,474,80815,Leo Prates,53884.61,8
REPUBLICANOS,2025,4,2025-04,311,220551,Franciane Bayer,52451.89,9
REPUBLICANOS,2025,4,2025-04,755,220695,Rogéria Santos,51684.50,10
REPUBLICANOS,2025,5,2025-05,605,150418,Márcio Marinho,122155.78,1
REPUBLICANOS,2025,5,2025-05,267,218086,Ely Santos,87355.00,2
REPUBLICANOS,2025,5,2025-05,311,220551,Franciane Bayer,69975.17,3
REPUBLICANOS,2025,5,2025-05,865,74044,Wilson Santiago,68436.63,4
REPUBLICANOS,2025,5,2025-05,442,204474,Juarez Costa,66083.57,5
REPUBLICANOS,2025,5,2025-05,387,220563,Icaro De Valmir,59203.32,6
REPUBLICANOS,2025,5,2025-05,501,222429,Luis Carlos Gomes,58472.85,7
REPUBLICANOS,2025,5,2025-05,762,163321,Ronaldo Nogueira,57479.34,8
REPUBLICANOS,2025,5,2025-05,20,220538,Albuquerque,57214.10,9
REPUBLICANOS,2025,5,2025-05,84,204358,Beto Pereira,54605.95,10
REPUBLICANOS,2025,6,2025-06,554,204506,Marcos Pereira,64191.38,1
REPUBLICANOS,2025,6,2025-06,20,220538,Albuquerque,62518.30,2
REPUBLICANOS,2025,6,2025-06,825,220560,Thiago De Joaldo,62381.23,3
REPUBLICANOS,2025,6,2025-06,755,220695,Rogéria Santos,60271.55,4
REPUBLICANOS,2025,6,2025-06,865,74044,Wilson Santiago,60183.40,5
REPUBLICANOS,2025,6,2025-06,741,220588,Roberto Duarte,58024.65,6
REPUBLICANOS,2025,6,2025-06,537,220599,Marcelo Crivella,57189.80,7
REPUBLICANOS,2025,6,2025-06,416,205550,Jorge Braz,56435.04,8
REPUBLICANOS,2025,6,2025-06,315,220534,Fred Linhares,56058.25,9
REPUBLICANOS,2025,6,2025-06,73,160665,Augusto Coutinho,55438.18,10
REPUBLICANOS,2025,7,2025-07,98,210989,Bruno Farias,73348.43,1
REPUBLICANOS,2025,7,2025-07,762,163321,Ronaldo Nogueira,60731.84,2
REPUBLICANOS,2025,7,2025-07,311,220551,Franciane Bayer,58754.34,3
REPUBLICANOS,2025,7,2025-07,341,204491,Gilberto Abramo,56487.83,4
REPUBLICANOS,2025,7,2025-07,442,204474,Juarez Costa,55701.41,5
REPUBLICANOS,2025,7,2025-07,554,204506,Marcos Pereira,55689.73,6
REPUBLICANOS,2025,7,2025-07,416,205550,Jorge Braz,55591.96,7
REPUBLICANOS,2025,7,2025-07,569,220572,Marussa Boldrin,53720.98,8
REPUBLICANOS,2025,7,2025-07,384,160674,Hugo Motta,53618.76,9
REPUBLICANOS,2025,7,2025-07,334,178966,Geovania De Sá,52444.93,10
REPUBLICANOS,2025,8,2025-08,311,220551,Franciane Bayer,77096.80,1
REPUBLICANOS,2025,8,2025-08,796,74356,Silas Câmara,75395.66,2
REPUBLICANOS,2025,8,2025-08,341,204491,Gilberto Abramo,72131.05,3
REPUBLICANOS,2025,8,2025-08,728,220543,Ricardo Ayres,60219.85,4
REPUBLICANOS,2025,8,2025-08,98,210989,Bruno Farias,59810.64,5
REPUBLICANOS,2025,8,2025-08,741,220588,Roberto Duarte,53855.89,6
REPUBLICANOS,2025,8,2025-08,554,204506,Marcos Pereira,53007.95,7
REPUBLICANOS,2025,8,2025-08,865,74044,Wilson Santiago,45946.10,8
REPUBLICANOS,2025,8,2025-08,537,220599,Marcelo Crivella,45617.71,9
REPUBLICANOS,2025,8,2025-08,20,220538,Albuquerque,43833.69,10
REPUBLICANOS,2025,9,2025-09,796,74356,Silas Câmara,123563.04,1
REPUBLICANOS,2025,9,2025-09,569,220572,Marussa Boldrin,57614.61,2
REPUBLICANOS,2025,9,2025-09,554,204506,Marcos Pereira,52563.07,3
REPUBLICANOS,2025,9,2025-09,741,220588,Roberto Duarte,45163.13,4
REPUBLICANOS,2025,9,2025-09,84,204358,Beto Pereira,44783.20,5
REPUBLICANOS,2025,9,2025-09,865,74044,Wilson Santiago,44550.25,6
REPUBLICANOS,2025,9,2025-09,537,220599,Marcelo Crivella,44055.81,7
REPUBLICANOS,2025,9,2025-09,728,220543,Ricardo Ayres,43181.48,8
REPUBLICANOS,2025,9,2025-09,825,220560,Thiago De Joaldo,42986.89,9
REPUBLICANOS,2025,9,2025-09,73,160665,Augusto Coutinho,42862.87,10
REPUBLICANOS,2025,10,2025-10,569,220572,Marussa Boldrin,76525.49,1
REPUBLICANOS,2025,10,2025-10,605,150418,Márcio Marinho,61874.93,2
REPUBLICANOS,2025,10,2025-10,448,204372,Julio Cesar Ribeiro,56472.05,3
REPUBLICANOS,2025,10,2025-10,825,220560,Thiago De Joaldo,56462.37,4
REPUBLICANOS,2025,10,2025-10,741,220588,Roberto Duarte,52482.70,5
REPUBLICANOS,2025,10,2025-10,554,204506,Marcos Pereira,52035.00,6
REPUBLICANOS,2025,10,2025-10,537,220599,Marcelo Crivella,47490.95,7
REPUBLICANOS,2025,10,2025-10,762,163321,Ronaldo Nogueira,47208.03,8
REPUBLICANOS,2025,10,2025-10,20,220538,Albuquerque,46532.05,9
REPUBLICANOS,2025,10,2025-10,311,220551,Franciane Bayer,44758.58,10
REPUBLICANOS,2025,11,2025-11,20,220538,Albuquerque,72249.12,1
REPUBLICANOS,2025,11,2025-11,448,204372,Julio Cesar Ribeiro,67974.41,2
REPUBLICANOS,2025,11,2025-11,400,220697,Jadyel Alencar,66268.79,3
REPUBLICANOS,2025,11,2025-11,597,220584,Murilo Galdino,57605.05,4
REPUBLICANOS,2025,11,2025-11,417,214694,Jorge Goetten,55741.14,5
REPUBLICANOS,2025,11,2025-11,537,220599,Marcelo Crivella,50518.77,6
REPUBLICANOS,2025,11,2025-11,315,220534,Fred Linhares,49769.19,7
REPUBLICANOS,2025,11,2025-11,636,204422,Ossesio Silva,47721.78,8
REPUBLICANOS,2025,11,2025-11,569,220572,Marussa Boldrin,43745.96,9
REPUBLICANOS,2025,11,2025-11,741,220588,Roberto Duarte,43619.83,10
REPUBLICANOS,2025,12,2025-12,42,178881,Aluisio Mendes,164623.37,1
REPUBLICANOS,2025,12,2025-12,279,204482,Euclydes Pettersen,157442.00,2
REPUBLICANOS,2025,12,2025-12,400,220697,Jadyel Alencar,142981.07,3
REPUBLICANOS,2025,12,2025-12,341,204491,Gilberto Abramo,94237.04,4
REPUBLICANOS,2025,12,2025-12,20,220538,Albuquerque,81050.00,5
REPUBLICANOS,2025,12,2025-12,636,204422,Ossesio Silva,79329.73,6
REPUBLICANOS,2025,12,2025-12,267,218086,Ely Santos,79113.34,7
REPUBLICANOS,2025,12,2025-12,288,74065,Fatima Pelaes,73571.80,8
REPUBLICANOS,2025,12,2025-12,597,220584,Murilo Galdino,72425.40,9
REPUBLICANOS,2025,12,2025-12,682,204395,Pedro Lupion,72280.00,10
REPUBLICANOS,2026,1,2026-01,311,220551,Franciane Bayer,58841.92,1
REPUBLICANOS,2026,1,2026-01,400,220697,Jadyel Alencar,52294.20,2
REPUBLICANOS,2026,1,2026-01,259,204364,Eli Borges,51908.20,3
REPUBLICANOS,2026,1,2026-01,796,74356,Silas Câmara,51761.55,4
REPUBLICANOS,2026,1,2026-01,20,220538,Albuquerque,45500.00,5
REPUBLICANOS,2026,1,2026-01,537,220599,Marcelo Crivella,38532.88,6
REPUBLICANOS,2026,1,2026-01,825,220560,Thiago De Joaldo,35889.73,7
REPUBLICANOS,2026,1,2026-01,501,222429,Luis Carlos Gomes,35753.70,8
REPUBLICANOS,2026,1,2026-01,474,80815,Leo Prates,35659.48,9
REPUBLICANOS,2026,1,2026-01,417,214694,Jorge Goetten,35657.10,10
REPUBLICANOS,2026,2,2026-02,796,74356,Silas Câmara,133258.00,1
REPUBLICANOS,2026,2,2026-02,865,74044,Wilson Santiago,86103.77,2
REPUBLICANOS,2026,2,2026-02,311,220551,Franciane Bayer,71911.85,3
REPUBLICANOS,2026,2,2026-02,334,178966,Geovania De Sá,60299.46,4
REPUBLICANOS,2026,2,2026-02,20,220538,Albuquerque,51695.26,5
REPUBLICANOS,2026,2,2026-02,755,220695,Rogéria Santos,51500.00,6
REPUBLICANOS,2026,2,2026-02,259,204364,Eli Borges,47778.00,7
REPUBLICANOS,2026,2,2026-02,597,220584,Murilo Galdino,43926.59,8
REPUBLICANOS,2026,2,2026-02,741,220588,Roberto Duarte,43064.45,9
REPUBLICANOS,2026,2,2026-02,569,220572,Marussa Boldrin,42489.23,10
REPUBLICANOS,2026,3,2026-03,20,220538,Albuquerque,100980.81,1
REPUBLICANOS,2026,3,2026-03,636,204422,Ossesio Silva,77577.65,2
REPUBLICANOS,2026,3,2026-03,267,218086,Ely Santos,67958.00,3
REPUBLICANOS,2026,3,2026-03,288,74065,Fatima Pelaes,64729.11,4
REPUBLICANOS,2026,3,2026-03,501,222429,Luis Carlos Gomes,64096.63,5
REPUBLICANOS,2026,3,2026-03,865,74044,Wilson Santiago,59419.91,6
REPUBLICANOS,2026,3,2026-03,825,220560,Thiago De Joaldo,57793.34,7
REPUBLICANOS,2026,3,2026-03,569,220572,Marussa Boldrin,55628.01,8
REPUBLICANOS,2026,3,2026-03,537,220599,Marcelo Crivella,53529.15,9
REPUBLICANOS,2026,3,2026-03,311,220551,Franciane Bayer,53251.28,10
REPUBLICANOS,2026,4,2026-04,537,220599,Marcelo Crivella,48786.26,1
REPUBLICANOS,2026,4,2026-04,554,204506,Marcos Pereira,41280.30,2
REPUBLICANOS,2026,4,2026-04,384,160674,Hugo Motta,40992.00,3
REPUBLICANOS,2026,4,2026-04,259,204364,Eli Borges,39819.11,4
REPUBLICANOS,2026,4,2026-04,728,220543,Ricardo Ayres,36134.59,5
REPUBLICANOS,2026,4,2026-04,442,204474,Juarez Costa,34502.86,6
REPUBLICANOS,2026,4,2026-04,98,210989,Bruno Farias,34231.24,7
REPUBLICANOS,2026,4,2026-04,208,220691,Diego Coronel,33279.31,8
REPUBLICANOS,2026,4,2026-04,281,178871,Evair Vieira De Melo,32278.61,9
REPUBLICANOS,2026,4,2026-04,84,204358,Beto Pereira,29500.00,10
S.PART.,,,,135,204476,Chiquinho Brazão,111.10,1
S.PART.,2023,2,2023-02,135,204476,Chiquinho Brazão,21736.08,1
S.PART.,2023,3,2023-03,135,204476,Chiquinho Brazão,43217.72,1
S.PART.,2023,4,2023-04,135,204476,Chiquinho Brazão,31373.49,1
S.PART.,2023,5,2023-05,135,204476,Chiquinho Brazão,65112.64,1
S.PART.,2023,6,2023-06,135,204476,Chiquinho Brazão,46088.31,1
S.PART.,2023,7,2023-07,135,204476,Chiquinho Brazão,47151.11,1
S.PART.,2023,8,2023-08,135,204476,Chiquinho Brazão,64945.52,1
S.PART.,2023,9,2023-09,135,204476,Chiquinho Brazão,41320.80,1
S.PART.,2023,10,2023-10,135,204476,Chiquinho Brazão,12571.07,1
S.PART.,2023,11,2023-11,135,204476,Chiquinho Brazão,2400.19,1
S.PART.,2024,2,2024-02,135,204476,Chiquinho Brazão,16980.00,1
S.PART.,2024,3,2024-03,135,204476,Chiquinho Brazão,11642.87,1
S.PART.,2024,4,2024-04,135,204476,Chiquinho Brazão,-1896.10,1
S.PART.,2024,5,2024-05,135,204476,Chiquinho Brazão,-392.89,1
S.PART.,2024,6,2024-06,135,204476,Chiquinho Brazão,-3280.44,1
S.PART.,2024,7,2024-07,135,204476,Chiquinho Brazão,-42.29,1
SOLIDARIEDADE,,,,255,220589,Eduardo Velloso,13427.79,1
SOLIDARIEDADE,,,,75,160512,Aureo Ribeiro,7230.87,2
SOLIDARIEDADE,,,,862,160518,Weliton Prado,471.38,3
SOLIDARIEDADE,,,,601,220687,Márcio Honaiser,261.32,4
SOLIDARIEDADE,,,,878,160632,Zé Silva,132.75,5
SOLIDARIEDADE,,,,654,141518,Paulinho Da Força,117.77,6
SOLIDARIEDADE,,,,520,204418,Luizão Goulart,97.97,7
SOLIDARIEDADE,,,,571,204428,Marília Arraes,82.51,8
SOLIDARIEDADE,,,,491,178879,Lucas Vergilio,62.90,9
SOLIDARIEDADE,,,,484,171139,Loreny,58.80,10
SOLIDARIEDADE,2022,1,2022-01,95,204551,Bosco Saraiva,30222.14,1
SOLIDARIEDADE,2022,1,2022-01,654,141518,Paulinho Da Força,25178.02,2
SOLIDARIEDADE,2022,1,2022-01,639,204475,Ottaci Nascimento,17097.64,3
SOLIDARIEDADE,2022,1,2022-01,878,160632,Zé Silva,12866.04,4
SOLIDARIEDADE,2022,1,2022-01,520,204418,Luizão Goulart,11141.74,5
SOLIDARIEDADE,2022,1,2022-01,75,160512,Aureo Ribeiro,7948.07,6
SOLIDARIEDADE,2022,1,2022-01,571,204428,Marília Arraes,6379.70,7
SOLIDARIEDADE,2022,1,2022-01,491,178879,Lucas Vergilio,2529.46,8
SOLIDARIEDADE,2022,2,2022-02,95,204551,Bosco Saraiva,69621.13,1
SOLIDARIEDADE,2022,2,2022-02,520,204418,Luizão Goulart,24555.67,2
SOLIDARIEDADE,2022,2,2022-02,639,204475,Ottaci Nascimento,24391.68,3
SOLIDARIEDADE,2022,2,2022-02,878,160632,Zé Silva,23674.17,4
SOLIDARIEDADE,2022,2,2022-02,654,141518,Paulinho Da Força,23090.92,5
SOLIDARIEDADE,2022,2,2022-02,491,178879,Lucas Vergilio,22320.60,6
SOLIDARIEDADE,2022,2,2022-02,571,204428,Marília Arraes,20360.70,7
SOLIDARIEDADE,2022,2,2022-02,75,160512,Aureo Ribeiro,19238.09,8
SOLIDARIEDADE,2022,3,2022-03,639,204475,Ottaci Nascimento,73710.28,1
SOLIDARIEDADE,2022,3,2022-03,878,160632,Zé Silva,61475.81,2
SOLIDARIEDADE,2022,3,2022-03,654,141518,Paulinho Da Força,58931.39,3
SOLIDARIEDADE,2022,3,2022-03,571,204428,Marília Arraes,58846.76,4
SOLIDARIEDADE,2022,3,2022-03,95,204551,Bosco Saraiva,47330.50,5
SOLIDARIEDADE,2022,3,2022-03,75,160512,Aureo Ribeiro,32927.66,6
SOLIDARIEDADE,2022,3,2022-03,520,204418,Luizão Goulart,31076.17,7
SOLIDARIEDADE,2022,3,2022-03,491,178879,Lucas Vergilio,21877.66,8
SOLIDARIEDADE,2022,4,2022-04,571,204428,Marília Arraes,77622.11,1
SOLIDARIEDADE,2022,4,2022-04,95,204551,Bosco Saraiva,60599.10,2
SOLIDARIEDADE,2022,4,2022-04,75,160512,Aureo Ribeiro,44370.49,3
SOLIDARIEDADE,2022,4,2022-04,654,141518,Paulinho Da Força,41339.29,4
SOLIDARIEDADE,2022,4,2022-04,520,204418,Luizão Goulart,39773.42,5
SOLIDARIEDADE,2022,4,2022-04,639,204475,Ottaci Nascimento,28170.69,6
SOLIDARIEDADE,2022,4,2022-04,878,160632,Zé Silva,27079.50,7
SOLIDARIEDADE,2022,4,2022-04,491,178879,Lucas Vergilio,19931.72,8
SOLIDARIEDADE,2022,5,2022-05,75,160512,Aureo Ribeiro,81482.46,1
SOLIDARIEDADE,2022,5,2022-05,571,204428,Marília Arraes,66068.50,2
SOLIDARIEDADE,2022,5,2022-05,520,204418,Luizão Goulart,59096.57,3
SOLIDARIEDADE,2022,5,2022-05,878,160632,Zé Silva,55482.36,4
SOLIDARIEDADE,2022,5,2022-05,654,141518,Paulinho Da Força,52761.82,5
SOLIDARIEDADE,2022,5,2022-05,639,204475,Ottaci Nascimento,37058.72,6
SOLIDARIEDADE,2022,5,2022-05,95,204551,Bosco Saraiva,34756.61,7
SOLIDARIEDADE,2022,5,2022-05,491,178879,Lucas Vergilio,24300.00,8
SOLIDARIEDADE,2022,6,2022-06,639,204475,Ottaci Nascimento,113796.31,1
SOLIDARIEDADE,2022,6,2022-06,520,204418,Luizão Goulart,51906.67,2
SOLIDARIEDADE,2022,6,2022-06,878,160632,Zé Silva,48302.30,3
SOLIDARIEDADE,2022,6,2022-06,95,204551,Bosco Saraiva,37329.79,4
SOLIDARIEDADE,2022,6,2022-06,75,160512,Aureo Ribeiro,30569.13,5
SOLIDARIEDADE,2022,6,2022-06,491,178879,Lucas Vergilio,24300.00,6
SOLIDARIEDADE,2022,6,2022-06,654,141518,Paulinho Da Força,21759.35,7
SOLIDARIEDADE,2022,6,2022-06,571,204428,Marília Arraes,15016.97,8
SOLIDARIEDADE,2022,7,2022-07,95,204551,Bosco Saraiva,47344.19,1
SOLIDARIEDADE,2022,7,2022-07,639,204475,Ottaci Nascimento,38465.62,2
SOLIDARIEDADE,2022,7,2022-07,654,141518,Paulinho Da Força,23840.32,3
SOLIDARIEDADE,2022,7,2022-07,878,160632,Zé Silva,22016.09,4
SOLIDARIEDADE,2022,7,2022-07,75,160512,Aureo Ribeiro,21703.65,5
SOLIDARIEDADE,2022,7,2022-07,520,204418,Luizão Goulart,20848.89,6
SOLIDARIEDADE,2022,7,2022-07,571,204428,Marília Arraes,20569.14,7
SOLIDARIEDADE,2022,7,2022-07,491,178879,Lucas Vergilio,19899.07,8
SOLIDARIEDADE,2022,8,2022-08,95,204551,Bosco Saraiva,33066.64,1
SOLIDARIEDADE,2022,8,2022-08,639,204475,Ottaci Nascimento,27206.51,2
SOLIDARIEDADE,2022,8,2022-08,520,204418,Luizão Goulart,26948.40,3
SOLIDARIEDADE,2022,8,2022-08,878,160632,Zé Silva,25318.06,4
SOLIDARIEDADE,2022,8,2022-08,654,141518,Paulinho Da Força,19522.95,5
SOLIDARIEDADE,2022,8,2022-08,491,178879,Lucas Vergilio,16014.68,6
SOLIDARIEDADE,2022,8,2022-08,571,204428,Marília Arraes,14356.80,7
SOLIDARIEDADE,2022,8,2022-08,75,160512,Aureo Ribeiro,2509.86,8
SOLIDARIEDADE,2022,9,2022-09,95,204551,Bosco Saraiva,30213.24,1
SOLIDARIEDADE,2022,9,2022-09,639,204475,Ottaci Nascimento,27214.33,2
SOLIDARIEDADE,2022,9,2022-09,491,178879,Lucas Vergilio,21900.00,3
SOLIDARIEDADE,2022,9,2022-09,520,204418,Luizão Goulart,20774.67,4
SOLIDARIEDADE,2022,9,2022-09,654,141518,Paulinho Da Força,17129.85,5
SOLIDARIEDADE,2022,9,2022-09,571,204428,Marília Arraes,10965.00,6
SOLIDARIEDADE,2022,9,2022-09,878,160632,Zé Silva,8532.84,7
SOLIDARIEDADE,2022,9,2022-09,75,160512,Aureo Ribeiro,5038.41,8
SOLIDARIEDADE,2022,10,2022-10,95,204551,Bosco Saraiva,52761.65,1
SOLIDARIEDADE,2022,10,2022-10,654,141518,Paulinho Da Força,40252.58,2
SOLIDARIEDADE,2022,10,2022-10,491,178879,Lucas Vergilio,24063.67,3
SOLIDARIEDADE,2022,10,2022-10,639,204475,Ottaci Nascimento,23435.65,4
SOLIDARIEDADE,2022,10,2022-10,75,160512,Aureo Ribeiro,22622.51,5
SOLIDARIEDADE,2022,10,2022-10,520,204418,Luizão Goulart,20311.10,6
SOLIDARIEDADE,2022,10,2022-10,571,204428,Marília Arraes,16230.82,7
SOLIDARIEDADE,2022,10,2022-10,878,160632,Zé Silva,14790.60,8
SOLIDARIEDADE,2022,11,2022-11,95,204551,Bosco Saraiva,51806.71,1
SOLIDARIEDADE,2022,11,2022-11,520,204418,Luizão Goulart,47965.21,2
SOLIDARIEDADE,2022,11,2022-11,654,141518,Paulinho Da Força,41473.77,3
SOLIDARIEDADE,2022,11,2022-11,878,160632,Zé Silva,40889.51,4
SOLIDARIEDADE,2022,11,2022-11,75,160512,Aureo Ribeiro,38836.98,5
SOLIDARIEDADE,2022,11,2022-11,491,178879,Lucas Vergilio,33738.43,6
SOLIDARIEDADE,2022,11,2022-11,639,204475,Ottaci Nascimento,29756.61,7
SOLIDARIEDADE,2022,11,2022-11,571,204428,Marília Arraes,24518.89,8
SOLIDARIEDADE,2022,12,2022-12,571,204428,Marília Arraes,146206.67,1
SOLIDARIEDADE,2022,12,2022-12,639,204475,Ottaci Nascimento,101817.42,2
SOLIDARIEDADE,2022,12,2022-12,75,160512,Aureo Ribeiro,89690.29,3
SOLIDARIEDADE,2022,12,2022-12,878,160632,Zé Silva,58325.44,4
SOLIDARIEDADE,2022,12,2022-12,520,204418,Luizão Goulart,46116.22,5
SOLIDARIEDADE,2022,12,2022-12,654,141518,Paulinho Da Força,41804.70,6
SOLIDARIEDADE,2022,12,2022-12,491,178879,Lucas Vergilio,39433.15,7
SOLIDARIEDADE,2022,12,2022-12,95,204551,Bosco Saraiva,29832.11,8
SOLIDARIEDADE,2023,1,2023-01,491,178879,Lucas Vergilio,79655.96,1
SOLIDARIEDADE,2023,1,2023-01,75,160512,Aureo Ribeiro,67737.61,2
SOLIDARIEDADE,2023,1,2023-01,639,204475,Ottaci Nascimento,46184.59,3
SOLIDARIEDADE,2023,1,2023-01,95,204551,Bosco Saraiva,42914.20,4
SOLIDARIEDADE,2023,1,2023-01,520,204418,Luizão Goulart,37122.07,5
SOLIDARIEDADE,2023,1,2023-01,654,141518,Paulinho Da Força,36156.00,6
SOLIDARIEDADE,2023,1,2023-01,571,204428,Marília Arraes,34880.35,7
SOLIDARIEDADE,2023,1,2023-01,803,168175,Simplício Araújo,26820.86,8
SOLIDARIEDADE,2023,1,2023-01,878,160632,Zé Silva,10288.03,9
SOLIDARIEDADE,2023,2,2023-02,75,160512,Aureo Ribeiro,22657.22,1
SOLIDARIEDADE,2023,2,2023-02,878,160632,Zé Silva,19223.67,2
SOLIDARIEDADE,2023,2,2023-02,601,220687,Márcio Honaiser,13387.66,3
SOLIDARIEDADE,2023,2,2023-02,255,220589,Eduardo Velloso,9568.91,4
SOLIDARIEDADE,2023,2,2023-02,862,160518,Weliton Prado,6292.50,5
SOLIDARIEDADE,2023,2,2023-02,491,178879,Lucas Vergilio,4900.00,6
SOLIDARIEDADE,2023,2,2023-02,520,204418,Luizão Goulart,117.90,7
SOLIDARIEDADE,2023,3,2023-03,75,160512,Aureo Ribeiro,40802.29,1
SOLIDARIEDADE,2023,3,2023-03,601,220687,Márcio Honaiser,32764.50,2
SOLIDARIEDADE,2023,3,2023-03,255,220589,Eduardo Velloso,31353.34,3
SOLIDARIEDADE,2023,3,2023-03,862,160518,Weliton Prado,20199.78,4
SOLIDARIEDADE,2023,4,2023-04,601,220687,Márcio Honaiser,44906.56,1
SOLIDARIEDADE,2023,4,2023-04,255,220589,Eduardo Velloso,32020.88,2
SOLIDARIEDADE,2023,4,2023-04,75,160512,Aureo Ribeiro,25314.13,3
SOLIDARIEDADE,2023,4,2023-04,862,160518,Weliton Prado,17270.03,4
SOLIDARIEDADE,2023,5,2023-05,75,160512,Aureo Ribeiro,86017.97,1
SOLIDARIEDADE,2023,5,2023-05,601,220687,Márcio Honaiser,41179.55,2
SOLIDARIEDADE,2023,5,2023-05,862,160518,Weliton Prado,31829.87,3
SOLIDARIEDADE,2023,5,2023-05,255,220589,Eduardo Velloso,17162.03,4
SOLIDARIEDADE,2023,6,2023-06,255,220589,Eduardo Velloso,56356.05,1
SOLIDARIEDADE,2023,6,2023-06,601,220687,Márcio Honaiser,35461.24,2
SOLIDARIEDADE,2023,6,2023-06,75,160512,Aureo Ribeiro,21408.90,3
SOLIDARIEDADE,2023,6,2023-06,862,160518,Weliton Prado,15952.57,4
SOLIDARIEDADE,2023,7,2023-07,862,160518,Weliton Prado,48707.24,1
SOLIDARIEDADE,2023,7,2023-07,601,220687,Márcio Honaiser,30320.21,2
SOLIDARIEDADE,2023,7,2023-07,255,220589,Eduardo Velloso,22339.50,3
SOLIDARIEDADE,2023,7,2023-07,75,160512,Aureo Ribeiro,18575.35,4
SOLIDARIEDADE,2023,8,2023-08,862,160518,Weliton Prado,111391.76,1
SOLIDARIEDADE,2023,8,2023-08,255,220589,Eduardo Velloso,75084.78,2
SOLIDARIEDADE,2023,8,2023-08,601,220687,Márcio Honaiser,38372.78,3
SOLIDARIEDADE,2023,8,2023-08,75,160512,Aureo Ribeiro,35242.52,4
SOLIDARIEDADE,2023,9,2023-09,862,160518,Weliton Prado,54897.44,1
SOLIDARIEDADE,2023,9,2023-09,75,160512,Aureo Ribeiro,38475.22,2
SOLIDARIEDADE,2023,9,2023-09,601,220687,Márcio Honaiser,32563.82,3
SOLIDARIEDADE,2023,9,2023-09,255,220589,Eduardo Velloso,32050.22,4
SOLIDARIEDADE,2023,10,2023-10,255,220589,Eduardo Velloso,64991.46,1
SOLIDARIEDADE,2023,10,2023-10,75,160512,Aureo Ribeiro,32156.28,2
SOLIDARIEDADE,2023,10,2023-10,601,220687,Márcio Honaiser,31103.72,3
SOLIDARIEDADE,2023,10,2023-10,862,160518,Weliton Prado,14476.60,4
SOLIDARIEDADE,2023,11,2023-11,255,220589,Eduardo Velloso,189022.44,1
SOLIDARIEDADE,2023,11,2023-11,601,220687,Márcio Honaiser,90197.72,2
SOLIDARIEDADE,2023,11,2023-11,75,160512,Aureo Ribeiro,18395.00,3
SOLIDARIEDADE,2023,11,2023-11,862,160518,Weliton Prado,9467.96,4
SOLIDARIEDADE,2023,12,2023-12,862,160518,Weliton Prado,92892.84,1
SOLIDARIEDADE,2023,12,2023-12,601,220687,Márcio Honaiser,48567.97,2
SOLIDARIEDADE,2023,12,2023-12,255,220589,Eduardo Velloso,42985.29,3
SOLIDARIEDADE,2023,12,2023-12,75,160512,Aureo Ribeiro,38370.01,4
SOLIDARIEDADE,2023,12,2023-12,866,182146,Wolmer Araújo,12587.83,5
SOLIDARIEDADE,2023,12,2023-12,654,141518,Paulinho Da Força,9782.52,6
SOLIDARIEDADE,2024,1,2024-01,75,160512,Aureo Ribeiro,113183.28,1
SOLIDARIEDADE,2024,1,2024-01,862,160518,Weliton Prado,37918.71,2
SOLIDARIEDADE,2024,1,2024-01,654,141518,Paulinho Da Força,28515.93,3
SOLIDARIEDADE,2024,1,2024-01,866,182146,Wolmer Araújo,23632.84,4
SOLIDARIEDADE,2024,1,2024-01,601,220687,Márcio Honaiser,22455.77,5
SOLIDARIEDADE,2024,1,2024-01,255,220589,Eduardo Velloso,643.74,6
SOLIDARIEDADE,2024,2,2024-02,601,220687,Márcio Honaiser,40221.41,1
SOLIDARIEDADE,2024,2,2024-02,866,182146,Wolmer Araújo,31306.71,2
SOLIDARIEDADE,2024,2,2024-02,862,160518,Weliton Prado,26561.71,3
SOLIDARIEDADE,2024,2,2024-02,75,160512,Aureo Ribeiro,21121.81,4
SOLIDARIEDADE,2024,2,2024-02,654,141518,Paulinho Da Força,19602.61,5
SOLIDARIEDADE,2024,3,2024-03,866,182146,Wolmer Araújo,110299.70,1
SOLIDARIEDADE,2024,3,2024-03,862,160518,Weliton Prado,60045.83,2
SOLIDARIEDADE,2024,3,2024-03,601,220687,Márcio Honaiser,52657.62,3
SOLIDARIEDADE,2024,3,2024-03,654,141518,Paulinho Da Força,29099.17,4
SOLIDARIEDADE,2024,3,2024-03,75,160512,Aureo Ribeiro,28548.32,5
SOLIDARIEDADE,2024,4,2024-04,862,160518,Weliton Prado,67216.50,1
SOLIDARIEDADE,2024,4,2024-04,601,220687,Márcio Honaiser,56281.11,2
SOLIDARIEDADE,2024,4,2024-04,75,160512,Aureo Ribeiro,27208.18,3
SOLIDARIEDADE,2024,4,2024-04,255,220589,Eduardo Velloso,26485.19,4
SOLIDARIEDADE,2024,4,2024-04,866,182146,Wolmer Araújo,20761.62,5
SOLIDARIEDADE,2024,4,2024-04,484,171139,Loreny,20538.73,6
SOLIDARIEDADE,2024,4,2024-04,654,141518,Paulinho Da Força,4819.08,7
SOLIDARIEDADE,2024,5,2024-05,601,220687,Márcio Honaiser,55027.27,1
SOLIDARIEDADE,2024,5,2024-05,75,160512,Aureo Ribeiro,37169.39,2
SOLIDARIEDADE,2024,5,2024-05,862,160518,Weliton Prado,28244.74,3
SOLIDARIEDADE,2024,5,2024-05,484,171139,Loreny,21526.14,4
SOLIDARIEDADE,2024,5,2024-05,255,220589,Eduardo Velloso,20575.69,5
SOLIDARIEDADE,2024,6,2024-06,255,220589,Eduardo Velloso,64471.94,1
SOLIDARIEDADE,2024,6,2024-06,601,220687,Márcio Honaiser,38338.86,2
SOLIDARIEDADE,2024,6,2024-06,862,160518,Weliton Prado,31347.53,3
SOLIDARIEDADE,2024,6,2024-06,75,160512,Aureo Ribeiro,28317.32,4
SOLIDARIEDADE,2024,6,2024-06,484,171139,Loreny,18990.95,5
SOLIDARIEDADE,2024,7,2024-07,255,220589,Eduardo Velloso,53583.73,1
SOLIDARIEDADE,2024,7,2024-07,862,160518,Weliton Prado,29734.92,2
SOLIDARIEDADE,2024,7,2024-07,75,160512,Aureo Ribeiro,29677.18,3
SOLIDARIEDADE,2024,7,2024-07,484,171139,Loreny,3687.11,4
SOLIDARIEDADE,2024,7,2024-07,654,141518,Paulinho Da Força,506.56,5
SOLIDARIEDADE,2024,8,2024-08,862,160518,Weliton Prado,63632.42,1
SOLIDARIEDADE,2024,8,2024-08,255,220589,Eduardo Velloso,51012.43,2
SOLIDARIEDADE,2024,8,2024-08,75,160512,Aureo Ribeiro,22858.83,3
SOLIDARIEDADE,2024,8,2024-08,654,141518,Paulinho Da Força,13310.92,4
SOLIDARIEDADE,2024,8,2024-08,601,220687,Márcio Honaiser,-2493.24,5
SOLIDARIEDADE,2024,9,2024-09,862,160518,Weliton Prado,101820.72,1
SOLIDARIEDADE,2024,9,2024-09,255,220589,Eduardo Velloso,63575.37,2
SOLIDARIEDADE,2024,9,2024-09,654,141518,Paulinho Da Força,15934.85,3
SOLIDARIEDADE,2024,9,2024-09,75,160512,Aureo Ribeiro,12142.86,4
SOLIDARIEDADE,2024,9,2024-09,601,220687,Márcio Honaiser,602.62,5
SOLIDARIEDADE,2024,10,2024-10,75,160512,Aureo Ribeiro,76612.26,1
SOLIDARIEDADE,2024,10,2024-10,255,220589,Eduardo Velloso,41606.18,2
SOLIDARIEDADE,2024,10,2024-10,654,141518,Paulinho Da Força,21832.54,3
SOLIDARIEDADE,2024,10,2024-10,601,220687,Márcio Honaiser,20058.62,4
SOLIDARIEDADE,2024,10,2024-10,862,160518,Weliton Prado,13286.33,5
SOLIDARIEDADE,2024,11,2024-11,255,220589,Eduardo Velloso,66360.67,1
SOLIDARIEDADE,2024,11,2024-11,75,160512,Aureo Ribeiro,52084.86,2
SOLIDARIEDADE,2024,11,2024-11,654,141518,Paulinho Da Força,38966.19,3
SOLIDARIEDADE,2024,11,2024-11,601,220687,Márcio Honaiser,33999.79,4
SOLIDARIEDADE,2024,11,2024-11,862,160518,Weliton Prado,19081.55,5
SOLIDARIEDADE,2024,12,2024-12,75,160512,Aureo Ribeiro,101763.95,1
SOLIDARIEDADE,2024,12,2024-12,255,220589,Eduardo Velloso,56672.49,2
SOLIDARIEDADE,2024,12,2024-12,862,160518,Weliton Prado,51369.47,3
SOLIDARIEDADE,2024,12,2024-12,601,220687,Márcio Honaiser,42166.56,4
SOLIDARIEDADE,2024,12,2024-12,654,141518,Paulinho Da Força,28471.06,5
SOLIDARIEDADE,2025,1,2025-01,75,160512,Aureo Ribeiro,59615.94,1
SOLIDARIEDADE,2025,1,2025-01,654,141518,Paulinho Da Força,37990.59,2
SOLIDARIEDADE,2025,1,2025-01,601,220687,Márcio Honaiser,32964.47,3
SOLIDARIEDADE,2025,1,2025-01,255,220589,Eduardo Velloso,26365.55,4
SOLIDARIEDADE,2025,1,2025-01,862,160518,Weliton Prado,16709.90,5
SOLIDARIEDADE,2025,2,2025-02,601,220687,Márcio Honaiser,49975.51,1
SOLIDARIEDADE,2025,2,2025-02,255,220589,Eduardo Velloso,48624.47,2
SOLIDARIEDADE,2025,2,2025-02,654,141518,Paulinho Da Força,46558.80,3
SOLIDARIEDADE,2025,2,2025-02,75,160512,Aureo Ribeiro,28454.32,4
SOLIDARIEDADE,2025,2,2025-02,862,160518,Weliton Prado,17831.62,5
SOLIDARIEDADE,2025,3,2025-03,255,220589,Eduardo Velloso,51654.86,1
SOLIDARIEDADE,2025,3,2025-03,654,141518,Paulinho Da Força,46403.33,2
SOLIDARIEDADE,2025,3,2025-03,601,220687,Márcio Honaiser,43735.44,3
SOLIDARIEDADE,2025,3,2025-03,862,160518,Weliton Prado,39977.42,4
SOLIDARIEDADE,2025,3,2025-03,75,160512,Aureo Ribeiro,33909.67,5
SOLIDARIEDADE,2025,4,2025-04,75,160512,Aureo Ribeiro,99673.04,1
SOLIDARIEDADE,2025,4,2025-04,601,220687,Márcio Honaiser,52671.74,2
SOLIDARIEDADE,2025,4,2025-04,255,220589,Eduardo Velloso,43620.60,3
SOLIDARIEDADE,2025,4,2025-04,862,160518,Weliton Prado,34629.75,4
SOLIDARIEDADE,2025,4,2025-04,654,141518,Paulinho Da Força,21469.76,5
SOLIDARIEDADE,2025,5,2025-05,654,141518,Paulinho Da Força,68367.27,1
SOLIDARIEDADE,2025,5,2025-05,601,220687,Márcio Honaiser,55636.28,2
SOLIDARIEDADE,2025,5,2025-05,255,220589,Eduardo Velloso,48913.04,3
SOLIDARIEDADE,2025,5,2025-05,75,160512,Aureo Ribeiro,41458.86,4
SOLIDARIEDADE,2025,5,2025-05,862,160518,Weliton Prado,35639.49,5
SOLIDARIEDADE,2025,6,2025-06,601,220687,Márcio Honaiser,57137.57,1
SOLIDARIEDADE,2025,6,2025-06,654,141518,Paulinho Da Força,38769.12,2
SOLIDARIEDADE,2025,6,2025-06,862,160518,Weliton Prado,36379.60,3
SOLIDARIEDADE,2025,6,2025-06,75,160512,Aureo Ribeiro,33255.77,4
SOLIDARIEDADE,2025,6,2025-06,255,220589,Eduardo Velloso,28463.46,5
SOLIDARIEDADE,2025,7,2025-07,862,160518,Weliton Prado,54767.33,1
SOLIDARIEDADE,2025,7,2025-07,255,220589,Eduardo Velloso,48184.38,2
SOLIDARIEDADE,2025,7,2025-07,75,160512,Aureo Ribeiro,33710.47,3
SOLIDARIEDADE,2025,7,2025-07,654,141518,Paulinho Da Força,30352.63,4
SOLIDARIEDADE,2025,7,2025-07,601,220687,Márcio Honaiser,30063.99,5
SOLIDARIEDADE,2025,8,2025-08,862,160518,Weliton Prado,58473.85,1
SOLIDARIEDADE,2025,8,2025-08,255,220589,Eduardo Velloso,40285.92,2
SOLIDARIEDADE,2025,8,2025-08,601,220687,Márcio Honaiser,32047.54,3
SOLIDARIEDADE,2025,8,2025-08,75,160512,Aureo Ribeiro,11113.49,4
SOLIDARIEDADE,2025,8,2025-08,654,141518,Paulinho Da Força,8698.66,5
SOLIDARIEDADE,2025,9,2025-09,654,141518,Paulinho Da Força,55456.48,1
SOLIDARIEDADE,2025,9,2025-09,255,220589,Eduardo Velloso,35109.64,2
SOLIDARIEDADE,2025,9,2025-09,862,160518,Weliton Prado,32152.59,3
SOLIDARIEDADE,2025,9,2025-09,601,220687,Márcio Honaiser,29166.66,4
SOLIDARIEDADE,2025,9,2025-09,75,160512,Aureo Ribeiro,5743.47,5
SOLIDARIEDADE,2025,10,2025-10,255,220589,Eduardo Velloso,53602.00,1
SOLIDARIEDADE,2025,10,2025-10,601,220687,Márcio Honaiser,45288.46,2
SOLIDARIEDADE,2025,10,2025-10,862,160518,Weliton Prado,32783.20,3
SOLIDARIEDADE,2025,10,2025-10,654,141518,Paulinho Da Força,31192.01,4
SOLIDARIEDADE,2025,10,2025-10,75,160512,Aureo Ribeiro,13359.00,5
SOLIDARIEDADE,2025,11,2025-11,255,220589,Eduardo Velloso,80229.92,1
SOLIDARIEDADE,2025,11,2025-11,862,160518,Weliton Prado,48546.55,2
SOLIDARIEDADE,2025,11,2025-11,601,220687,Márcio Honaiser,31553.47,3
SOLIDARIEDADE,2025,11,2025-11,654,141518,Paulinho Da Força,28799.62,4
SOLIDARIEDADE,2025,11,2025-11,75,160512,Aureo Ribeiro,3150.00,5
SOLIDARIEDADE,2025,12,2025-12,601,220687,Márcio Honaiser,86027.95,1
SOLIDARIEDADE,2025,12,2025-12,862,160518,Weliton Prado,56470.74,2
SOLIDARIEDADE,2025,12,2025-12,255,220589,Eduardo Velloso,49349.78,3
SOLIDARIEDADE,2025,12,2025-12,75,160512,Aureo Ribeiro,35261.50,4
SOLIDARIEDADE,2025,12,2025-12,843,234673,Vanderlan Alves,33138.53,5
SOLIDARIEDADE,2025,12,2025-12,654,141518,Paulinho Da Força,27864.41,6
SOLIDARIEDADE,2026,1,2026-01,654,141518,Paulinho Da Força,28398.86,1
SOLIDARIEDADE,2026,1,2026-01,255,220589,Eduardo Velloso,27612.81,2
SOLIDARIEDADE,2026,1,2026-01,843,234673,Vanderlan Alves,21042.11,3
SOLIDARIEDADE,2026,1,2026-01,601,220687,Márcio Honaiser,18951.70,4
SOLIDARIEDADE,2026,1,2026-01,862,160518,Weliton Prado,17213.26,5
SOLIDARIEDADE,2026,1,2026-01,75,160512,Aureo Ribeiro,3424.50,6
SOLIDARIEDADE,2026,2,2026-02,255,220589,Eduardo Velloso,69259.84,1
SOLIDARIEDADE,2026,2,2026-02,843,234673,Vanderlan Alves,39607.99,2
SOLIDARIEDADE,2026,2,2026-02,862,160518,Weliton Prado,29309.87,3
SOLIDARIEDADE,2026,2,2026-02,601,220687,Márcio Honaiser,22013.39,4
SOLIDARIEDADE,2026,2,2026-02,75,160512,Aureo Ribeiro,18488.13,5
SOLIDARIEDADE,2026,2,2026-02,726,235088,Ribeiro Neto,8826.66,6
SOLIDARIEDADE,2026,2,2026-02,654,141518,Paulinho Da Força,8029.65,7
SOLIDARIEDADE,2026,3,2026-03,726,235088,Ribeiro Neto,56146.86,1
SOLIDARIEDADE,2026,3,2026-03,255,220589,Eduardo Velloso,54809.00,2
SOLIDARIEDADE,2026,3,2026-03,843,234673,Vanderlan Alves,52758.92,3
SOLIDARIEDADE,2026,3,2026-03,654,141518,Paulinho Da Força,49231.01,4
SOLIDARIEDADE,2026,3,2026-03,862,160518,Weliton Prado,27968.93,5
SOLIDARIEDADE,2026,3,2026-03,601,220687,Márcio Honaiser,26790.70,6
SOLIDARIEDADE,2026,3,2026-03,75,160512,Aureo Ribeiro,8499.73,7
SOLIDARIEDADE,2026,4,2026-04,726,235088,Ribeiro Neto,45747.90,1
SOLIDARIEDADE,2026,4,2026-04,255,220589,Eduardo Velloso,36167.81,2
SOLIDARIEDADE,2026,4,2026-04,862,160518,Weliton Prado,26146.72,3
SOLIDARIEDADE,2026,4,2026-04,601,220687,Márcio Honaiser,26136.48,4
SOLIDARIEDADE,2026,4,2026-04,75,160512,Aureo Ribeiro,13741.68,5
SOLIDARIEDADE,2026,4,2026-04,843,234673,Vanderlan Alves,1274.51,6
SOLIDARIEDADE,2026,4,2026-04,654,141518,Paulinho Da Força,1225.06,7
UNIÃO,,,,433,74554,José Rocha,19484.60,1
UNIÃO,,,,117,178993,Carlos Henrique Gaguim,18818.66,2
UNIÃO,,,,425,215043,Josivaldo Jp,17002.60,3
UNIÃO,,,,658,178860,Paulo Azi,15944.89,4
UNIÃO,,,,645,180214,Pastor Diniz,15175.78,5
UNIÃO,,,,595,178997,Moses Rodrigues,15155.24,6
UNIÃO,,,,374,220672,Henderson Pinto,15126.41,7
UNIÃO,,,,478,92102,Leur Lomanto Júnior,13611.32,8
UNIÃO,,,,266,178854,Elmar Nascimento,13550.61,9
UNIÃO,,,,710,220626,Rafael Simoes,12309.88,10
UNIÃO,2021,11,2021-11,453,178886,Juscelino Filho,3223.00,1
UNIÃO,2021,11,2021-11,294,204371,Felipe Rigoni,1000.00,2
UNIÃO,2021,12,2021-12,190,204451,Delegado Antônio Furtado,6476.90,1
UNIÃO,2021,12,2021-12,91,141513,Bilac Pinto,5115.71,2
UNIÃO,2021,12,2021-12,197,204569,Delegado Pablo,3750.00,3
UNIÃO,2021,12,2021-12,117,178993,Carlos Henrique Gaguim,2305.66,4
UNIÃO,2021,12,2021-12,389,204564,Igor Kannário,709.78,5
UNIÃO,2021,12,2021-12,266,178854,Elmar Nascimento,321.26,6
UNIÃO,2021,12,2021-12,294,204371,Felipe Rigoni,203.70,7
UNIÃO,2021,12,2021-12,749,141531,Rodrigo De Castro,125.36,8
UNIÃO,2021,12,2021-12,235,204412,Dr. Zacharias Calil,76.21,9
UNIÃO,2022,1,2022-01,110,204487,Capitão Wagner,44464.01,1
UNIÃO,2022,1,2022-01,368,204548,Heitor Freire,44456.72,2
UNIÃO,2022,1,2022-01,294,204371,Felipe Rigoni,42000.81,3
UNIÃO,2022,1,2022-01,318,68720,Fábio Henrique,40922.99,4
UNIÃO,2022,1,2022-01,444,204420,Julian Lemos,38644.26,5
UNIÃO,2022,1,2022-01,91,141513,Bilac Pinto,38146.33,6
UNIÃO,2022,1,2022-01,72,160600,Arthur Oliveira Maia,37615.38,7
UNIÃO,2022,1,2022-01,595,178997,Moses Rodrigues,36981.28,8
UNIÃO,2022,1,2022-01,681,122974,Pedro Lucas Fernandes,35004.01,9
UNIÃO,2022,1,2022-01,386,178909,Hélio Leite,34350.96,10
UNIÃO,2022,2,2022-02,180,62881,Danilo Forte,81404.59,1
UNIÃO,2022,2,2022-02,453,178886,Juscelino Filho,58631.71,2
UNIÃO,2022,2,2022-02,30,160545,Alexandre Leite,58077.66,3
UNIÃO,2022,2,2022-02,117,178993,Carlos Henrique Gaguim,54075.68,4
UNIÃO,2022,2,2022-02,293,204398,Felipe Francischini,52849.94,5
UNIÃO,2022,2,2022-02,333,204527,Geninho Zuliani,47670.36,6
UNIÃO,2022,2,2022-02,681,122974,Pedro Lucas Fernandes,46334.80,7
UNIÃO,2022,2,2022-02,195,204512,Delegado Marcelo Freitas,46220.35,8
UNIÃO,2022,2,2022-02,17,178836,Alan Rick,45353.56,9
UNIÃO,2022,2,2022-02,110,204487,Capitão Wagner,45022.91,10
UNIÃO,2022,3,2022-03,621,204479,Nicoletti,87244.12,1
UNIÃO,2022,3,2022-03,2,204521,Abou Anni,69965.75,2
UNIÃO,2022,3,2022-03,197,204569,Delegado Pablo,67885.33,3
UNIÃO,2022,3,2022-03,389,204564,Igor Kannário,65099.98,4
UNIÃO,2022,3,2022-03,256,141422,Efraim Filho,60706.91,5
UNIÃO,2022,3,2022-03,299,141431,Fernando Coelho Filho,59434.66,6
UNIÃO,2022,3,2022-03,135,204476,Chiquinho Brazão,59005.83,7
UNIÃO,2022,3,2022-03,368,204548,Heitor Freire,57901.95,8
UNIÃO,2022,3,2022-03,166,74467,Damião Feliciano,57207.21,9
UNIÃO,2022,3,2022-03,318,68720,Fábio Henrique,56179.34,10
UNIÃO,2022,4,2022-04,2,204521,Abou Anni,68496.08,1
UNIÃO,2022,4,2022-04,287,204368,Fabio Schiochet,63791.10,2
UNIÃO,2022,4,2022-04,266,178854,Elmar Nascimento,60305.20,3
UNIÃO,2022,4,2022-04,260,160532,Eli Corrêa Filho,57681.00,4
UNIÃO,2022,4,2022-04,610,218879,Nelho Bezerra,55788.65,5
UNIÃO,2022,4,2022-04,444,204420,Julian Lemos,54292.38,6
UNIÃO,2022,4,2022-04,17,178836,Alan Rick,54113.62,7
UNIÃO,2022,4,2022-04,595,178997,Moses Rodrigues,53864.67,8
UNIÃO,2022,4,2022-04,658,178860,Paulo Azi,53604.86,9
UNIÃO,2022,4,2022-04,166,74467,Damião Feliciano,53245.15,10
UNIÃO,2022,5,2022-05,180,62881,Danilo Forte,84414.57,1
UNIÃO,2022,5,2022-05,838,195866,Vaidon Oliveira,84081.78,2
UNIÃO,2022,5,2022-05,2,204521,Abou Anni,83200.33,3
UNIÃO,2022,5,2022-05,386,178909,Hélio Leite,79622.12,4
UNIÃO,2022,5,2022-05,17,178836,Alan Rick,71072.50,5
UNIÃO,2022,5,2022-05,177,204459,Daniela Do Waguinho,64322.48,6
UNIÃO,2022,5,2022-05,853,204478,Vinicius Farah,63571.32,7
UNIÃO,2022,5,2022-05,260,160532,Eli Corrêa Filho,61430.47,8
UNIÃO,2022,5,2022-05,318,68720,Fábio Henrique,60764.11,9
UNIÃO,2022,5,2022-05,293,204398,Felipe Francischini,59978.24,10
UNIÃO,2022,6,2022-06,180,62881,Danilo Forte,68438.97,1
UNIÃO,2022,6,2022-06,197,204569,Delegado Pablo,63518.81,2
UNIÃO,2022,6,2022-06,453,178886,Juscelino Filho,59009.10,3
UNIÃO,2022,6,2022-06,318,68720,Fábio Henrique,58053.14,4
UNIÃO,2022,6,2022-06,299,141431,Fernando Coelho Filho,54180.05,5
UNIÃO,2022,6,2022-06,139,178939,Clarissa Garotinho,53349.11,6
UNIÃO,2022,6,2022-06,621,204479,Nicoletti,52448.43,7
UNIÃO,2022,6,2022-06,72,160600,Arthur Oliveira Maia,51506.67,8
UNIÃO,2022,6,2022-06,129,204496,Celso Sabino,48489.75,9
UNIÃO,2022,6,2022-06,266,178854,Elmar Nascimento,47055.58,10
UNIÃO,2022,7,2022-07,643,74319,Paes Landim,58183.56,1
UNIÃO,2022,7,2022-07,368,204548,Heitor Freire,53593.41,2
UNIÃO,2022,7,2022-07,681,122974,Pedro Lucas Fernandes,48955.98,3
UNIÃO,2022,7,2022-07,72,160600,Arthur Oliveira Maia,46162.11,4
UNIÃO,2022,7,2022-07,433,74554,José Rocha,43381.00,5
UNIÃO,2022,7,2022-07,266,178854,Elmar Nascimento,42051.24,6
UNIÃO,2022,7,2022-07,463,204536,Kim Kataguiri,39399.66,7
UNIÃO,2022,7,2022-07,96,204502,Bozzella,38818.19,8
UNIÃO,2022,7,2022-07,30,160545,Alexandre Leite,38508.52,9
UNIÃO,2022,7,2022-07,620,204384,Ney Leprevost,38295.88,10
UNIÃO,2022,8,2022-08,221,213854,Dr. Agripino Magalhães,56570.87,1
UNIÃO,2022,8,2022-08,266,178854,Elmar Nascimento,47480.39,2
UNIÃO,2022,8,2022-08,453,178886,Juscelino Filho,44267.94,3
UNIÃO,2022,8,2022-08,478,92102,Leur Lomanto Júnior,43357.56,4
UNIÃO,2022,8,2022-08,318,68720,Fábio Henrique,43333.65,5
UNIÃO,2022,8,2022-08,72,160600,Arthur Oliveira Maia,41779.87,6
UNIÃO,2022,8,2022-08,433,74554,José Rocha,38054.49,7
UNIÃO,2022,8,2022-08,91,141513,Bilac Pinto,37885.63,8
UNIÃO,2022,8,2022-08,82,109429,Benes Leocádio,32607.75,9
UNIÃO,2022,8,2022-08,287,204368,Fabio Schiochet,31132.23,10
UNIÃO,2022,9,2022-09,221,213854,Dr. Agripino Magalhães,51837.07,1
UNIÃO,2022,9,2022-09,197,204569,Delegado Pablo,49056.81,2
UNIÃO,2022,9,2022-09,453,178886,Juscelino Filho,36700.97,3
UNIÃO,2022,9,2022-09,368,204548,Heitor Freire,35551.10,4
UNIÃO,2022,9,2022-09,433,74554,José Rocha,34690.27,5
UNIÃO,2022,9,2022-09,91,141513,Bilac Pinto,34167.09,6
UNIÃO,2022,9,2022-09,478,92102,Leur Lomanto Júnior,25966.20,7
UNIÃO,2022,9,2022-09,96,204502,Bozzella,25084.13,8
UNIÃO,2022,9,2022-09,681,122974,Pedro Lucas Fernandes,24271.73,9
UNIÃO,2022,9,2022-09,266,178854,Elmar Nascimento,23473.78,10
UNIÃO,2022,10,2022-10,853,204478,Vinicius Farah,90730.20,1
UNIÃO,2022,10,2022-10,368,204548,Heitor Freire,89408.83,2
UNIÃO,2022,10,2022-10,450,204457,Juninho Do Pneu,77665.29,3
UNIÃO,2022,10,2022-10,620,204384,Ney Leprevost,75335.50,4
UNIÃO,2022,10,2022-10,266,178854,Elmar Nascimento,60987.04,5
UNIÃO,2022,10,2022-10,389,204564,Igor Kannário,55012.35,6
UNIÃO,2022,10,2022-10,444,204420,Julian Lemos,53357.59,7
UNIÃO,2022,10,2022-10,72,160600,Arthur Oliveira Maia,53012.26,8
UNIÃO,2022,10,2022-10,135,204476,Chiquinho Brazão,49880.98,9
UNIÃO,2022,10,2022-10,453,178886,Juscelino Filho,47854.14,10
UNIÃO,2022,11,2022-11,700,204565,Professora Dayane Pimentel,170189.72,1
UNIÃO,2022,11,2022-11,201,164359,Delegado Waldir,168173.53,2
UNIÃO,2022,11,2022-11,166,74467,Damião Feliciano,154799.58,3
UNIÃO,2022,11,2022-11,110,204487,Capitão Wagner,111049.19,4
UNIÃO,2022,11,2022-11,112,213762,Carla Dickson,99499.40,5
UNIÃO,2022,11,2022-11,444,204420,Julian Lemos,91301.66,6
UNIÃO,2022,11,2022-11,386,178909,Hélio Leite,88398.82,7
UNIÃO,2022,11,2022-11,256,141422,Efraim Filho,86528.90,8
UNIÃO,2022,11,2022-11,658,178860,Paulo Azi,76459.53,9
UNIÃO,2022,11,2022-11,389,204564,Igor Kannário,74565.00,10
UNIÃO,2022,12,2022-12,293,204398,Felipe Francischini,127670.19,1
UNIÃO,2022,12,2022-12,129,204496,Celso Sabino,114238.87,2
UNIÃO,2022,12,2022-12,112,213762,Carla Dickson,110403.75,3
UNIÃO,2022,12,2022-12,766,204357,Rose Modesto,98809.73,4
UNIÃO,2022,12,2022-12,256,141422,Efraim Filho,90455.16,5
UNIÃO,2022,12,2022-12,386,178909,Hélio Leite,76343.31,6
UNIÃO,2022,12,2022-12,700,204565,Professora Dayane Pimentel,75968.37,7
UNIÃO,2022,12,2022-12,658,178860,Paulo Azi,75852.38,8
UNIÃO,2022,12,2022-12,135,204476,Chiquinho Brazão,73035.82,9
UNIÃO,2022,12,2022-12,853,204478,Vinicius Farah,71101.79,10
UNIÃO,2023,1,2023-01,190,204451,Delegado Antônio Furtado,103283.29,1
UNIÃO,2023,1,2023-01,444,204420,Julian Lemos,94151.91,2
UNIÃO,2023,1,2023-01,201,164359,Delegado Waldir,66306.18,3
UNIÃO,2023,1,2023-01,110,204487,Capitão Wagner,56110.09,4
UNIÃO,2023,1,2023-01,389,204564,Igor Kannário,52564.47,5
UNIÃO,2023,1,2023-01,287,204368,Fabio Schiochet,50304.65,6
UNIÃO,2023,1,2023-01,17,178836,Alan Rick,49894.20,7
UNIÃO,2023,1,2023-01,701,160639,Professora Dorinha Seabra Rezende,49142.37,8
UNIÃO,2023,1,2023-01,82,109429,Benes Leocádio,43995.29,9
UNIÃO,2023,1,2023-01,368,204548,Heitor Freire,43672.26,10
UNIÃO,2023,2,2023-02,876,220536,Zé Haroldo Cathedral,57640.15,1
UNIÃO,2023,2,2023-02,478,92102,Leur Lomanto Júnior,50270.13,2
UNIÃO,2023,2,2023-02,72,160600,Arthur Oliveira Maia,50258.94,3
UNIÃO,2023,2,2023-02,826,220597,Thiago Flores,48323.01,4
UNIÃO,2023,2,2023-02,433,74554,José Rocha,45075.45,5
UNIÃO,2023,2,2023-02,470,220600,Lebrão,44899.11,6
UNIÃO,2023,2,2023-02,779,220631,Samuel Viana,43496.28,7
UNIÃO,2023,2,2023-02,222,221339,Dr. Benjamim,43123.33,8
UNIÃO,2023,2,2023-02,165,220692,Dal Barreto,42701.18,9
UNIÃO,2023,2,2023-02,429,204391,José Nelto,42337.08,10
UNIÃO,2023,3,2023-03,645,180214,Pastor Diniz,82747.62,1
UNIÃO,2023,3,2023-03,335,220702,Geraldo Mendes,80629.80,2
UNIÃO,2023,3,2023-03,666,220685,Paulo Litro,75735.71,3
UNIÃO,2023,3,2023-03,193,220649,Delegado Da Cunha,70940.19,4
UNIÃO,2023,3,2023-03,595,178997,Moses Rodrigues,66315.52,5
UNIÃO,2023,3,2023-03,336,74374,Geraldo Resende,63098.40,6
UNIÃO,2023,3,2023-03,876,220536,Zé Haroldo Cathedral,61670.74,7
UNIÃO,2023,3,2023-03,433,74554,José Rocha,61181.17,8
UNIÃO,2023,3,2023-03,290,66828,Fausto Pinato,60782.32,9
UNIÃO,2023,3,2023-03,222,221339,Dr. Benjamim,58013.94,10
UNIÃO,2023,4,2023-04,152,220590,Coronel Ulysses,70857.84,1
UNIÃO,2023,4,2023-04,710,220626,Rafael Simoes,59873.86,2
UNIÃO,2023,4,2023-04,289,220712,Fausto Jr.,54324.85,3
UNIÃO,2023,4,2023-04,433,74554,José Rocha,53134.56,4
UNIÃO,2023,4,2023-04,325,224117,Gabriel Mota,52871.35,5
UNIÃO,2023,4,2023-04,196,220701,Delegado Matheus Laiola,51620.61,6
UNIÃO,2023,4,2023-04,507,141485,Luiz Carlos Busato,50166.48,7
UNIÃO,2023,4,2023-04,666,220685,Paulo Litro,49626.68,8
UNIÃO,2023,4,2023-04,876,220536,Zé Haroldo Cathedral,47322.70,9
UNIÃO,2023,4,2023-04,779,220631,Samuel Viana,47202.26,10
UNIÃO,2023,5,2023-05,185,220659,Dayany Bittencourt,115413.14,1
UNIÃO,2023,5,2023-05,222,221339,Dr. Benjamim,108398.70,2
UNIÃO,2023,5,2023-05,72,160600,Arthur Oliveira Maia,72884.72,3
UNIÃO,2023,5,2023-05,289,220712,Fausto Jr.,68193.82,4
UNIÃO,2023,5,2023-05,433,74554,José Rocha,67407.55,5
UNIÃO,2023,5,2023-05,570,178843,Marx Beltrão,65001.69,6
UNIÃO,2023,5,2023-05,336,74374,Geraldo Resende,59613.37,7
UNIÃO,2023,5,2023-05,186,220539,Defensor Stélio Dener,58861.16,8
UNIÃO,2023,5,2023-05,586,220530,Messias Donato,58232.44,9
UNIÃO,2023,5,2023-05,658,178860,Paulo Azi,56673.08,10
UNIÃO,2023,6,2023-06,868,220564,Yandra Moura,88148.10,1
UNIÃO,2023,6,2023-06,425,215043,Josivaldo Jp,79924.47,2
UNIÃO,2023,6,2023-06,374,220672,Henderson Pinto,76599.46,3
UNIÃO,2023,6,2023-06,658,178860,Paulo Azi,75080.55,4
UNIÃO,2023,6,2023-06,289,220712,Fausto Jr.,70260.41,5
UNIÃO,2023,6,2023-06,186,220539,Defensor Stélio Dener,69383.03,6
UNIÃO,2023,6,2023-06,595,178997,Moses Rodrigues,67156.95,7
UNIÃO,2023,6,2023-06,470,220600,Lebrão,64210.94,8
UNIÃO,2023,6,2023-06,222,221339,Dr. Benjamim,59181.04,9
UNIÃO,2023,6,2023-06,336,74374,Geraldo Resende,57854.64,10
UNIÃO,2023,7,2023-07,152,220590,Coronel Ulysses,100678.12,1
UNIÃO,2023,7,2023-07,681,122974,Pedro Lucas Fernandes,82333.02,2
UNIÃO,2023,7,2023-07,336,74374,Geraldo Resende,62288.34,3
UNIÃO,2023,7,2023-07,658,178860,Paulo Azi,62227.19,4
UNIÃO,2023,7,2023-07,266,178854,Elmar Nascimento,60922.29,5
UNIÃO,2023,7,2023-07,779,220631,Samuel Viana,56015.64,6
UNIÃO,2023,7,2023-07,876,220536,Zé Haroldo Cathedral,54615.58,7
UNIÃO,2023,7,2023-07,595,178997,Moses Rodrigues,54136.89,8
UNIÃO,2023,7,2023-07,325,224117,Gabriel Mota,52218.51,9
UNIÃO,2023,7,2023-07,645,180214,Pastor Diniz,49486.14,10
UNIÃO,2023,8,2023-08,470,220600,Lebrão,114803.28,1
UNIÃO,2023,8,2023-08,185,220659,Dayany Bittencourt,104038.12,2
UNIÃO,2023,8,2023-08,186,220539,Defensor Stélio Dener,90147.68,3
UNIÃO,2023,8,2023-08,868,220564,Yandra Moura,80446.62,4
UNIÃO,2023,8,2023-08,335,220702,Geraldo Mendes,73956.69,5
UNIÃO,2023,8,2023-08,166,74467,Damião Feliciano,70449.64,6
UNIÃO,2023,8,2023-08,876,220536,Zé Haroldo Cathedral,68584.12,7
UNIÃO,2023,8,2023-08,655,220627,Paulinho Freire,67722.35,8
UNIÃO,2023,8,2023-08,193,220649,Delegado Da Cunha,66310.24,9
UNIÃO,2023,8,2023-08,826,220597,Thiago Flores,63750.09,10
UNIÃO,2023,9,2023-09,595,178997,Moses Rodrigues,103473.47,1
UNIÃO,2023,9,2023-09,209,178929,Diego Garcia,75517.21,2
UNIÃO,2023,9,2023-09,266,178854,Elmar Nascimento,66286.43,3
UNIÃO,2023,9,2023-09,335,220702,Geraldo Mendes,64604.46,4
UNIÃO,2023,9,2023-09,186,220539,Defensor Stélio Dener,61954.36,5
UNIÃO,2023,9,2023-09,478,92102,Leur Lomanto Júnior,58575.87,6
UNIÃO,2023,9,2023-09,196,220701,Delegado Matheus Laiola,58390.13,7
UNIÃO,2023,9,2023-09,681,122974,Pedro Lucas Fernandes,56343.52,8
UNIÃO,2023,9,2023-09,325,224117,Gabriel Mota,53479.32,9
UNIÃO,2023,9,2023-09,336,74374,Geraldo Resende,53060.84,10
UNIÃO,2023,10,2023-10,165,220692,Dal Barreto,191732.67,1
UNIÃO,2023,10,2023-10,166,74467,Damião Feliciano,115689.00,2
UNIÃO,2023,10,2023-10,287,204368,Fabio Schiochet,113699.37,3
UNIÃO,2023,10,2023-10,507,141485,Luiz Carlos Busato,98441.70,4
UNIÃO,2023,10,2023-10,335,220702,Geraldo Mendes,80755.30,5
UNIÃO,2023,10,2023-10,681,122974,Pedro Lucas Fernandes,77564.08,6
UNIÃO,2023,10,2023-10,186,220539,Defensor Stélio Dener,74865.43,7
UNIÃO,2023,10,2023-10,386,178909,Hélio Leite,67405.78,8
UNIÃO,2023,10,2023-10,826,220597,Thiago Flores,64464.31,9
UNIÃO,2023,10,2023-10,666,220685,Paulo Litro,62119.27,10
UNIÃO,2023,11,2023-11,504,204410,Luisa Canziani,105167.45,1
UNIÃO,2023,11,2023-11,582,220591,Meire Serafim,88473.12,2
UNIÃO,2023,11,2023-11,374,220672,Henderson Pinto,86888.95,3
UNIÃO,2023,11,2023-11,666,220685,Paulo Litro,70935.81,4
UNIÃO,2023,11,2023-11,195,204512,Delegado Marcelo Freitas,70909.26,5
UNIÃO,2023,11,2023-11,876,220536,Zé Haroldo Cathedral,65268.95,6
UNIÃO,2023,11,2023-11,266,178854,Elmar Nascimento,64058.40,7
UNIÃO,2023,11,2023-11,117,178993,Carlos Henrique Gaguim,63837.44,8
UNIÃO,2023,11,2023-11,579,220609,Maurício Carvalho,61948.92,9
UNIÃO,2023,11,2023-11,152,220590,Coronel Ulysses,61908.88,10
UNIÃO,2023,12,2023-12,425,215043,Josivaldo Jp,160060.40,1
UNIÃO,2023,12,2023-12,507,141485,Luiz Carlos Busato,147023.02,2
UNIÃO,2023,12,2023-12,390,204508,Igor Timo,137624.93,3
UNIÃO,2023,12,2023-12,582,220591,Meire Serafim,130119.93,4
UNIÃO,2023,12,2023-12,470,220600,Lebrão,124674.83,5
UNIÃO,2023,12,2023-12,878,160632,Zé Silva,118641.21,6
UNIÃO,2023,12,2023-12,586,220530,Messias Donato,118571.85,7
UNIÃO,2023,12,2023-12,374,220672,Henderson Pinto,112209.06,8
UNIÃO,2023,12,2023-12,576,204486,Mauro Benevides Filho,101997.98,9
UNIÃO,2023,12,2023-12,579,220609,Maurício Carvalho,96505.66,10
UNIÃO,2024,1,2024-01,152,220590,Coronel Ulysses,89859.91,1
UNIÃO,2024,1,2024-01,185,220659,Dayany Bittencourt,61243.04,2
UNIÃO,2024,1,2024-01,336,74374,Geraldo Resende,54742.91,3
UNIÃO,2024,1,2024-01,266,178854,Elmar Nascimento,53647.67,4
UNIÃO,2024,1,2024-01,325,224117,Gabriel Mota,51500.00,5
UNIÃO,2024,1,2024-01,666,220685,Paulo Litro,49230.56,6
UNIÃO,2024,1,2024-01,595,178997,Moses Rodrigues,47173.73,7
UNIÃO,2024,1,2024-01,195,204512,Delegado Marcelo Freitas,46869.29,8
UNIÃO,2024,1,2024-01,196,220701,Delegado Matheus Laiola,45613.08,9
UNIÃO,2024,1,2024-01,876,220536,Zé Haroldo Cathedral,45528.09,10
UNIÃO,2024,2,2024-02,582,220591,Meire Serafim,113171.90,1
UNIÃO,2024,2,2024-02,82,109429,Benes Leocádio,69006.67,2
UNIÃO,2024,2,2024-02,386,178909,Hélio Leite,68491.18,3
UNIÃO,2024,2,2024-02,470,220600,Lebrão,64009.69,4
UNIÃO,2024,2,2024-02,374,220672,Henderson Pinto,60821.24,5
UNIÃO,2024,2,2024-02,266,178854,Elmar Nascimento,59758.43,6
UNIÃO,2024,2,2024-02,868,220564,Yandra Moura,57886.31,7
UNIÃO,2024,2,2024-02,504,204410,Luisa Canziani,54509.09,8
UNIÃO,2024,2,2024-02,222,221339,Dr. Benjamim,54070.29,9
UNIÃO,2024,2,2024-02,325,224117,Gabriel Mota,51500.00,10
UNIÃO,2024,3,2024-03,876,220536,Zé Haroldo Cathedral,92839.76,1
UNIÃO,2024,3,2024-03,219,227401,Dr Fabio Rueda,73817.97,2
UNIÃO,2024,3,2024-03,579,220609,Maurício Carvalho,70659.25,3
UNIÃO,2024,3,2024-03,152,220590,Coronel Ulysses,69886.80,4
UNIÃO,2024,3,2024-03,185,220659,Dayany Bittencourt,69291.63,5
UNIÃO,2024,3,2024-03,504,204410,Luisa Canziani,61163.40,6
UNIÃO,2024,3,2024-03,336,74374,Geraldo Resende,60412.46,7
UNIÃO,2024,3,2024-03,374,220672,Henderson Pinto,59748.04,8
UNIÃO,2024,3,2024-03,681,122974,Pedro Lucas Fernandes,59471.12,9
UNIÃO,2024,3,2024-03,429,204391,José Nelto,59068.13,10
UNIÃO,2024,4,2024-04,425,215043,Josivaldo Jp,77632.04,1
UNIÃO,2024,4,2024-04,335,220702,Geraldo Mendes,75030.85,2
UNIÃO,2024,4,2024-04,374,220672,Henderson Pinto,72910.00,3
UNIÃO,2024,4,2024-04,478,92102,Leur Lomanto Júnior,63633.37,4
UNIÃO,2024,4,2024-04,82,109429,Benes Leocádio,63148.65,5
UNIÃO,2024,4,2024-04,876,220536,Zé Haroldo Cathedral,60854.95,6
UNIÃO,2024,4,2024-04,152,220590,Coronel Ulysses,59259.18,7
UNIÃO,2024,4,2024-04,336,74374,Geraldo Resende,57763.02,8
UNIÃO,2024,4,2024-04,655,220627,Paulinho Freire,57599.16,9
UNIÃO,2024,4,2024-04,576,204486,Mauro Benevides Filho,56993.32,10
UNIÃO,2024,5,2024-05,336,74374,Geraldo Resende,69312.20,1
UNIÃO,2024,5,2024-05,222,221339,Dr. Benjamim,67836.07,2
UNIÃO,2024,5,2024-05,209,178929,Diego Garcia,66563.90,3
UNIÃO,2024,5,2024-05,579,220609,Maurício Carvalho,66458.52,4
UNIÃO,2024,5,2024-05,666,220685,Paulo Litro,64605.31,5
UNIÃO,2024,5,2024-05,335,220702,Geraldo Mendes,61570.69,6
UNIÃO,2024,5,2024-05,586,220530,Messias Donato,61509.71,7
UNIÃO,2024,5,2024-05,185,220659,Dayany Bittencourt,58996.70,8
UNIÃO,2024,5,2024-05,386,178909,Hélio Leite,57169.92,9
UNIÃO,2024,5,2024-05,470,220600,Lebrão,57124.30,10
UNIÃO,2024,6,2024-06,507,141485,Luiz Carlos Busato,156934.97,1
UNIÃO,2024,6,2024-06,287,204368,Fabio Schiochet,101874.12,2
UNIÃO,2024,6,2024-06,470,220600,Lebrão,90377.14,3
UNIÃO,2024,6,2024-06,878,160632,Zé Silva,73817.20,4
UNIÃO,2024,6,2024-06,222,221339,Dr. Benjamim,64271.69,5
UNIÃO,2024,6,2024-06,579,220609,Maurício Carvalho,63910.97,6
UNIÃO,2024,6,2024-06,681,122974,Pedro Lucas Fernandes,62005.98,7
UNIÃO,2024,6,2024-06,374,220672,Henderson Pinto,58161.37,8
UNIÃO,2024,6,2024-06,335,220702,Geraldo Mendes,57237.04,9
UNIÃO,2024,6,2024-06,336,74374,Geraldo Resende,57222.04,10
UNIÃO,2024,7,2024-07,666,220685,Paulo Litro,102949.38,1
UNIÃO,2024,7,2024-07,582,220591,Meire Serafim,75205.82,2
UNIÃO,2024,7,2024-07,186,220539,Defensor Stélio Dener,69210.81,3
UNIÃO,2024,7,2024-07,72,160600,Arthur Oliveira Maia,68553.22,4
UNIÃO,2024,7,2024-07,193,220649,Delegado Da Cunha,59332.57,5
UNIÃO,2024,7,2024-07,470,220600,Lebrão,56779.61,6
UNIÃO,2024,7,2024-07,579,220609,Maurício Carvalho,56261.05,7
UNIÃO,2024,7,2024-07,779,220631,Samuel Viana,54908.34,8
UNIÃO,2024,7,2024-07,681,122974,Pedro Lucas Fernandes,54176.03,9
UNIÃO,2024,7,2024-07,325,224117,Gabriel Mota,53066.56,10
UNIÃO,2024,8,2024-08,166,74467,Damião Feliciano,91902.32,1
UNIÃO,2024,8,2024-08,72,160600,Arthur Oliveira Maia,82968.28,2
UNIÃO,2024,8,2024-08,82,109429,Benes Leocádio,61775.75,3
UNIÃO,2024,8,2024-08,195,204512,Delegado Marcelo Freitas,60810.84,4
UNIÃO,2024,8,2024-08,152,220590,Coronel Ulysses,59296.24,5
UNIÃO,2024,8,2024-08,653,74095,Pauderney Avelino,57847.62,6
UNIÃO,2024,8,2024-08,374,220672,Henderson Pinto,52241.10,7
UNIÃO,2024,8,2024-08,186,220539,Defensor Stélio Dener,52000.17,8
UNIÃO,2024,8,2024-08,325,224117,Gabriel Mota,51575.00,9
UNIÃO,2024,8,2024-08,645,180214,Pastor Diniz,50621.68,10
UNIÃO,2024,9,2024-09,582,220591,Meire Serafim,96514.96,1
UNIÃO,2024,9,2024-09,576,204486,Mauro Benevides Filho,80056.15,2
UNIÃO,2024,9,2024-09,287,204368,Fabio Schiochet,72497.01,3
UNIÃO,2024,9,2024-09,72,160600,Arthur Oliveira Maia,69151.73,4
UNIÃO,2024,9,2024-09,186,220539,Defensor Stélio Dener,68272.42,5
UNIÃO,2024,9,2024-09,653,74095,Pauderney Avelino,63237.82,6
UNIÃO,2024,9,2024-09,299,141431,Fernando Coelho Filho,61318.72,7
UNIÃO,2024,9,2024-09,152,220590,Coronel Ulysses,57872.59,8
UNIÃO,2024,9,2024-09,645,180214,Pastor Diniz,54149.04,9
UNIÃO,2024,9,2024-09,325,224117,Gabriel Mota,53091.56,10
UNIÃO,2024,10,2024-10,318,68720,Fábio Henrique,74365.45,1
UNIÃO,2024,10,2024-10,166,74467,Damião Feliciano,71910.26,2
UNIÃO,2024,10,2024-10,299,141431,Fernando Coelho Filho,66974.78,3
UNIÃO,2024,10,2024-10,82,109429,Benes Leocádio,66970.18,4
UNIÃO,2024,10,2024-10,507,141485,Luiz Carlos Busato,66441.11,5
UNIÃO,2024,10,2024-10,595,178997,Moses Rodrigues,66439.15,6
UNIÃO,2024,10,2024-10,186,220539,Defensor Stélio Dener,58198.77,7
UNIÃO,2024,10,2024-10,576,204486,Mauro Benevides Filho,56379.16,8
UNIÃO,2024,10,2024-10,325,224117,Gabriel Mota,56111.46,9
UNIÃO,2024,10,2024-10,165,220692,Dal Barreto,55321.19,10
UNIÃO,2024,11,2024-11,586,220530,Messias Donato,106343.05,1
UNIÃO,2024,11,2024-11,386,178909,Hélio Leite,105878.62,2
UNIÃO,2024,11,2024-11,618,229939,Newton Bonin,103642.06,3
UNIÃO,2024,11,2024-11,582,220591,Meire Serafim,99021.12,4
UNIÃO,2024,11,2024-11,595,178997,Moses Rodrigues,90063.56,5
UNIÃO,2024,11,2024-11,266,178854,Elmar Nascimento,75353.55,6
UNIÃO,2024,11,2024-11,222,221339,Dr. Benjamim,64897.11,7
UNIÃO,2024,11,2024-11,579,220609,Maurício Carvalho,58777.28,8
UNIÃO,2024,11,2024-11,645,180214,Pastor Diniz,57515.75,9
UNIÃO,2024,11,2024-11,336,74374,Geraldo Resende,54356.71,10
UNIÃO,2024,12,2024-12,425,215043,Josivaldo Jp,194954.66,1
UNIÃO,2024,12,2024-12,433,74554,José Rocha,172732.28,2
UNIÃO,2024,12,2024-12,390,204508,Igor Timo,158677.43,3
UNIÃO,2024,12,2024-12,582,220591,Meire Serafim,140836.75,4
UNIÃO,2024,12,2024-12,165,220692,Dal Barreto,116922.24,5
UNIÃO,2024,12,2024-12,876,220536,Zé Haroldo Cathedral,104803.21,6
UNIÃO,2024,12,2024-12,570,178843,Marx Beltrão,99052.67,7
UNIÃO,2024,12,2024-12,287,204368,Fabio Schiochet,94262.83,8
UNIÃO,2024,12,2024-12,193,220649,Delegado Da Cunha,81115.39,9
UNIÃO,2024,12,2024-12,386,178909,Hélio Leite,79725.13,10
UNIÃO,2025,1,2025-01,645,180214,Pastor Diniz,63872.95,1
UNIÃO,2025,1,2025-01,195,204512,Delegado Marcelo Freitas,54439.11,2
UNIÃO,2025,1,2025-01,186,220539,Defensor Stélio Dener,53945.90,3
UNIÃO,2025,1,2025-01,325,224117,Gabriel Mota,53086.56,4
UNIÃO,2025,1,2025-01,336,74374,Geraldo Resende,52654.45,5
UNIÃO,2025,1,2025-01,576,204486,Mauro Benevides Filho,52216.85,6
UNIÃO,2025,1,2025-01,582,220591,Meire Serafim,49864.73,7
UNIÃO,2025,1,2025-01,374,220672,Henderson Pinto,49184.50,8
UNIÃO,2025,1,2025-01,666,220685,Paulo Litro,48023.93,9
UNIÃO,2025,1,2025-01,681,122974,Pedro Lucas Fernandes,47887.05,10
UNIÃO,2025,2,2025-02,336,74374,Geraldo Resende,83832.69,1
UNIÃO,2025,2,2025-02,478,92102,Leur Lomanto Júnior,70668.83,2
UNIÃO,2025,2,2025-02,644,230762,Pastor Claudio Mariano,60647.38,3
UNIÃO,2025,2,2025-02,82,109429,Benes Leocádio,59506.56,4
UNIÃO,2025,2,2025-02,325,224117,Gabriel Mota,55265.45,5
UNIÃO,2025,2,2025-02,195,204512,Delegado Marcelo Freitas,53983.41,6
UNIÃO,2025,2,2025-02,290,66828,Fausto Pinato,53159.53,7
UNIÃO,2025,2,2025-02,166,74467,Damião Feliciano,52771.14,8
UNIÃO,2025,2,2025-02,470,220600,Lebrão,50330.77,9
UNIÃO,2025,2,2025-02,570,178843,Marx Beltrão,50293.19,10
UNIÃO,2025,3,2025-03,868,220564,Yandra Moura,71330.41,1
UNIÃO,2025,3,2025-03,425,215043,Josivaldo Jp,67069.71,2
UNIÃO,2025,3,2025-03,644,230762,Pastor Claudio Mariano,65606.26,3
UNIÃO,2025,3,2025-03,576,204486,Mauro Benevides Filho,58077.93,4
UNIÃO,2025,3,2025-03,645,180214,Pastor Diniz,57614.41,5
UNIÃO,2025,3,2025-03,681,122974,Pedro Lucas Fernandes,54193.05,6
UNIÃO,2025,3,2025-03,325,224117,Gabriel Mota,53191.56,7
UNIÃO,2025,3,2025-03,595,178997,Moses Rodrigues,52967.58,8
UNIÃO,2025,3,2025-03,289,220712,Fausto Jr.,51796.72,9
UNIÃO,2025,3,2025-03,287,204368,Fabio Schiochet,50558.46,10
UNIÃO,2025,4,2025-04,152,220590,Coronel Ulysses,78109.95,1
UNIÃO,2025,4,2025-04,826,220597,Thiago Flores,68861.31,2
UNIÃO,2025,4,2025-04,666,220685,Paulo Litro,63618.31,3
UNIÃO,2025,4,2025-04,658,178860,Paulo Azi,61512.79,4
UNIÃO,2025,4,2025-04,335,220702,Geraldo Mendes,61140.04,5
UNIÃO,2025,4,2025-04,186,220539,Defensor Stélio Dener,58881.29,6
UNIÃO,2025,4,2025-04,185,220659,Dayany Bittencourt,56755.74,7
UNIÃO,2025,4,2025-04,710,220626,Rafael Simoes,56422.83,8
UNIÃO,2025,4,2025-04,287,204368,Fabio Schiochet,55870.26,9
UNIÃO,2025,4,2025-04,299,141431,Fernando Coelho Filho,54523.77,10
UNIÃO,2025,5,2025-05,470,220600,Lebrão,70599.20,1
UNIÃO,2025,5,2025-05,801,220569,Silvye Alves,69371.02,2
UNIÃO,2025,5,2025-05,289,220712,Fausto Jr.,69301.20,3
UNIÃO,2025,5,2025-05,325,224117,Gabriel Mota,68143.33,4
UNIÃO,2025,5,2025-05,653,74095,Pauderney Avelino,67225.63,5
UNIÃO,2025,5,2025-05,72,160600,Arthur Oliveira Maia,61348.47,6
UNIÃO,2025,5,2025-05,582,220591,Meire Serafim,59672.95,7
UNIÃO,2025,5,2025-05,579,220609,Maurício Carvalho,56101.33,8
UNIÃO,2025,5,2025-05,504,204410,Luisa Canziani,54261.94,9
UNIÃO,2025,5,2025-05,335,220702,Geraldo Mendes,53439.90,10
UNIÃO,2025,6,2025-06,653,74095,Pauderney Avelino,83446.42,1
UNIÃO,2025,6,2025-06,644,230762,Pastor Claudio Mariano,73859.57,2
UNIÃO,2025,6,2025-06,82,109429,Benes Leocádio,65391.03,3
UNIÃO,2025,6,2025-06,868,220564,Yandra Moura,65122.96,4
UNIÃO,2025,6,2025-06,710,220626,Rafael Simoes,59303.01,5
UNIÃO,2025,6,2025-06,152,220590,Coronel Ulysses,57968.98,6
UNIÃO,2025,6,2025-06,507,141485,Luiz Carlos Busato,57329.15,7
UNIÃO,2025,6,2025-06,166,74467,Damião Feliciano,54818.18,8
UNIÃO,2025,6,2025-06,325,224117,Gabriel Mota,53616.65,9
UNIÃO,2025,6,2025-06,429,204391,José Nelto,53439.64,10
UNIÃO,2025,7,2025-07,507,141485,Luiz Carlos Busato,114318.04,1
UNIÃO,2025,7,2025-07,186,220539,Defensor Stélio Dener,108145.52,2
UNIÃO,2025,7,2025-07,666,220685,Paulo Litro,71217.44,3
UNIÃO,2025,7,2025-07,425,215043,Josivaldo Jp,67187.18,4
UNIÃO,2025,7,2025-07,645,180214,Pastor Diniz,63663.92,5
UNIÃO,2025,7,2025-07,579,220609,Maurício Carvalho,63347.21,6
UNIÃO,2025,7,2025-07,826,220597,Thiago Flores,62205.60,7
UNIÃO,2025,7,2025-07,653,74095,Pauderney Avelino,61950.98,8
UNIÃO,2025,7,2025-07,196,220701,Delegado Matheus Laiola,60775.86,9
UNIÃO,2025,7,2025-07,193,220649,Delegado Da Cunha,59647.45,10
UNIÃO,2025,8,2025-08,196,220701,Delegado Matheus Laiola,81317.55,1
UNIÃO,2025,8,2025-08,336,74374,Geraldo Resende,71752.14,2
UNIÃO,2025,8,2025-08,152,220590,Coronel Ulysses,57121.01,3
UNIÃO,2025,8,2025-08,658,178860,Paulo Azi,55018.86,4
UNIÃO,2025,8,2025-08,166,74467,Damião Feliciano,53754.21,5
UNIÃO,2025,8,2025-08,325,224117,Gabriel Mota,51500.00,6
UNIÃO,2025,8,2025-08,82,109429,Benes Leocádio,50782.56,7
UNIÃO,2025,8,2025-08,117,178993,Carlos Henrique Gaguim,50366.10,8
UNIÃO,2025,8,2025-08,429,204391,José Nelto,49572.35,9
UNIÃO,2025,8,2025-08,335,220702,Geraldo Mendes,46824.08,10
UNIÃO,2025,9,2025-09,586,220530,Messias Donato,81435.62,1
UNIÃO,2025,9,2025-09,425,215043,Josivaldo Jp,73003.65,2
UNIÃO,2025,9,2025-09,82,109429,Benes Leocádio,59134.60,3
UNIÃO,2025,9,2025-09,152,220590,Coronel Ulysses,57126.87,4
UNIÃO,2025,9,2025-09,335,220702,Geraldo Mendes,55777.24,5
UNIÃO,2025,9,2025-09,325,224117,Gabriel Mota,51500.00,6
UNIÃO,2025,9,2025-09,595,178997,Moses Rodrigues,51000.00,7
UNIÃO,2025,9,2025-09,290,66828,Fausto Pinato,50785.63,8
UNIÃO,2025,9,2025-09,710,220626,Rafael Simoes,49369.28,9
UNIÃO,2025,9,2025-09,504,204410,Luisa Canziani,49063.24,10
UNIÃO,2025,10,2025-10,336,74374,Geraldo Resende,58227.28,1
UNIÃO,2025,10,2025-10,72,160600,Arthur Oliveira Maia,58206.20,2
UNIÃO,2025,10,2025-10,429,204391,José Nelto,58051.37,3
UNIÃO,2025,10,2025-10,826,220597,Thiago Flores,57263.64,4
UNIÃO,2025,10,2025-10,586,220530,Messias Donato,53975.40,5
UNIÃO,2025,10,2025-10,325,224117,Gabriel Mota,51500.00,6
UNIÃO,2025,10,2025-10,209,178929,Diego Garcia,51183.19,7
UNIÃO,2025,10,2025-10,878,160632,Zé Silva,49388.95,8
UNIÃO,2025,10,2025-10,666,220685,Paulo Litro,48986.72,9
UNIÃO,2025,10,2025-10,195,204512,Delegado Marcelo Freitas,48137.32,10
UNIÃO,2025,11,2025-11,666,220685,Paulo Litro,65211.95,1
UNIÃO,2025,11,2025-11,582,220591,Meire Serafim,54288.29,2
UNIÃO,2025,11,2025-11,166,74467,Damião Feliciano,53035.58,3
UNIÃO,2025,11,2025-11,710,220626,Rafael Simoes,49458.74,4
UNIÃO,2025,11,2025-11,579,220609,Maurício Carvalho,48438.52,5
UNIÃO,2025,11,2025-11,287,204368,Fabio Schiochet,47915.66,6
UNIÃO,2025,11,2025-11,826,220597,Thiago Flores,46745.68,7
UNIÃO,2025,11,2025-11,209,178929,Diego Garcia,45963.87,8
UNIÃO,2025,11,2025-11,878,160632,Zé Silva,44135.00,9
UNIÃO,2025,11,2025-11,576,204486,Mauro Benevides Filho,43329.63,10
UNIÃO,2025,12,2025-12,165,220692,Dal Barreto,114879.16,1
UNIÃO,2025,12,2025-12,429,204391,José Nelto,97969.07,2
UNIÃO,2025,12,2025-12,801,220569,Silvye Alves,84098.15,3
UNIÃO,2025,12,2025-12,570,178843,Marx Beltrão,73769.08,4
UNIÃO,2025,12,2025-12,826,220597,Thiago Flores,72427.47,5
UNIÃO,2025,12,2025-12,287,204368,Fabio Schiochet,65734.55,6
UNIÃO,2025,12,2025-12,478,92102,Leur Lomanto Júnior,62954.96,7
UNIÃO,2025,12,2025-12,579,220609,Maurício Carvalho,62062.35,8
UNIÃO,2025,12,2025-12,374,220672,Henderson Pinto,58687.28,9
UNIÃO,2025,12,2025-12,595,178997,Moses Rodrigues,55302.15,10
UNIÃO,2026,1,2026-01,152,220590,Coronel Ulysses,82114.72,1
UNIÃO,2026,1,2026-01,868,220564,Yandra Moura,78512.90,2
UNIÃO,2026,1,2026-01,325,224117,Gabriel Mota,67000.00,3
UNIÃO,2026,1,2026-01,579,220609,Maurício Carvalho,64244.35,4
UNIÃO,2026,1,2026-01,195,204512,Delegado Marcelo Freitas,62509.53,5
UNIÃO,2026,1,2026-01,582,220591,Meire Serafim,54982.86,6
UNIÃO,2026,1,2026-01,504,204410,Luisa Canziani,48506.45,7
UNIÃO,2026,1,2026-01,290,66828,Fausto Pinato,41081.24,8
UNIÃO,2026,1,2026-01,876,220536,Zé Haroldo Cathedral,40504.62,9
UNIÃO,2026,1,2026-01,349,226179,Gisela Simona,38761.72,10
UNIÃO,2026,2,2026-02,507,141485,Luiz Carlos Busato,82465.58,1
UNIÃO,2026,2,2026-02,290,66828,Fausto Pinato,64729.58,2
UNIÃO,2026,2,2026-02,152,220590,Coronel Ulysses,64356.33,3
UNIÃO,2026,2,2026-02,349,226179,Gisela Simona,62604.84,4
UNIÃO,2026,2,2026-02,878,160632,Zé Silva,58471.27,5
UNIÃO,2026,2,2026-02,336,74374,Geraldo Resende,57587.68,6
UNIÃO,2026,2,2026-02,570,178843,Marx Beltrão,52400.66,7
UNIÃO,2026,2,2026-02,325,224117,Gabriel Mota,51500.00,8
UNIÃO,2026,2,2026-02,478,92102,Leur Lomanto Júnior,49821.16,9
UNIÃO,2026,2,2026-02,582,220591,Meire Serafim,48152.05,10
UNIÃO,2026,3,2026-03,349,226179,Gisela Simona,91762.80,1
UNIÃO,2026,3,2026-03,425,215043,Josivaldo Jp,86399.85,2
UNIÃO,2026,3,2026-03,209,178929,Diego Garcia,85152.42,3
UNIÃO,2026,3,2026-03,390,204508,Igor Timo,69476.98,4
UNIÃO,2026,3,2026-03,336,74374,Geraldo Resende,68931.63,5
UNIÃO,2026,3,2026-03,570,178843,Marx Beltrão,66401.85,6
UNIÃO,2026,3,2026-03,504,204410,Luisa Canziani,66357.50,7
UNIÃO,2026,3,2026-03,82,109429,Benes Leocádio,60660.76,8
UNIÃO,2026,3,2026-03,801,220569,Silvye Alves,58683.31,9
UNIÃO,2026,3,2026-03,325,224117,Gabriel Mota,58000.00,10
UNIÃO,2026,4,2026-04,826,220597,Thiago Flores,49892.90,1
UNIÃO,2026,4,2026-04,325,224117,Gabriel Mota,44000.00,2
UNIÃO,2026,4,2026-04,429,204391,José Nelto,43576.40,3
UNIÃO,2026,4,2026-04,507,141485,Luiz Carlos Busato,42034.52,4
UNIÃO,2026,4,2026-04,595,178997,Moses Rodrigues,42000.00,5
UNIÃO,2026,4,2026-04,196,220701,Delegado Matheus Laiola,41841.52,6
UNIÃO,2026,4,2026-04,868,220564,Yandra Moura,39200.00,7
UNIÃO,2026,4,2026-04,658,178860,Paulo Azi,38632.64,8
UNIÃO,2026,4,2026-04,801,220569,Silvye Alves,38583.22,9
UNIÃO,2026,4,2026-04,576,204486,Mauro Benevides Filho,36370.00,10
UNIÃO,2026,5,2026-05,196,220701,Delegado Matheus Laiola,241.01,1
