sk_dept,id_deputado,dept_tx_nome_parlamentar,part_sg_partido,uf_sg_uf,qt_despesas,vl_total_liquido,qt_votacoes,qt_presencas_votacoes,qt_votos_sim,qt_votos_nao,qt_votos_abstencao,qt_votos_obstrucao,qt_frentes,fl_presidente_frente,fl_coordenador_frente,fl_vice_frente,parlamentar_score_atividade,indice_eficiencia_parlamentar,qt_documentos,qt_documentos_comprovados,qt_glosas,qt_restituicoes,pc_documentacao,qt_votacoes_fidelidade,qt_presencas_votacao,pc_participacao_decisiva,tx_faixa_fidelidade_partidaria,score_engajamento,tx_classificacao_engajamento,tx_classificacao_ineficiencia
1,62881,Danilo Forte,PP,CE,1967,2278455.43,1112,1111,679,430,2,0,185,0,1,0,2977,1.3066,1967,1538,151,0,78.19,1112,1111,99.82,Alta participação em votações,67.78,Médio engajamento parlamentar,Alto desequilíbrio atividade-despesa
2,66179,Norma Ayub,PP,ES,437,373146.75,394,394,213,181,0,0,68,0,0,0,1074,2.8782,437,362,61,0,82.84,394,394,100.0,Alta participação em votações,37.01,Baixo engajamento parlamentar,Alto desequilíbrio atividade-despesa
3,66385,Julio Arcoverde,PP,PI,785,1607079.54,754,753,467,285,1,0,36,0,0,0,1114,0.6932,785,519,7,0,66.11,754,753,99.87,Alta participação em votações,50.08,Médio engajamento parlamentar,Alto desequilíbrio atividade-despesa
4,66828,Fausto Pinato,UNIÃO,SP,1361,2071782.80,1281,1280,770,497,13,0,401,0,1,0,5306,2.5611,1361,1074,103,0,78.91,1281,1280,98.98,Alta participação em votações,79.72,Alto engajamento parlamentar,Comportamento esperado
5,67138,Iracema Portella,PP,PI,80,270673.55,125,125,74,51,0,0,167,0,0,0,1795,6.6316,80,10,3,0,12.5,125,125,100.0,Alta participação em votações,29.14,Baixo engajamento parlamentar,Alto desequilíbrio atividade-despesa
6,68720,Fábio Henrique,UNIÃO,SE,311,666793.13,566,566,317,248,0,1,227,0,1,0,2851,4.2757,311,193,8,2,62.06,566,566,99.82,Alta participação em votações,47.73,Médio engajamento parlamentar,Alto desequilíbrio atividade-despesa
7,69871,Bacelar,PV,BA,914,2179071.85,1537,1536,904,624,1,7,427,0,1,0,5822,2.6718,914,629,64,0,68.82,1537,1536,99.48,Alta participação em votações,90.4,Alto engajamento parlamentar,Comportamento esperado
8,72442,Felipe Carreras,PSB,PE,1704,1735758.80,1238,1237,749,482,0,6,284,0,1,0,4093,2.3580,1704,963,21,0,56.51,1238,1237,99.51,Alta participação em votações,75.14,Alto engajamento parlamentar,Comportamento esperado
9,73433,Arlindo Chinaglia,PT,SP,1406,1893566.21,1428,1427,835,561,3,28,125,0,0,0,2678,1.4143,1406,963,133,2,68.49,1428,1427,97.83,Alta participação em votações,78.07,Alto engajamento parlamentar,Comportamento esperado
10,73441,Celso Russomanno,REPUBLICANOS,SP,2240,1023339.11,1202,1201,735,456,3,0,367,0,1,0,4887,4.7755,2240,1484,81,0,66.25,1202,1201,99.17,Alta participação em votações,75.82,Alto engajamento parlamentar,Comportamento esperado
11,73460,Gustavo Fruet,PDT,PR,220,493061.25,389,389,235,150,0,4,64,0,0,0,1029,2.0870,220,152,24,0,69.09,389,389,98.97,Alta participação em votações,36.51,Baixo engajamento parlamentar,Alto desequilíbrio atividade-despesa
12,73463,Osmar Serraglio,PP,PR,570,494399.60,450,450,261,189,0,0,4,0,0,0,490,0.9911,570,462,52,1,81.05,450,450,100.0,Alta participação em votações,37.53,Baixo engajamento parlamentar,Alto desequilíbrio atividade-despesa
13,73466,Rubens Bueno,CIDADANIA,PR,506,452597.50,514,514,288,224,0,2,186,0,0,0,2374,5.2453,506,285,14,0,56.32,514,514,99.61,Alta participação em votações,44.62,Médio engajamento parlamentar,Alto desequilíbrio atividade-despesa
14,73482,Henrique Fontana,PT,RS,883,333399.85,440,440,243,172,1,24,100,0,0,0,1440,4.3191,883,767,69,0,86.86,440,440,94.32,Alta participação em votações,38.48,Baixo engajamento parlamentar,Alto desequilíbrio atividade-despesa
15,73486,Pompeo De Mattos,PDT,RS,3100,2558285.74,1413,1412,884,503,0,9,466,0,1,0,6088,2.3797,3100,2647,305,0,85.39,1413,1412,98.23,Alta participação em votações,86.36,Alto engajamento parlamentar,Comportamento esperado
16,73531,Ivan Valente,PSOL,SP,1569,1722478.62,1412,1411,733,648,1,29,121,0,0,0,2622,1.5222,1569,1230,147,0,78.39,1412,1411,97.87,Alta participação em votações,77.35,Alto engajamento parlamentar,Comportamento esperado
17,73579,Alberto Fraga,PL,DF,200,1443231.07,1032,1032,556,423,1,43,252,0,1,0,3567,2.4715,200,146,3,3,73.0,1032,1032,94.86,Alta participação em votações,65.43,Médio engajamento parlamentar,Alto desequilíbrio atividade-despesa
18,73586,Júlio Delgado,PV,MG,834,394932.00,476,476,266,197,1,12,79,0,0,0,1266,3.2056,834,635,32,0,76.14,476,476,97.27,Alta participação em votações,39.92,Baixo engajamento parlamentar,Alto desequilíbrio atividade-despesa
19,73604,Rui Falcão,PT,SP,1340,1818633.24,1454,1453,809,607,7,30,258,0,0,0,4034,2.2181,1340,1028,41,0,76.72,1454,1453,97.45,Alta participação em votações,82.43,Alto engajamento parlamentar,Comportamento esperado
20,73692,Osmar Terra,PL,RS,2906,2231113.15,1212,1211,657,535,18,1,150,0,1,0,2727,1.2223,2906,2497,254,1,85.93,1212,1211,98.43,Alta participação em votações,70.47,Médio engajamento parlamentar,Alto desequilíbrio atividade-despesa
21,73696,Angela Amin,PP,SC,295,421445.34,450,450,245,199,6,0,148,0,0,0,1930,4.5795,295,193,42,0,65.42,450,450,98.67,Alta participação em votações,40.97,Médio engajamento parlamentar,Alto desequilíbrio atividade-despesa
22,73701,Benedita Da Silva,PT,RJ,1330,1836444.01,1118,1117,667,438,0,9,268,0,1,0,3813,2.0763,1330,954,109,0,71.73,1118,1117,98.93,Alta participação em votações,69.97,Médio engajamento parlamentar,Alto desequilíbrio atividade-despesa
23,73768,Dilceu Sperafico,PP,PR,1550,1694026.17,1021,1020,600,418,2,0,38,0,0,0,1401,0.8270,1550,1397,15,0,90.13,1021,1020,99.8,Alta participação em votações,60.46,Médio engajamento parlamentar,Alto desequilíbrio atividade-despesa
24,73772,Hermes Parcianello,MDB,PR,302,504274.17,243,243,155,87,0,1,17,0,0,0,413,0.8190,302,242,38,0,80.13,243,243,99.59,Alta participação em votações,29.76,Baixo engajamento parlamentar,Alto desequilíbrio atividade-despesa
25,73778,Luiz Carlos Hauly,PODE,PR,1100,1264200.14,768,767,475,288,3,0,41,0,0,0,1178,0.9318,1100,894,35,3,81.27,768,767,99.48,Alta participação em votações,50.67,Médio engajamento parlamentar,Alto desequilíbrio atividade-despesa
26,73788,Ricardo Barros,PP,PR,473,924111.32,721,720,414,306,0,0,116,0,1,0,1896,2.0517,473,193,15,0,40.8,721,720,100.0,Alta participação em votações,50.89,Médio engajamento parlamentar,Alto desequilíbrio atividade-despesa
27,73801,Renildo Calheiros,PCDOB,PE,1411,1776125.48,1423,1422,840,570,0,12,291,0,0,0,4333,2.4396,1411,1143,74,0,81.01,1423,1422,99.16,Alta participação em votações,82.42,Alto engajamento parlamentar,Comportamento esperado
28,73806,Roseana Sarney,MDB,MA,251,833031.00,270,270,166,104,0,0,10,0,0,0,370,0.4442,251,215,2,0,85.66,270,270,100.0,Alta participação em votações,30.71,Baixo engajamento parlamentar,Alto desequilíbrio atividade-despesa
29,73808,Sérgio Brito,PSD,BA,593,664020.99,452,452,281,170,1,0,73,0,0,0,1182,1.7801,593,367,12,0,61.89,452,452,99.78,Alta participação em votações,39.34,Baixo engajamento parlamentar,Alto desequilíbrio atividade-despesa
30,73891,Darcísio Perondi,MDB,RS,0,0.00,0,0,0,0,0,0,99,0,0,0,990,,,,,,,,,,,2.55,Baixo engajamento parlamentar,Comportamento esperado
31,73943,Perpétua Almeida,PCDOB,AC,395,566298.39,452,452,258,171,4,19,94,0,1,0,1407,2.4846,395,255,43,0,64.56,452,452,94.91,Alta participação em votações,38.91,Baixo engajamento parlamentar,Alto desequilíbrio atividade-despesa
32,74041,Luiz Couto,PT,PB,1284,1789088.39,1288,1287,712,572,0,3,112,0,0,0,2408,1.3459,1284,961,27,0,74.84,1288,1287,99.77,Alta participação em votações,72.7,Médio engajamento parlamentar,Alto desequilíbrio atividade-despesa
33,74043,Wellington Roberto,PSD,PB,880,2266103.63,910,910,521,334,0,55,308,0,0,0,3990,1.7607,880,576,3,0,65.45,910,910,93.96,Alta participação em votações,61.97,Médio engajamento parlamentar,Alto desequilíbrio atividade-despesa
34,74044,Wilson Santiago,REPUBLICANOS,PB,1616,2259433.38,1104,1103,686,416,0,0,376,0,0,0,4864,2.1528,1616,1547,73,3,95.73,1104,1103,99.91,Alta participação em votações,72.4,Médio engajamento parlamentar,Alto desequilíbrio atividade-despesa
35,74052,Bosco Costa,PL,SE,311,677486.10,492,492,286,206,0,0,248,0,0,0,2972,4.3868,311,206,49,0,66.24,492,492,100.0,Alta participação em votações,45.44,Médio engajamento parlamentar,Alto desequilíbrio atividade-despesa
36,74057,Alice Portugal,PCDOB,BA,1309,2137310.67,1550,1549,906,620,1,22,286,0,1,0,4425,2.0704,1309,788,32,0,60.2,1550,1549,98.52,Alta participação em votações,87.08,Alto engajamento parlamentar,Comportamento esperado
37,74060,Daniel Almeida,PCDOB,BA,931,2299415.62,1343,1342,798,527,1,16,407,0,0,0,5413,2.3541,931,542,47,0,58.22,1343,1342,98.73,Alta participação em votações,82.23,Alto engajamento parlamentar,Comportamento esperado
38,74065,Fatima Pelaes,REPUBLICANOS,AP,43,240537.04,153,152,99,53,0,0,3,0,0,0,183,0.7608,43,43,3,0,100.0,153,152,100.0,Alta participação em votações,25.98,Baixo engajamento parlamentar,Alto desequilíbrio atividade-despesa
39,74075,Elcione Barbalho,MDB,PA,1226,1486809.16,893,893,553,337,1,2,176,0,1,0,2668,1.7944,1226,578,87,0,47.15,893,893,99.66,Alta participação em votações,59.05,Médio engajamento parlamentar,Alto desequilíbrio atividade-despesa
40,74079,José Priante,MDB,PA,748,1383522.18,794,793,493,300,0,0,112,0,0,0,1914,1.3834,748,263,111,0,35.16,794,793,100.0,Alta participação em votações,53.62,Médio engajamento parlamentar,Alto desequilíbrio atividade-despesa
41,74084,Raimundo Santos,PSD,PA,806,1595714.19,1026,1025,632,392,1,0,191,0,0,0,2936,1.8399,806,462,117,0,57.32,1026,1025,99.9,Alta participação em votações,64.62,Médio engajamento parlamentar,Alto desequilíbrio atividade-despesa
42,74090,Átila Lins,PSD,AM,559,2367982.51,1046,1045,659,385,1,0,178,0,0,0,2826,1.1934,559,167,52,0,29.87,1046,1045,99.9,Alta participação em votações,65.06,Médio engajamento parlamentar,Alto desequilíbrio atividade-despesa
43,74095,Pauderney Avelino,UNIÃO,AM,439,987902.04,537,536,327,206,3,0,17,0,0,0,707,0.7157,439,309,16,0,70.39,537,536,99.44,Alta participação em votações,41.1,Médio engajamento parlamentar,Alto desequilíbrio atividade-despesa
44,74141,Josias Gomes,PT,BA,1976,1865458.43,1136,1135,675,452,1,7,55,0,0,0,1686,0.9038,1976,1522,149,0,77.02,1136,1135,99.3,Alta participação em votações,65.25,Médio engajamento parlamentar,Alto desequilíbrio atividade-despesa
45,74156,Leonardo Monteiro,PT,MG,1182,2062532.82,1306,1305,794,486,1,24,479,0,1,0,6111,2.9629,1182,653,176,0,55.25,1306,1305,98.08,Alta participação em votações,82.51,Alto engajamento parlamentar,Comportamento esperado
46,74158,Mário Heringer,PDT,MG,612,1777231.86,1165,1164,711,438,6,9,304,0,1,0,4220,2.3745,612,152,0,0,24.84,1165,1164,98.71,Alta participação em votações,72.67,Médio engajamento parlamentar,Alto desequilíbrio atividade-despesa
47,74159,Odair Cunha,PT,MG,3054,2120127.50,1393,1392,823,537,4,23,263,0,0,0,4023,1.8975,3054,2688,56,0,88.02,1393,1392,97.7,Alta participação em votações,80.25,Alto engajamento parlamentar,Comportamento esperado
48,74160,Patrus Ananias,PT,MG,5095,1928281.59,1519,1518,864,633,0,21,360,0,1,0,5134,2.6625,5095,4861,148,0,95.41,1519,1518,98.62,Alta participação em votações,87.81,Alto engajamento parlamentar,Comportamento esperado
49,74161,Reginaldo Lopes,PT,MG,1762,1847849.47,942,941,556,361,1,23,340,0,1,0,4357,2.3579,1762,804,124,0,45.63,942,941,97.45,Alta participação em votações,64.71,Médio engajamento parlamentar,Alto desequilíbrio atividade-despesa
50,74165,Neucimar Fraga,PP,ES,443,488904.10,346,346,196,149,0,0,3,0,0,0,376,0.7691,443,298,41,0,67.27,346,346,99.71,Alta participação em votações,33.42,Baixo engajamento parlamentar,Alto desequilíbrio atividade-despesa
51,74171,Chico Alencar,PSOL,RJ,1612,1588859.75,1151,1150,617,523,2,8,87,0,0,0,2021,1.2720,1612,1323,113,0,82.07,1151,1150,99.13,Alta participação em votações,66.62,Médio engajamento parlamentar,Alto desequilíbrio atividade-despesa
52,74200,Gastão Vieira,PROS,MA,64,121797.65,108,108,65,43,0,0,141,0,0,0,1518,12.4633,64,47,0,0,73.44,108,108,100.0,Alta participação em votações,27.82,Baixo engajamento parlamentar,Alto desequilíbrio atividade-despesa
53,74212,Aníbal Gomes,UNIÃO,CE,2,2700.08,0,0,0,0,0,0,35,0,0,0,350,129.6258,2,1,0,0,50.0,,,,,0.9,Baixo engajamento parlamentar,Comportamento esperado
54,74253,Julio Lopes,PP,RJ,750,1661270.82,824,823,519,303,1,0,274,0,1,0,3579,2.1544,750,525,26,1,70.0,824,823,99.88,Alta participação em votações,58.93,Médio engajamento parlamentar,Alto desequilíbrio atividade-despesa
55,74254,Leonardo Picciani,MDB,RJ,55,138397.90,105,105,60,38,6,1,0,0,0,0,105,0.7587,55,36,0,0,65.45,105,105,93.33,Alta participação em votações,22.73,Baixo engajamento parlamentar,Alto desequilíbrio atividade-despesa
56,74262,Carlos Sampaio,PSD,SP,1515,2013980.74,1368,1367,802,562,3,0,57,0,0,0,1938,0.9623,1515,429,98,0,28.32,1368,1367,99.78,Alta participação em votações,74.38,Médio engajamento parlamentar,Alto desequilíbrio atividade-despesa
57,74270,Gilberto Nascimento,PODE,SP,682,2083744.07,461,460,272,137,3,0,417,0,1,0,4646,2.2296,682,340,39,0,49.85,461,460,88.91,Alta participação em votações,46.36,Médio engajamento parlamentar,Alto desequilíbrio atividade-despesa
58,74273,Jefferson Campos,PL,SP,1332,2034121.82,1421,1420,750,594,8,68,321,0,0,0,4631,2.2767,1332,765,67,2,57.43,1421,1420,94.65,Alta participação em votações,82.21,Alto engajamento parlamentar,Comportamento esperado
59,74283,Vicentinho,PT,SP,1793,1814938.35,1369,1368,783,561,1,23,322,0,1,0,4604,2.5367,1793,1328,129,0,74.07,1369,1368,98.25,Alta participação em votações,80.95,Alto engajamento parlamentar,Comportamento esperado
60,74295,Inácio Arruda,PCDOB,CE,0,0.00,12,12,7,5,0,0,0,0,0,0,12,,,,,,,12,12,100.0,Alta participação em votações,20.46,Baixo engajamento parlamentar,Comportamento esperado
61,74299,Leônidas Cristino,PDT,CE,1772,1492793.97,1203,1202,720,470,0,12,335,0,1,0,4568,3.0600,1772,1528,240,0,86.23,1203,1202,99.0,Alta participação em votações,75.0,Alto engajamento parlamentar,Comportamento esperado
62,74305,Roberto Pessoa,PSDB,CE,0,0.00,0,0,0,0,0,0,150,0,1,0,1515,,,,,,,,,,,3.87,Baixo engajamento parlamentar,Comportamento esperado
63,74317,Júlio Cesar,PSD,PI,666,2164351.67,1134,1133,700,432,1,0,273,0,1,0,3879,1.7922,666,287,107,0,43.09,1134,1133,99.91,Alta participação em votações,70.91,Médio engajamento parlamentar,Alto desequilíbrio atividade-despesa
64,74319,Paes Landim,UNIÃO,PI,70,191619.26,91,91,50,41,0,0,3,0,0,0,121,0.6315,70,33,7,0,47.14,91,91,100.0,Alta participação em votações,23.6,Baixo engajamento parlamentar,Alto desequilíbrio atividade-despesa
65,74352,Nilson Pinto,PSDB,PA,316,446530.65,317,317,191,126,0,0,43,0,0,0,747,1.6729,316,180,16,0,56.96,317,317,100.0,Alta participação em votações,33.38,Baixo engajamento parlamentar,Alto desequilíbrio atividade-despesa
66,74356,Silas Câmara,REPUBLICANOS,AM,444,2260197.19,881,880,581,299,0,0,224,0,1,0,3136,1.3875,444,70,6,0,15.77,881,880,100.0,Alta participação em votações,59.87,Médio engajamento parlamentar,Alto desequilíbrio atividade-despesa
67,74366,João Campos,REPUBLICANOS,GO,126,461714.46,375,375,228,146,1,0,170,0,0,0,2075,4.4941,126,107,20,0,84.92,375,375,99.73,Alta participação em votações,38.85,Baixo engajamento parlamentar,Alto desequilíbrio atividade-despesa
68,74371,Rubens Otoni,PT,GO,983,2041443.82,1084,1083,626,439,0,18,353,0,0,0,4614,2.2602,983,766,163,2,77.92,1084,1083,98.34,Alta participação em votações,70.72,Médio engajamento parlamentar,Alto desequilíbrio atividade-despesa
69,74374,Geraldo Resende,UNIÃO,MS,569,1847053.56,947,946,580,366,0,0,213,0,0,0,3077,1.6659,569,467,82,0,82.07,947,946,100.0,Alta participação em votações,62.14,Médio engajamento parlamentar,Alto desequilíbrio atividade-despesa
70,74376,Vander Loubet,PT,MS,1720,2214372.28,1368,1368,794,543,15,16,264,0,1,0,4023,1.8168,1720,1408,59,0,81.86,1368,1368,97.73,Alta participação em votações,79.33,Alto engajamento parlamentar,Comportamento esperado
71,74383,Giacobo,PSD,PR,376,2195620.93,805,805,445,316,6,38,215,0,0,0,2955,1.3459,376,116,8,0,30.85,805,805,94.53,Alta participação em votações,55.62,Médio engajamento parlamentar,Alto desequilíbrio atividade-despesa
72,74398,Maria Do Rosário,PT,RS,4968,2285843.48,1249,1248,728,474,1,26,298,0,1,0,4244,1.8566,4968,4645,279,0,93.5,1249,1248,96.31,Alta participação em votações,75.29,Alto engajamento parlamentar,Comportamento esperado
73,74399,Onyx Lorenzoni,PL,RS,226,221251.56,218,218,113,105,0,0,5,0,0,0,268,1.2113,226,125,0,0,55.31,218,218,100.0,Alta participação em votações,28.57,Baixo engajamento parlamentar,Alto desequilíbrio atividade-despesa
74,74400,Paulo Pimenta,PT,RS,319,1137672.64,878,877,500,347,2,28,71,0,0,0,1588,1.3958,319,223,31,0,69.91,878,877,96.58,Alta participação em votações,55.13,Médio engajamento parlamentar,Alto desequilíbrio atividade-despesa
75,74419,Gonzaga Patriota,PSB,PE,351,544619.70,406,406,218,168,5,15,262,0,1,0,3041,5.5837,351,200,25,0,56.98,406,406,95.07,Alta participação em votações,41.49,Médio engajamento parlamentar,Alto desequilíbrio atividade-despesa
76,74428,Mendonça Filho,PL,PE,934,1662991.84,967,966,602,338,26,0,118,0,1,0,2162,1.3001,934,678,21,0,72.59,967,966,97.31,Alta participação em votações,59.93,Médio engajamento parlamentar,Alto desequilíbrio atividade-despesa
77,74439,Wolney Queiroz,PDT,PE,179,507476.20,306,306,188,112,0,6,128,0,0,0,1586,3.1253,179,75,8,0,41.9,306,306,98.04,Alta participação em votações,34.76,Baixo engajamento parlamentar,Alto desequilíbrio atividade-despesa
78,74454,Eunício Oliveira,MDB,CE,189,1718508.46,647,646,380,202,64,0,31,0,0,0,957,0.5569,189,138,14,0,73.02,647,646,90.09,Alta participação em votações,43.85,Médio engajamento parlamentar,Alto desequilíbrio atividade-despesa
79,74459,Átila Lira,PP,PI,197,493797.52,389,389,229,160,0,0,268,0,0,0,3069,6.2151,197,86,15,0,43.65,389,389,100.0,Alta participação em votações,41.97,Médio engajamento parlamentar,Alto desequilíbrio atividade-despesa
80,74467,Damião Feliciano,UNIÃO,PB,685,2205787.64,1158,1158,710,443,2,3,308,0,1,0,4253,1.9281,685,356,21,0,51.97,1158,1158,99.57,Alta participação em votações,72.69,Médio engajamento parlamentar,Alto desequilíbrio atividade-despesa
81,74471,André De Paula,PSD,PE,588,468893.06,332,332,192,140,0,0,198,0,0,0,2312,4.9308,588,459,115,0,78.06,332,332,100.0,Alta participação em votações,37.96,Baixo engajamento parlamentar,Alto desequilíbrio atividade-despesa
82,74478,Luciano Bivar,MDB,PE,717,1542462.90,420,419,278,139,2,0,82,0,0,0,1240,0.8039,717,398,37,0,55.51,420,419,99.52,Alta participação em votações,38.26,Baixo engajamento parlamentar,Alto desequilíbrio atividade-despesa
83,74537,Claudio Cajado,PP,BA,2112,1986814.23,1319,1318,780,536,2,0,151,0,1,0,2844,1.4314,2112,1353,150,0,64.06,1319,1318,99.85,Alta participação em votações,74.92,Médio engajamento parlamentar,Alto desequilíbrio atividade-despesa
84,74550,João Leão,PP,BA,1372,1617394.13,836,835,504,327,4,0,109,0,0,0,1926,1.1908,1372,1048,137,0,76.38,836,835,99.52,Alta participação em votações,55.07,Médio engajamento parlamentar,Alto desequilíbrio atividade-despesa
85,74554,José Rocha,UNIÃO,BA,1463,1882100.64,1135,1134,697,437,0,0,308,0,1,0,4230,2.2475,1463,1011,88,0,69.1,1135,1134,100.0,Alta participação em votações,71.87,Médio engajamento parlamentar,Alto desequilíbrio atividade-despesa
86,74571,Nelson Pellegrino,PT,BA,0,0.00,0,0,0,0,0,0,249,0,1,0,2505,,,,,,,,,,,6.42,Baixo engajamento parlamentar,Comportamento esperado
87,74574,Paulo Magalhães,PSD,BA,1395,1872294.65,1276,1275,786,486,3,0,85,0,0,0,2126,1.1355,1395,908,166,0,65.09,1276,1275,99.76,Alta participação em votações,71.54,Médio engajamento parlamentar,Alto desequilíbrio atividade-despesa
88,74585,Lincoln Portela,PL,MG,2075,1999835.30,1315,1315,694,512,35,45,443,0,1,0,5760,2.8802,2075,1666,107,0,80.29,1315,1315,91.71,Alta participação em votações,80.68,Alto engajamento parlamentar,Comportamento esperado
89,74646,Aécio Neves,PSDB,MG,1453,1862086.99,840,839,547,292,0,0,54,0,0,0,1380,0.7411,1453,958,29,0,65.93,840,839,100.0,Alta participação em votações,53.9,Médio engajamento parlamentar,Alto desequilíbrio atividade-despesa
90,74655,Eduardo Barbosa,PSDB,MG,703,341687.22,484,484,292,191,1,0,177,0,0,0,2254,6.5967,703,553,43,0,78.66,484,484,99.79,Alta participação em votações,43.26,Médio engajamento parlamentar,Alto desequilíbrio atividade-despesa
91,74693,Rodrigo Maia,PSDB,RJ,56,138121.43,23,23,10,10,3,0,14,0,0,0,163,1.1801,56,17,4,0,30.36,23,23,86.96,Alta participação em votações,18.64,Baixo engajamento parlamentar,Alto desequilíbrio atividade-despesa
92,74696,Alberto Mourão,MDB,SP,217,737490.97,305,305,194,110,1,0,19,0,0,0,495,0.6712,217,53,6,0,24.42,305,305,99.67,Alta participação em votações,32.24,Baixo engajamento parlamentar,Alto desequilíbrio atividade-despesa
93,74749,Mauro Lopes,PP,MG,268,469276.71,366,366,214,151,1,0,245,0,1,0,2831,6.0327,268,166,20,0,61.94,366,366,99.73,Alta participação em votações,40.43,Médio engajamento parlamentar,Alto desequilíbrio atividade-despesa
94,74784,Luiza Erundina,PSOL,SP,1794,1748452.43,1250,1250,669,557,0,24,135,0,0,0,2600,1.4870,1794,1038,91,0,57.86,1250,1250,98.08,Alta participação em votações,71.5,Médio engajamento parlamentar,Alto desequilíbrio atividade-despesa
95,74806,Tadeu Filippelli,MDB,DF,2,25000.85,0,0,0,0,0,0,1,0,0,0,10,0.4000,2,1,0,0,50.0,,,,,0.03,Baixo engajamento parlamentar,Comportamento esperado
96,74848,Jandira Feghali,PCDOB,RJ,1303,1754780.03,1501,1500,878,598,1,23,152,0,0,0,3021,1.7216,1303,857,25,0,65.77,1501,1500,98.4,Alta participação em votações,81.71,Alto engajamento parlamentar,Comportamento esperado
97,74856,Laura Carneiro,PSD,RJ,1906,1548167.64,1048,1047,612,430,2,0,215,0,0,0,3198,2.0657,1906,1554,198,1,81.53,1048,1047,99.52,Alta participação em votações,66.01,Médio engajamento parlamentar,Alto desequilíbrio atividade-despesa
98,74858,Lindbergh Farias,PT,RJ,841,1167353.45,1014,1013,604,406,0,3,180,0,1,0,2829,2.4234,841,321,2,0,38.17,1014,1013,99.7,Alta participação em votações,63.83,Médio engajamento parlamentar,Alto desequilíbrio atividade-despesa
99,75431,Maurício Dziedricki,PODE,RS,954,526917.99,469,469,265,204,0,0,49,0,0,0,959,1.8200,954,836,28,0,87.63,469,469,100.0,Alta participação em votações,39.42,Baixo engajamento parlamentar,Alto desequilíbrio atividade-despesa
100,76874,Marcelo Freixo,PSB,RJ,279,332630.57,438,438,248,172,0,18,55,0,1,0,1003,3.0154,279,154,7,0,55.2,438,438,95.89,Alta participação em votações,37.56,Baixo engajamento parlamentar,Alto desequilíbrio atividade-despesa
101,77003,Sergio Santos Rodrigues,PODE,MG,71,120320.49,91,91,60,31,0,0,1,0,0,0,101,0.8394,71,71,1,0,100.0,91,91,100.0,Alta participação em votações,23.55,Baixo engajamento parlamentar,Alto desequilíbrio atividade-despesa
102,80815,Leo Prates,REPUBLICANOS,BA,972,1642588.15,923,922,567,354,1,0,88,0,0,0,1803,1.0977,972,755,27,0,77.67,923,922,99.89,Alta participação em votações,57.97,Médio engajamento parlamentar,Alto desequilíbrio atividade-despesa
103,81055,Márcio Jerry,PCDOB,MA,2008,2148085.15,1252,1251,744,494,0,13,273,0,1,0,3997,1.8607,2008,1647,79,0,82.02,1252,1251,98.96,Alta participação em votações,75.29,Alto engajamento parlamentar,Comportamento esperado
104,81297,Dra. Soraya Manato,PTB,ES,190,483047.03,510,510,282,228,0,0,148,0,0,0,1990,4.1197,190,68,17,0,35.79,510,510,100.0,Alta participação em votações,43.56,Médio engajamento parlamentar,Alto desequilíbrio atividade-despesa
105,88256,Clodoaldo Magalhães,PV,PE,880,1712000.54,902,901,530,369,0,2,100,0,0,0,1902,1.1110,880,735,21,0,83.52,902,901,99.78,Alta participação em votações,57.44,Médio engajamento parlamentar,Alto desequilíbrio atividade-despesa
106,89536,Prof. Paulo Fernando,REPUBLICANOS,DF,103,246997.40,259,259,149,106,0,0,77,0,1,0,1044,4.2268,103,97,7,0,94.17,259,259,98.46,Alta participação em votações,31.71,Baixo engajamento parlamentar,Alto desequilíbrio atividade-despesa
107,90201,Pedro Augusto Bezerra,PDT,CE,400,458166.17,380,380,231,147,0,2,227,0,0,0,2650,5.7839,400,238,7,0,59.5,380,380,99.47,Alta participação em votações,40.46,Médio engajamento parlamentar,Alto desequilíbrio atividade-despesa
108,90842,Santini,PTB,RS,0,0.00,0,0,0,0,0,0,199,0,1,0,2005,,,,,,,,,,,5.13,Baixo engajamento parlamentar,Comportamento esperado
109,91228,Waldemar Oliveira,AVANTE,PE,1299,1813566.73,1171,1170,712,456,2,0,49,0,1,0,1676,0.9241,1299,976,30,0,75.13,1171,1170,99.83,Alta participação em votações,66.56,Médio engajamento parlamentar,Alto desequilíbrio atividade-despesa
110,92102,Leur Lomanto Júnior,UNIÃO,BA,864,2119031.19,1097,1096,715,380,1,0,249,0,0,0,3587,1.6928,864,621,27,1,71.88,1097,1096,99.91,Alta participação em votações,68.86,Médio engajamento parlamentar,Alto desequilíbrio atividade-despesa
111,92172,Milton Coelho,PSB,PE,417,538981.74,296,296,176,105,0,15,6,0,1,0,371,0.6883,417,332,12,0,79.62,296,296,94.93,Alta participação em votações,30.6,Baixo engajamento parlamentar,Alto desequilíbrio atividade-despesa
112,92346,Eduardo Bolsonaro,PL,SP,1072,1197222.25,830,830,432,357,0,41,181,0,0,0,2640,2.2051,1072,730,26,0,68.1,830,830,95.06,Alta participação em votações,55.82,Médio engajamento parlamentar,Alto desequilíbrio atividade-despesa
113,92699,Fernando Monteiro,PSD,PE,1475,2111073.03,1258,1258,770,487,0,1,116,0,0,0,2418,1.1454,1475,940,77,0,63.73,1258,1258,99.92,Alta participação em votações,71.69,Médio engajamento parlamentar,Alto desequilíbrio atividade-despesa
114,92776,Stefano Aguiar,PSD,MG,1728,2076712.34,1033,1032,593,408,31,0,272,0,0,0,3753,1.8072,1728,1430,54,0,82.75,1033,1032,97.0,Alta participação em votações,66.39,Médio engajamento parlamentar,Alto desequilíbrio atividade-despesa
115,93083,Cacá Leão,PP,BA,364,475502.95,332,332,198,133,0,0,180,0,0,0,2132,4.4837,364,230,58,0,63.19,332,332,99.7,Alta participação em votações,37.44,Baixo engajamento parlamentar,Alto desequilíbrio atividade-despesa
116,98057,Lafayette De Andrada,PL,MG,1758,1974631.13,1085,1085,620,460,2,0,568,0,1,0,6780,3.4336,1758,1440,97,0,81.91,1085,1085,99.54,Alta participação em votações,76.56,Alto engajamento parlamentar,Comportamento esperado
117,98148,Cobalchini,MDB,SC,2229,1469855.24,1021,1020,565,448,7,0,169,0,0,0,2711,1.8444,2229,1852,195,0,83.09,1021,1020,99.31,Alta participação em votações,63.74,Médio engajamento parlamentar,Alto desequilíbrio atividade-despesa
118,98615,Ismael,PL,SC,1691,1446915.17,899,898,522,358,18,0,81,0,1,0,1724,1.1915,1691,1353,52,0,80.01,899,898,98.0,Alta participação em votações,56.48,Médio engajamento parlamentar,Alto desequilíbrio atividade-despesa
119,100689,Hildo Do Candango,REPUBLICANOS,GO,23,149927.90,106,106,75,31,0,0,1,0,0,0,116,0.7737,23,22,0,0,95.65,106,106,100.0,Alta participação em votações,24.13,Baixo engajamento parlamentar,Alto desequilíbrio atividade-despesa
120,103758,Luciano Azevedo,PSD,RS,860,722353.16,376,376,230,146,0,0,22,0,0,0,596,0.8251,860,694,3,0,80.7,376,376,100.0,Alta participação em votações,35.13,Baixo engajamento parlamentar,Alto desequilíbrio atividade-despesa
121,104552,Socorro Neri,PP,AC,652,1740098.93,894,893,528,365,0,0,228,0,1,0,3189,1.8327,652,515,1,0,78.99,894,893,100.0,Alta participação em votações,60.48,Médio engajamento parlamentar,Alto desequilíbrio atividade-despesa
122,105534,Alexandre Figueiredo,PSD,SE,97,135752.59,97,97,57,40,0,0,0,0,0,0,97,0.7145,97,81,1,0,83.51,97,97,100.0,Alta participação em votações,23.76,Baixo engajamento parlamentar,Alto desequilíbrio atividade-despesa
123,107283,Gleisi Hoffmann,PT,PR,1628,1575664.58,644,644,394,233,0,17,170,0,0,0,2344,1.4876,1628,1527,49,0,93.8,644,644,97.36,Alta participação em votações,48.79,Médio engajamento parlamentar,Alto desequilíbrio atividade-despesa
124,107970,Ana Paula Leão,PP,MG,1907,1559553.05,918,917,527,390,0,0,112,0,1,0,2053,1.3164,1907,1757,109,1,92.13,918,917,100.0,Alta participação em votações,58.42,Médio engajamento parlamentar,Alto desequilíbrio atividade-despesa
125,108338,Jaqueline Cassol,PP,RO,423,576371.13,409,409,225,184,0,0,78,0,0,0,1189,2.0629,423,333,15,0,78.72,409,409,100.0,Alta participação em votações,37.85,Baixo engajamento parlamentar,Alto desequilíbrio atividade-despesa
126,109429,Benes Leocádio,UNIÃO,RN,1977,2195750.27,1455,1454,901,550,3,0,209,0,1,0,3560,1.6213,1977,1630,81,0,82.45,1455,1454,99.79,Alta participação em votações,81.67,Alto engajamento parlamentar,Comportamento esperado
127,112437,João Marcelo Souza,MDB,MA,269,370988.93,221,221,130,90,0,1,98,0,0,0,1201,3.2373,269,213,12,0,79.18,221,221,99.55,Alta participação em votações,30.99,Baixo engajamento parlamentar,Alto desequilíbrio atividade-despesa
128,115200,Raniery Paulino,REPUBLICANOS,PB,47,198107.21,72,72,46,25,1,0,8,0,0,0,152,0.7673,47,40,2,0,85.11,72,72,98.61,Alta participação em votações,22.72,Baixo engajamento parlamentar,Alto desequilíbrio atividade-despesa
129,115746,Gelson Azevedo,PL,RJ,195,429849.89,478,478,272,206,0,0,158,0,0,0,2058,4.7877,195,117,0,0,60.0,478,478,100.0,Alta participação em votações,42.58,Médio engajamento parlamentar,Alto desequilíbrio atividade-despesa
130,116379,Darci De Matos,PSD,SC,1107,1083074.14,669,669,400,269,0,0,254,0,1,0,3224,2.9767,1107,825,60,0,74.53,669,669,100.0,Alta participação em votações,52.45,Médio engajamento parlamentar,Alto desequilíbrio atividade-despesa
131,118594,Marcelo Squassoni,REPUBLICANOS,SP,59,134369.00,121,121,69,52,0,0,0,0,0,0,121,0.9005,59,23,1,0,38.98,121,121,100.0,Alta participação em votações,24.69,Baixo engajamento parlamentar,Alto desequilíbrio atividade-despesa
132,121948,Adriano Do Baldy,PP,GO,2030,1966534.43,1384,1383,858,525,0,0,289,0,0,0,4274,2.1734,2030,1806,107,9,88.97,1384,1383,100.0,Alta participação em votações,81.03,Alto engajamento parlamentar,Comportamento esperado
133,122158,Pedro Paulo,PSD,RJ,540,1781756.15,830,830,529,301,0,0,256,0,1,0,3405,1.9110,540,148,54,0,27.41,830,830,100.0,Alta participação em votações,58.74,Médio engajamento parlamentar,Alto desequilíbrio atividade-despesa
134,122195,Leonardo Gadelha,PODE,PB,223,380984.06,292,292,174,118,0,0,4,0,0,0,332,0.8714,223,185,9,0,82.96,292,292,100.0,Alta participação em votações,31.41,Baixo engajamento parlamentar,Alto desequilíbrio atividade-despesa
135,122466,Ronaldo Martins,REPUBLICANOS,CE,41,155212.54,38,38,23,15,0,0,21,0,0,0,248,1.5978,41,26,2,0,63.41,38,38,100.0,Alta participação em votações,22.01,Baixo engajamento parlamentar,Alto desequilíbrio atividade-despesa
136,122974,Pedro Lucas Fernandes,UNIÃO,MA,1397,2249044.92,1155,1154,719,434,0,0,285,0,1,0,4020,1.7874,1397,1058,29,0,75.73,1155,1154,99.91,Alta participação em votações,72.04,Médio engajamento parlamentar,Alto desequilíbrio atividade-despesa
137,123086,Átila Lira,PP,PI,680,1651096.49,1066,1065,608,457,0,0,48,0,0,0,1546,0.9363,680,386,61,2,56.76,1066,1065,100.0,Alta participação em votações,62.5,Médio engajamento parlamentar,Alto desequilíbrio atividade-despesa
138,123756,Antônia Lúcia,MDB,AC,466,1959829.61,844,843,536,306,1,0,152,0,1,0,2379,1.2139,466,145,2,0,31.12,844,843,99.88,Alta participação em votações,56.56,Médio engajamento parlamentar,Alto desequilíbrio atividade-despesa
139,128760,Paulo Marinho Jr,PL,MA,112,411047.90,320,320,168,148,0,4,2,0,0,0,340,0.8272,112,43,3,0,38.39,320,320,98.75,Alta participação em votações,32.19,Baixo engajamento parlamentar,Alto desequilíbrio atividade-despesa
140,129618,Gorete Pereira,MDB,CE,25,103874.91,29,29,19,10,0,0,1,0,0,0,39,0.3755,25,25,0,0,100.0,29,29,100.0,Alta participação em votações,21.15,Baixo engajamento parlamentar,Alto desequilíbrio atividade-despesa
141,132504,Enio Verri,PT,PR,183,566308.36,464,464,265,174,0,25,213,0,0,0,2594,4.5805,183,87,29,0,47.54,464,464,94.61,Alta participação em votações,42.38,Médio engajamento parlamentar,Alto desequilíbrio atividade-despesa
142,133373,Marco Maia,PT,RS,16,20030.26,0,0,0,0,0,0,0,0,0,0,0,0.0000,16,4,1,0,25.0,,,,,0.0,Baixo engajamento parlamentar,Comportamento esperado
143,133439,André Figueiredo,PDT,CE,1272,2201245.40,1357,1356,818,525,0,13,397,0,1,0,5342,2.4268,1272,740,108,0,58.18,1357,1356,99.04,Alta participação em votações,82.57,Alto engajamento parlamentar,Comportamento esperado
144,133810,Marcelo Moraes,PL,RS,1597,1227868.51,1166,1166,596,509,0,61,116,0,0,0,2326,1.8943,1597,1137,74,0,71.2,1166,1166,94.77,Alta participação em votações,67.1,Médio engajamento parlamentar,Alto desequilíbrio atividade-despesa
145,133968,Paulo Ramos,PDT,RJ,442,452451.42,398,398,241,150,0,7,153,0,1,0,1943,4.2944,442,334,34,0,75.57,398,398,98.24,Alta participação em votações,39.0,Baixo engajamento parlamentar,Alto desequilíbrio atividade-despesa
146,134812,Edmilson Rodrigues,PSOL,PA,0,0.00,0,0,0,0,0,0,251,0,0,0,2510,,,,,,,,,,,6.47,Baixo engajamento parlamentar,Comportamento esperado
147,135054,Cristiano Vale,PP,PA,256,520164.79,369,369,211,158,0,0,257,0,0,0,2939,5.6501,256,126,29,0,49.22,369,369,100.0,Alta participação em votações,40.91,Médio engajamento parlamentar,Alto desequilíbrio atividade-despesa
148,136811,Afonso Hamm,PP,RS,3985,2265652.87,1142,1141,646,495,0,0,381,0,1,0,4967,2.1923,3985,3437,208,0,86.25,1142,1141,100.0,Alta participação em votações,74.03,Médio engajamento parlamentar,Alto desequilíbrio atividade-despesa
149,137070,Vicentinho Júnior,PSDB,TO,336,1550645.45,1109,1108,676,432,0,0,398,0,1,0,5104,3.2915,336,175,1,0,52.08,1109,1108,100.0,Alta participação em votações,73.18,Médio engajamento parlamentar,Alto desequilíbrio atividade-despesa
150,138286,Luciano Alves,PSD,PR,778,1172127.70,700,699,434,265,0,0,52,0,0,0,1220,1.0408,778,590,39,0,75.84,700,699,100.0,Alta participação em votações,48.43,Médio engajamento parlamentar,Alto desequilíbrio atividade-despesa
151,139285,Lídice Da Mata,PSB,BA,3615,2185899.27,1352,1351,790,546,0,15,338,0,1,0,4747,2.1716,3615,3062,115,0,84.7,1352,1351,98.89,Alta participação em votações,80.83,Alto engajamento parlamentar,Comportamento esperado
152,141335,Beto Faro,PT,PA,146,543575.33,433,433,241,162,1,29,119,0,0,0,1623,2.9858,146,32,1,0,21.92,433,433,93.07,Alta participação em votações,38.45,Baixo engajamento parlamentar,Alto desequilíbrio atividade-despesa
153,141372,Aelton Freitas,PP,MG,647,469133.80,359,359,197,162,0,0,8,0,0,0,439,0.9358,647,625,40,0,96.6,359,359,100.0,Alta participação em votações,34.11,Baixo engajamento parlamentar,Alto desequilíbrio atividade-despesa
154,141379,Andreia Zito,PSD,RJ,4,4553.84,0,0,0,0,0,0,0,0,0,0,0,0.0000,4,0,0,0,0.0,,,,,0.0,Baixo engajamento parlamentar,Comportamento esperado
155,141391,Arnaldo Jardim,CIDADANIA,SP,2428,1907260.40,1091,1090,649,436,2,3,244,0,1,0,3546,1.8592,2428,2035,121,0,83.81,1091,1090,99.54,Alta participação em votações,68.43,Médio engajamento parlamentar,Alto desequilíbrio atividade-despesa
156,141398,Carlos Zarattini,PT,SP,3495,2132139.45,1384,1383,814,541,2,26,275,0,1,0,4149,1.9459,3495,2870,339,1,82.12,1384,1383,97.98,Alta participação em votações,80.26,Alto engajamento parlamentar,Comportamento esperado
157,141401,Carlos Bezerra,MDB,MT,41,329841.76,167,167,105,62,0,0,10,0,0,0,267,0.8095,41,9,0,0,21.95,167,167,100.0,Alta participação em votações,26.73,Baixo engajamento parlamentar,Alto desequilíbrio atividade-despesa
158,141405,Celso Maldaner,MDB,SC,666,523048.13,336,336,186,150,0,0,280,0,0,0,3136,5.9956,666,497,16,0,74.62,336,336,100.0,Alta participação em votações,40.23,Médio engajamento parlamentar,Alto desequilíbrio atividade-despesa
159,141408,Cleber Verde,MDB,MA,476,2391896.51,1400,1399,863,535,1,0,486,0,1,0,6275,2.6234,476,244,4,0,51.26,1400,1399,99.93,Alta participação em votações,86.71,Alto engajamento parlamentar,Comportamento esperado
160,141411,Dagoberto Nogueira,PP,MS,1051,2274570.05,1410,1409,850,550,4,5,281,0,0,0,4220,1.8553,1051,687,146,0,65.37,1410,1409,99.36,Alta participação em votações,81.7,Alto engajamento parlamentar,Comportamento esperado
161,141417,Edio Lopes,PL,RR,260,574276.38,318,318,195,123,0,0,163,0,0,0,1948,3.3921,260,38,1,0,14.62,318,318,100.0,Alta participação em votações,36.52,Baixo engajamento parlamentar,Alto desequilíbrio atividade-despesa
162,141421,Eduardo Da Fonte,PP,PE,2167,2267954.31,1267,1266,779,485,2,0,300,0,1,0,4282,1.8880,2167,1651,45,0,76.19,1267,1266,99.84,Alta participação em votações,76.75,Alto engajamento parlamentar,Comportamento esperado
163,141422,Efraim Filho,UNIÃO,PB,216,517008.07,123,123,86,37,0,0,79,0,1,0,928,1.7949,216,127,4,0,58.8,123,123,100.0,Alta participação em votações,26.8,Baixo engajamento parlamentar,Alto desequilíbrio atividade-despesa
164,141427,Fábio Ramalho,MDB,MG,401,478036.76,352,352,218,128,3,3,83,0,0,0,1182,2.4726,401,214,64,0,53.37,352,352,98.3,Alta participação em votações,35.43,Baixo engajamento parlamentar,Alto desequilíbrio atividade-despesa
165,141428,Fábio Faria,PP,RN,3,1766.38,0,0,0,0,0,0,135,0,0,0,1350,764.2750,3,0,0,0,0.0,,,,,3.48,Baixo engajamento parlamentar,Comportamento esperado
166,141431,Fernando Coelho Filho,UNIÃO,PE,1289,1901325.07,1156,1155,695,452,8,0,231,0,0,0,3466,1.8229,1289,747,36,0,57.95,1156,1155,99.31,Alta participação em votações,70.56,Médio engajamento parlamentar,Alto desequilíbrio atividade-despesa
167,141434,Flaviano Melo,MDB,AC,163,552345.63,399,399,237,162,0,0,35,0,0,0,749,1.3560,163,73,12,0,44.79,399,399,100.0,Alta participação em votações,36.35,Baixo engajamento parlamentar,Alto desequilíbrio atividade-despesa
168,141439,Chico D'angelo,PDT,RJ,601,457009.61,411,411,248,156,1,6,80,0,1,0,1226,2.6827,601,473,40,0,78.7,411,411,98.3,Alta participação em votações,37.64,Baixo engajamento parlamentar,Alto desequilíbrio atividade-despesa
169,141450,Hugo Leal,PSD,RJ,1604,1319299.78,1131,1130,671,459,0,0,268,0,1,0,3826,2.9000,1604,1072,175,0,66.83,1131,1130,100.0,Alta participação em votações,70.69,Médio engajamento parlamentar,Alto desequilíbrio atividade-despesa
170,141456,Jilmar Tatto,PT,SP,499,1595992.29,837,836,520,316,0,0,63,0,1,0,1482,0.9286,499,420,30,0,84.17,837,836,100.0,Alta participação em votações,54.02,Médio engajamento parlamentar,Alto desequilíbrio atividade-despesa
171,141458,João Carlos Bacelar,PL,BA,1408,1872421.51,890,889,558,330,1,0,240,0,1,0,3305,1.7651,1408,783,86,2,55.61,890,889,99.89,Alta participação em votações,60.61,Médio engajamento parlamentar,Alto desequilíbrio atividade-despesa
172,141459,João Maia,PP,RN,1443,2437891.82,1307,1306,791,511,4,0,91,0,0,0,2217,0.9094,1443,1196,4,0,82.88,1307,1306,99.69,Alta participação em votações,72.88,Médio engajamento parlamentar,Alto desequilíbrio atividade-despesa
173,141464,José Airton Félix Cirilo,PT,CE,739,2186609.11,1117,1116,662,430,3,21,185,0,0,0,2967,1.3569,739,332,18,0,44.93,1117,1116,97.85,Alta participação em votações,67.58,Médio engajamento parlamentar,Alto desequilíbrio atividade-despesa
174,141470,José Guimarães,PT,CE,2330,2273717.20,1506,1505,866,607,4,28,254,0,0,0,4046,1.7795,2330,1727,163,0,74.12,1506,1505,97.87,Alta participação em votações,84.42,Alto engajamento parlamentar,Comportamento esperado
175,141478,Laerte Bessa,PL,DF,41,41258.77,121,121,69,51,1,0,0,0,0,0,121,2.9327,41,39,7,0,95.12,121,121,99.17,Alta participação em votações,24.52,Baixo engajamento parlamentar,Comportamento esperado
176,141480,Lázaro Botelho,PP,TO,377,1512996.43,833,833,505,327,1,0,50,0,0,0,1333,0.8810,377,196,28,0,51.99,833,833,99.88,Alta participação em votações,53.52,Médio engajamento parlamentar,Alto desequilíbrio atividade-despesa
177,141485,Luiz Carlos Busato,UNIÃO,RS,2237,1736001.29,941,940,576,364,0,0,93,0,0,0,1871,1.0778,2237,1907,229,0,85.25,941,940,100.0,Alta participação em votações,58.82,Médio engajamento parlamentar,Alto desequilíbrio atividade-despesa
178,141487,Luiz Fernando Faria,UNIÃO,MG,1014,1457707.84,843,842,538,303,1,0,128,0,1,0,2138,1.4667,1014,782,184,0,77.12,843,842,99.88,Alta participação em votações,55.9,Médio engajamento parlamentar,Alto desequilíbrio atividade-despesa
179,141488,Paulo Teixeira,PT,SP,607,438251.57,449,449,248,179,0,22,231,0,1,0,2774,6.3297,607,419,42,0,69.03,449,449,95.1,Alta participação em votações,42.36,Médio engajamento parlamentar,Alto desequilíbrio atividade-despesa
180,141508,Mauro Nazif,PSB,RO,161,162843.05,448,448,266,176,0,6,248,0,1,0,2943,18.0726,161,117,1,0,72.67,448,448,98.66,Alta participação em votações,43.47,Médio engajamento parlamentar,Alto desequilíbrio atividade-despesa
181,141513,Bilac Pinto,UNIÃO,MG,46,463117.53,355,355,193,162,0,0,186,0,0,0,2215,4.7828,46,38,23,0,82.61,355,355,100.0,Alta participação em votações,38.54,Baixo engajamento parlamentar,Alto desequilíbrio atividade-despesa
182,141515,Otavio Leite,PSDB,RJ,93,95071.55,84,84,40,44,0,0,3,0,0,0,114,1.1991,93,74,13,0,79.57,84,84,100.0,Alta participação em votações,23.33,Baixo engajamento parlamentar,Desequilíbrio moderado atividade-despesa
183,141516,Paulo Abi-ackel,PSDB,MG,2103,1819914.36,990,989,618,371,0,0,144,0,0,0,2430,1.3352,2103,1423,184,0,67.67,990,989,100.0,Alta participação em votações,62.03,Médio engajamento parlamentar,Alto desequilíbrio atividade-despesa
184,141518,Paulinho Da Força,SOLIDARIEDADE,SP,747,1183007.42,571,570,370,199,1,0,96,0,0,0,1531,1.2942,747,301,12,0,40.29,571,570,99.82,Alta participação em votações,44.53,Médio engajamento parlamentar,Alto desequilíbrio atividade-despesa
185,141523,Raul Henry,MDB,PE,457,432627.56,425,425,269,155,0,1,176,0,0,0,2185,5.0505,457,275,14,0,60.18,425,425,99.76,Alta participação em votações,40.95,Médio engajamento parlamentar,Alto desequilíbrio atividade-despesa
186,141531,Rodrigo De Castro,UNIÃO,MG,2203,1954919.99,1288,1288,780,505,3,0,250,0,0,0,3788,1.9377,2203,1746,134,0,79.26,1288,1288,99.77,Alta participação em votações,76.27,Alto engajamento parlamentar,Comportamento esperado
187,141533,Rodrigo Rollemberg,PSB,DF,208,243011.63,275,274,163,111,0,0,9,0,0,0,365,1.5020,208,207,8,0,99.52,275,274,100.0,Alta participação em votações,30.86,Baixo engajamento parlamentar,Alto desequilíbrio atividade-despesa
188,141552,Valtenir Pereira,MDB,MT,219,175262.91,209,209,129,79,0,1,147,0,0,0,1679,9.5799,219,172,6,0,78.54,209,209,99.52,Alta participação em votações,31.79,Baixo engajamento parlamentar,Alto desequilíbrio atividade-despesa
189,141553,Vanderlei Macris,PSDB,SP,280,488746.17,392,392,224,167,1,0,224,0,0,0,2632,5.3852,280,200,16,0,71.43,392,392,99.74,Alta participação em votações,40.9,Médio engajamento parlamentar,Alto desequilíbrio atividade-despesa
190,141555,Vinicius Carvalho,PL,SP,2180,1868342.84,988,988,626,362,0,0,514,0,1,0,6143,3.2879,2180,1650,92,0,75.69,988,988,100.0,Alta participação em votações,71.51,Médio engajamento parlamentar,Alto desequilíbrio atividade-despesa
191,143084,Tiago Dimas,PODE,TO,699,799806.69,718,717,447,269,0,0,158,0,0,0,2298,2.8732,699,575,48,0,82.26,718,717,99.86,Alta participação em votações,51.83,Médio engajamento parlamentar,Alto desequilíbrio atividade-despesa
192,143632,Domingos Neto,PSD,CE,548,2331388.33,869,868,526,341,1,0,308,0,0,0,3949,1.6938,548,238,62,0,43.43,869,868,99.88,Alta participação em votações,61.55,Médio engajamento parlamentar,Alto desequilíbrio atividade-despesa
193,143942,Caio Vianna,PSD,RJ,517,544139.93,601,600,373,227,0,0,48,0,0,0,1081,1.9866,517,332,43,0,64.22,601,600,100.0,Alta participação em votações,44.5,Médio engajamento parlamentar,Alto desequilíbrio atividade-despesa
194,146307,Neri Geller,PP,MT,418,511006.36,185,185,124,61,0,0,150,0,0,0,1685,3.2974,418,292,17,0,69.86,185,185,100.0,Alta participação em votações,31.03,Baixo engajamento parlamentar,Alto desequilíbrio atividade-despesa
195,146788,Marcelo Aro,PP,MG,400,461821.88,222,222,132,89,1,0,28,0,1,0,517,1.1195,400,304,70,0,76.0,222,222,99.55,Alta participação em votações,29.23,Baixo engajamento parlamentar,Alto desequilíbrio atividade-despesa
196,150418,Márcio Marinho,REPUBLICANOS,BA,1036,2041353.29,1206,1205,763,441,1,0,504,0,1,0,6261,3.0671,1036,645,78,0,62.26,1206,1205,99.92,Alta participação em votações,79.66,Alto engajamento parlamentar,Comportamento esperado
197,151208,Laercio Oliveira,PP,SE,223,481747.05,386,386,228,158,0,0,184,0,1,0,2241,4.6518,223,86,5,0,38.57,386,386,100.0,Alta participação em votações,39.69,Baixo engajamento parlamentar,Alto desequilíbrio atividade-despesa
198,151965,Maia Filho,PP,PI,21,13618.34,0,0,0,0,0,0,0,0,0,0,0,0.0000,21,15,1,0,71.43,,,,,0.0,Baixo engajamento parlamentar,Comportamento esperado
199,152605,Glauber Braga,PSOL,RJ,2844,1560126.25,1263,1262,605,583,41,33,127,0,1,0,2548,1.6332,2844,2335,115,0,82.1,1263,1262,94.14,Alta participação em votações,70.99,Médio engajamento parlamentar,Alto desequilíbrio atividade-despesa
200,152610,Roberto Alves,REPUBLICANOS,SP,322,394649.94,389,389,224,165,0,0,262,0,1,0,3024,7.6625,322,249,41,0,77.33,389,389,100.0,Alta participação em votações,41.82,Médio engajamento parlamentar,Alto desequilíbrio atividade-despesa
201,153423,Renilce Nicodemos,MDB,PA,387,1688789.66,701,700,434,266,0,0,242,0,1,0,3136,1.8570,387,87,1,0,22.48,701,700,100.0,Alta participação em votações,53.37,Médio engajamento parlamentar,Alto desequilíbrio atividade-despesa
202,154178,Milton Vieira,REPUBLICANOS,SP,586,730937.43,434,434,257,177,0,0,232,0,0,0,2754,3.7678,586,411,18,0,70.14,434,434,100.0,Alta participação em votações,42.78,Médio engajamento parlamentar,Alto desequilíbrio atividade-despesa
203,154919,Eleuses Paiva,PSD,SP,167,104157.10,187,187,103,84,0,0,0,0,0,0,187,1.7954,167,118,1,0,70.66,187,187,100.0,Alta participação em votações,27.24,Baixo engajamento parlamentar,Alto desequilíbrio atividade-despesa
204,156190,Marcel Van Hattem,NOVO,RS,1942,984402.62,1604,1603,723,769,0,107,167,0,1,0,3289,3.3411,1942,1468,98,0,75.59,1604,1603,93.08,Alta participação em votações,85.01,Alto engajamento parlamentar,Comportamento esperado
205,157130,Túlio Gadêlha,PSD,PE,2163,1959472.45,1290,1289,704,569,1,15,221,0,1,0,3515,1.7939,2163,1666,136,0,77.02,1290,1289,98.76,Alta participação em votações,75.38,Alto engajamento parlamentar,Comportamento esperado
206,159237,Assis Carvalho,PT,PI,0,0.00,0,0,0,0,0,0,171,0,0,0,1710,,,,,,,,,,,4.41,Baixo engajamento parlamentar,Comportamento esperado
207,160161,Marcelo Queiroz,PSDB,RJ,614,1351114.44,789,789,468,308,13,0,214,0,1,0,2944,2.1789,614,404,10,0,65.8,789,789,98.35,Alta participação em votações,55.74,Médio engajamento parlamentar,Alto desequilíbrio atividade-despesa
208,160508,Afonso Florence,PT,BA,586,524388.63,391,391,212,160,0,19,118,0,1,0,1586,3.0245,586,471,30,0,80.38,391,391,95.14,Alta participação em votações,37.21,Baixo engajamento parlamentar,Alto desequilíbrio atividade-despesa
209,160510,Luis Tibé,AVANTE,MG,1377,1500643.78,686,685,453,232,0,0,162,0,0,0,2306,1.5367,1377,748,129,0,54.32,686,685,100.0,Alta participação em votações,50.72,Médio engajamento parlamentar,Alto desequilíbrio atividade-despesa
210,160511,Alessandro Molon,PSB,RJ,712,418561.28,414,414,236,160,0,18,76,0,1,0,1189,2.8407,712,492,5,0,69.1,414,414,95.65,Alta participação em votações,37.12,Baixo engajamento parlamentar,Alto desequilíbrio atividade-despesa
211,160512,Aureo Ribeiro,SOLIDARIEDADE,RJ,868,1842868.78,1201,1200,771,425,4,0,386,0,1,0,5076,2.7544,868,244,2,0,28.11,1201,1200,99.67,Alta participação em votações,76.37,Alto engajamento parlamentar,Comportamento esperado
212,160517,Paulo Folletto,PSB,ES,998,2060014.19,1075,1074,653,406,2,9,260,0,0,0,3675,1.7840,998,723,67,0,72.44,1075,1074,98.6,Alta participação em votações,68.03,Médio engajamento parlamentar,Alto desequilíbrio atividade-despesa
213,160518,Weliton Prado,SOLIDARIEDADE,MG,752,1875879.86,1265,1264,762,478,24,0,337,0,1,0,4650,2.4788,752,483,11,0,64.23,1265,1264,98.1,Alta participação em votações,77.27,Alto engajamento parlamentar,Comportamento esperado
214,160527,Aguinaldo Ribeiro,PP,PB,1808,1957964.83,943,942,598,341,0,0,154,0,0,0,2483,1.2682,1808,1258,38,0,69.58,943,942,99.68,Alta participação em votações,60.4,Médio engajamento parlamentar,Alto desequilíbrio atividade-despesa
215,160528,Danilo Cabral,PSB,PE,312,415076.27,375,375,218,149,0,8,176,0,1,0,2150,5.1798,312,213,7,0,68.27,375,375,97.87,Alta participação em votações,38.63,Baixo engajamento parlamentar,Alto desequilíbrio atividade-despesa
216,160531,Jhonatan De Jesus,REPUBLICANOS,RR,166,643118.11,414,414,238,174,0,0,178,0,0,0,2194,3.4115,166,24,0,0,14.46,414,414,99.52,Alta participação em votações,40.52,Médio engajamento parlamentar,Alto desequilíbrio atividade-despesa
217,160532,Eli Corrêa Filho,UNIÃO,SP,181,345092.86,451,451,252,199,0,0,174,0,1,0,2206,6.3925,181,51,1,0,28.18,451,451,100.0,Alta participação em votações,41.95,Médio engajamento parlamentar,Alto desequilíbrio atividade-despesa
218,160534,Lauriete,PSC,ES,286,454183.92,475,475,275,200,0,0,63,0,0,0,1105,2.4329,286,174,72,0,60.84,475,475,100.0,Alta participação em votações,40.02,Médio engajamento parlamentar,Alto desequilíbrio atividade-despesa
219,160535,Marcon,PT,RS,4212,2012833.88,1351,1350,766,552,4,28,330,0,0,0,4651,2.3107,4212,3772,116,1,89.55,1351,1350,97.63,Alta participação em votações,80.33,Alto engajamento parlamentar,Comportamento esperado
220,160538,Bohn Gass,PT,RS,4473,2314230.49,1442,1441,829,581,1,30,270,0,1,0,4157,1.7963,4473,3957,224,0,88.46,1442,1441,97.85,Alta participação em votações,82.35,Alto engajamento parlamentar,Comportamento esperado
221,160541,Arthur Lira,PP,AL,801,773712.24,707,707,99,21,0,0,70,0,0,0,1407,1.8185,801,617,5,0,77.03,707,707,16.97,Baixa participação em votações,32.58,Baixo engajamento parlamentar,Alto desequilíbrio atividade-despesa
222,160542,Márcio Macêdo,PT,SE,226,309501.14,233,233,139,86,1,7,1,0,0,0,243,0.7851,226,140,5,0,61.95,233,233,96.57,Alta participação em votações,28.36,Baixo engajamento parlamentar,Alto desequilíbrio atividade-despesa
223,160545,Alexandre Leite,UNIÃO,SP,966,1056394.36,760,760,458,298,4,0,278,0,0,0,3540,3.3510,966,550,16,2,56.94,760,760,99.47,Alta participação em votações,56.49,Médio engajamento parlamentar,Alto desequilíbrio atividade-despesa
224,160548,Jonas Donizette,PSB,SP,2627,1678281.44,978,977,606,369,1,1,91,0,0,0,1888,1.1250,2627,2334,50,0,88.85,978,977,99.8,Alta participação em votações,60.16,Médio engajamento parlamentar,Alto desequilíbrio atividade-despesa
225,160552,Danrlei De Deus Hinterholz,PSD,RS,1224,956341.21,684,684,398,286,0,0,38,0,1,0,1079,1.1283,1224,987,30,0,80.64,684,684,100.0,Alta participação em votações,47.47,Médio engajamento parlamentar,Alto desequilíbrio atividade-despesa
226,160553,Antonio Brito,PSD,BA,2379,2162160.11,655,654,449,205,0,0,298,0,1,0,3650,1.6881,2379,1535,278,0,64.52,655,654,100.0,Alta participação em votações,53.02,Médio engajamento parlamentar,Alto desequilíbrio atividade-despesa
227,160556,Padre João,PT,MG,2635,2001056.44,1459,1458,850,577,0,31,411,0,1,0,5584,2.7905,2635,2363,185,0,89.68,1459,1458,97.87,Alta participação em votações,86.65,Alto engajamento parlamentar,Comportamento esperado
228,160558,Paulo Freire Costa,PL,SP,717,1899355.21,1362,1361,729,560,6,66,247,0,0,0,3832,2.0175,717,194,0,0,27.06,1362,1361,94.71,Alta participação em votações,78.03,Alto engajamento parlamentar,Comportamento esperado
229,160559,Alceu Moreira,MDB,RS,3794,2254529.46,1246,1245,733,512,0,0,319,0,1,0,4451,1.9742,3794,3302,264,0,87.03,1246,1245,100.0,Alta participação em votações,76.46,Alto engajamento parlamentar,Comportamento esperado
230,160561,Missionário José Olimpio,PL,SP,282,350679.41,271,271,145,126,0,0,2,0,1,0,306,0.8726,282,271,19,0,96.1,271,271,100.0,Alta participação em votações,30.55,Baixo engajamento parlamentar,Alto desequilíbrio atividade-despesa
231,160569,Waldenor Pereira,PT,BA,1431,2159790.77,1201,1200,698,482,0,20,268,0,0,0,3881,1.7969,1431,883,168,0,61.71,1201,1200,98.33,Alta participação em votações,73.06,Médio engajamento parlamentar,Alto desequilíbrio atividade-despesa
232,160570,Jerônimo Goergen,PP,RS,748,509801.88,284,284,166,117,1,0,179,0,1,0,2089,4.0977,748,576,36,0,77.01,284,284,99.65,Alta participação em votações,35.54,Baixo engajamento parlamentar,Alto desequilíbrio atividade-despesa
233,160575,Erika Kokay,PT,DF,1721,1750331.22,1650,1649,920,702,0,25,375,0,1,0,5415,3.0937,1721,1720,44,0,99.94,1650,1649,98.36,Alta participação em votações,93.21,Alto engajamento parlamentar,Comportamento esperado
234,160587,Fábio Trad,PSD,MS,161,254502.90,422,422,236,186,0,0,284,0,1,0,3277,12.8761,161,116,4,0,72.05,422,422,100.0,Alta participação em votações,43.66,Médio engajamento parlamentar,Alto desequilíbrio atividade-despesa
235,160588,Diego Andrade,PSD,MG,1421,1906139.11,816,815,532,283,0,0,277,0,1,0,3601,1.8892,1421,835,132,0,58.76,816,815,100.0,Alta participação em votações,58.72,Médio engajamento parlamentar,Alto desequilíbrio atividade-despesa
236,160589,Bruna Furlan,PSDB,SP,107,136288.85,148,148,85,53,10,0,42,0,0,0,568,4.1676,107,72,3,0,67.29,148,148,93.24,Alta participação em votações,25.46,Baixo engajamento parlamentar,Alto desequilíbrio atividade-despesa
237,160591,Vinicius Gurgel,PL,AP,463,2132879.95,916,916,535,342,7,32,44,0,0,0,1356,0.6358,463,194,0,0,41.9,916,916,95.74,Alta participação em votações,55.75,Médio engajamento parlamentar,Alto desequilíbrio atividade-despesa
238,160592,Zeca Dirceu,PT,PR,2149,2036854.47,1292,1291,747,515,4,25,294,0,1,0,4247,2.0851,2149,1753,194,0,81.57,1292,1291,97.75,Alta participação em votações,77.14,Alto engajamento parlamentar,Comportamento esperado
239,160598,Flávia Morais,MDB,GO,703,1835298.38,1199,1198,754,437,0,7,425,0,1,0,5464,2.9772,703,620,113,0,88.19,1199,1198,99.42,Alta participação em votações,77.25,Alto engajamento parlamentar,Comportamento esperado
240,160599,Dimas Fabiano,PP,MG,5185,1883717.56,1320,1319,815,498,5,1,65,0,0,0,1970,1.0458,5185,4984,128,0,96.12,1320,1319,99.55,Alta participação em votações,72.69,Médio engajamento parlamentar,Alto desequilíbrio atividade-despesa
241,160600,Arthur Oliveira Maia,UNIÃO,BA,1830,2174337.28,1014,1013,624,381,8,0,373,0,0,0,4744,2.1818,1830,1260,49,0,68.85,1014,1013,99.21,Alta participação em votações,68.7,Médio engajamento parlamentar,Alto desequilíbrio atividade-despesa
242,160601,Pr. Marco Feliciano,PL,SP,556,2061574.75,1444,1443,759,635,2,47,193,0,0,0,3374,1.6366,556,155,1,0,27.88,1444,1443,96.6,Alta participação em votações,80.19,Alto engajamento parlamentar,Comportamento esperado
243,160604,Pedro Uczai,PT,SC,3805,1997829.36,1339,1338,777,534,2,25,431,0,1,0,5664,2.8351,3805,3238,303,0,85.1,1339,1338,97.98,Alta participação em votações,82.54,Alto engajamento parlamentar,Comportamento esperado
244,160610,Valmir Assunção,PT,BA,1535,2124098.92,1269,1269,747,494,1,27,342,0,0,0,4689,2.2075,1535,978,121,0,63.71,1269,1269,97.79,Alta participação em votações,77.51,Alto engajamento parlamentar,Comportamento esperado
245,160619,José Nunes,PSD,BA,224,255249.91,199,199,121,78,0,0,161,0,0,0,1809,7.0872,224,176,20,0,78.57,199,199,100.0,Alta participação em votações,31.85,Baixo engajamento parlamentar,Alto desequilíbrio atividade-despesa
246,160621,Sandro Alex,PSD,PR,377,492633.91,334,334,192,142,0,0,24,0,0,0,574,1.1652,377,274,15,0,72.68,334,334,100.0,Alta participação em votações,33.55,Baixo engajamento parlamentar,Alto desequilíbrio atividade-despesa
247,160629,Romero Rodrigues,PODE,PB,460,1562149.05,1009,1008,639,351,18,0,186,0,0,0,2869,1.8366,460,302,33,0,65.65,1009,1008,98.21,Alta participação em votações,63.49,Médio engajamento parlamentar,Alto desequilíbrio atividade-despesa
248,160632,Zé Silva,UNIÃO,MG,1577,1997211.67,1172,1171,739,432,0,0,398,0,1,0,5167,2.5871,1577,1310,149,0,83.07,1172,1171,100.0,Alta participação em votações,75.62,Alto engajamento parlamentar,Comportamento esperado
249,160635,Ruy Carneiro,PODE,PB,1181,2247002.91,1112,1111,651,459,0,0,383,0,0,0,4942,2.1994,1181,1040,52,0,88.06,1112,1111,99.91,Alta participação em votações,72.9,Médio engajamento parlamentar,Alto desequilíbrio atividade-despesa
250,160639,Professora Dorinha Seabra Rezende,UNIÃO,TO,297,352613.17,294,294,185,109,0,0,148,0,0,0,1774,5.0310,297,146,24,1,49.16,294,294,100.0,Alta participação em votações,35.2,Baixo engajamento parlamentar,Alto desequilíbrio atividade-despesa
251,160640,Eros Biondini,PL,MG,1762,1800271.22,1410,1410,740,601,0,69,451,0,1,0,5935,3.2967,1762,1225,62,0,69.52,1410,1410,95.11,Alta participação em votações,85.25,Alto engajamento parlamentar,Comportamento esperado
252,160641,Professora Marcivania,PCDOB,AP,186,888438.48,744,743,440,278,0,25,195,0,0,0,2694,3.0323,186,119,6,0,63.98,744,743,96.64,Alta participação em votações,53.15,Médio engajamento parlamentar,Alto desequilíbrio atividade-despesa
253,160642,Pastor Eurico,PSDB,PE,2030,2179236.25,1337,1336,701,586,0,49,328,0,0,0,4617,2.1186,2030,1593,90,1,78.47,1337,1336,96.33,Alta participação em votações,79.48,Alto engajamento parlamentar,Comportamento esperado
254,160645,Luiz Carlos,PSDB,AP,126,452149.63,235,235,140,95,0,0,96,0,0,0,1195,2.6429,126,40,7,0,31.75,235,235,100.0,Alta participação em votações,31.57,Baixo engajamento parlamentar,Alto desequilíbrio atividade-despesa
255,160651,Rogério Peninha Mendonça,MDB,SC,391,427838.44,413,413,219,194,0,0,186,0,1,0,2288,5.3478,391,217,32,0,55.5,413,413,100.0,Alta participação em votações,40.79,Médio engajamento parlamentar,Alto desequilíbrio atividade-despesa
256,160653,Roberto De Lucena,REPUBLICANOS,SP,524,450309.13,408,408,223,185,0,0,192,0,1,0,2343,5.2031,524,415,21,2,79.2,408,408,100.0,Alta participação em votações,40.75,Médio engajamento parlamentar,Alto desequilíbrio atividade-despesa
257,160655,Ricardo Izar,REPUBLICANOS,SP,220,428310.34,284,284,169,114,1,0,239,0,1,0,2689,6.2782,220,115,5,0,52.27,284,284,99.65,Alta participação em votações,37.09,Baixo engajamento parlamentar,Alto desequilíbrio atividade-despesa
258,160665,Augusto Coutinho,REPUBLICANOS,PE,2111,2273086.79,1347,1346,830,514,2,0,410,0,1,0,5462,2.4029,2111,1739,95,0,82.38,1347,1346,99.85,Alta participação em votações,82.68,Alto engajamento parlamentar,Comportamento esperado
259,160666,Félix Mendonça Júnior,PDT,BA,1346,2006539.17,1400,1399,860,528,4,7,422,0,1,0,5635,2.8083,1346,850,51,0,63.15,1400,1399,99.21,Alta participação em votações,84.91,Alto engajamento parlamentar,Comportamento esperado
260,160667,Guilherme Mussi,PP,SP,101,273416.64,244,244,141,103,0,0,114,0,0,0,1384,5.0619,101,9,0,0,8.91,244,244,100.0,Alta participação em votações,32.39,Baixo engajamento parlamentar,Alto desequilíbrio atividade-despesa
261,160669,Genecias Noronha,PL,CE,137,507949.58,260,260,148,112,0,0,109,0,0,0,1350,2.6577,137,41,0,0,29.93,260,260,100.0,Alta participação em votações,32.88,Baixo engajamento parlamentar,Alto desequilíbrio atividade-despesa
262,160673,Giovani Cherini,PL,RS,3193,2291676.32,1428,1427,766,599,2,60,315,0,1,0,4593,2.0042,3193,2909,133,1,91.11,1428,1427,95.66,Alta participação em votações,82.53,Alto engajamento parlamentar,Comportamento esperado
263,160674,Hugo Motta,REPUBLICANOS,PB,1552,2312128.10,931,930,429,243,0,0,213,0,0,0,3061,1.3239,1552,1226,13,0,78.99,931,930,72.26,Participação moderada em votações,55.98,Médio engajamento parlamentar,Alto desequilíbrio atividade-despesa
264,160758,Domingos Sávio,PL,MG,2394,2075974.67,1327,1326,737,543,1,45,399,0,1,0,5332,2.5684,2394,1997,273,0,83.42,1327,1326,96.53,Alta participação em votações,80.96,Alto engajamento parlamentar,Comportamento esperado
265,160976,Tiririca,PSD,SP,742,1600473.67,1207,1207,728,460,1,18,201,0,0,0,3217,2.0100,742,203,35,0,27.36,1207,1207,98.43,Alta participação em votações,71.61,Médio engajamento parlamentar,Alto desequilíbrio atividade-despesa
266,161440,Pezenti,MDB,SC,1058,1177924.88,995,994,541,453,0,0,234,0,0,0,3335,2.8313,1058,850,51,0,80.34,995,994,100.0,Alta participação em votações,64.54,Médio engajamento parlamentar,Alto desequilíbrio atividade-despesa
267,161550,Emidinho Madeira,PL,MG,1968,1911979.28,1073,1072,627,396,8,41,322,0,1,0,4308,2.2532,1968,1808,123,0,91.87,1073,1072,95.43,Alta participação em votações,68.92,Médio engajamento parlamentar,Alto desequilíbrio atividade-despesa
268,162067,Kiko Celeguim,PT,SP,980,1702783.88,925,924,554,365,2,3,92,0,0,0,1845,1.0835,980,690,13,0,70.41,925,924,99.46,Alta participação em votações,58.07,Médio engajamento parlamentar,Alto desequilíbrio atividade-despesa
269,162332,Luiz Nishimori,PSD,PR,1188,2103504.17,1132,1131,675,454,2,0,383,0,1,0,4977,2.3661,1188,737,47,0,62.04,1132,1131,99.82,Alta participação em votações,73.65,Médio engajamento parlamentar,Alto desequilíbrio atividade-despesa
270,163321,Ronaldo Nogueira,REPUBLICANOS,RS,2325,1119752.52,687,686,424,262,0,0,19,0,0,0,877,0.7832,2325,2132,142,0,91.7,687,686,100.0,Alta participação em votações,47.08,Médio engajamento parlamentar,Alto desequilíbrio atividade-despesa
271,164359,Delegado Waldir,UNIÃO,GO,169,384964.64,407,407,243,164,0,0,63,0,0,0,1037,2.6938,169,168,3,0,99.41,407,407,100.0,Alta participação em votações,37.39,Baixo engajamento parlamentar,Alto desequilíbrio atividade-despesa
272,164360,Carmen Zanotto,CIDADANIA,SC,613,460651.46,585,585,314,255,7,2,126,0,1,0,1860,4.0378,613,480,29,0,78.3,585,585,97.26,Alta participação em votações,45.35,Médio engajamento parlamentar,Alto desequilíbrio atividade-despesa
273,165470,Rodrigo Valadares,PL,SE,668,1461024.95,936,935,499,435,1,0,136,0,1,0,2311,1.5818,668,387,19,0,57.93,936,935,99.89,Alta participação em votações,59.71,Médio engajamento parlamentar,Alto desequilíbrio atividade-despesa
274,166402,Magda Mofatto,PL,GO,931,1897119.61,1281,1280,723,554,1,2,132,0,0,0,2601,1.3710,931,867,118,1,93.13,1281,1280,99.77,Alta participação em votações,72.95,Médio engajamento parlamentar,Alto desequilíbrio atividade-despesa
275,167614,Severino Ninho,PSB,PE,48,23834.49,0,0,0,0,0,0,0,0,0,0,0,0.0000,48,35,2,0,72.92,,,,,0.0,Baixo engajamento parlamentar,Comportamento esperado
276,168175,Simplício Araújo,SOLIDARIEDADE,MA,17,26825.37,0,0,0,0,0,0,5,0,0,0,50,1.8639,17,2,0,0,11.76,,,,,0.13,Baixo engajamento parlamentar,Comportamento esperado
277,171139,Loreny,SOLIDARIEDADE,SP,133,64801.73,44,44,28,16,0,0,0,0,0,0,44,0.6790,133,95,3,0,71.43,44,44,100.0,Alta participação em votações,21.7,Baixo engajamento parlamentar,Desequilíbrio moderado atividade-despesa
278,171617,Paulão,PT,AL,1288,1839670.35,1392,1391,797,562,6,26,176,0,0,0,3152,1.7134,1288,972,141,0,75.47,1392,1391,97.7,Alta participação em votações,77.96,Alto engajamento parlamentar,Comportamento esperado
279,171619,Margarida Salomão,PT,MG,0,0.00,0,0,0,0,0,0,82,0,1,0,835,,,,,,,,,,,2.11,Baixo engajamento parlamentar,Comportamento esperado
280,171623,Fabio Reis,PSD,SE,838,1291853.90,835,835,507,327,0,1,224,0,0,0,3075,2.3803,838,560,107,0,66.83,835,835,99.88,Alta participação em votações,58.08,Médio engajamento parlamentar,Alto desequilíbrio atividade-despesa
281,171786,Miguel Ângelo,PT,MG,1718,1449322.55,856,855,500,354,0,1,64,0,0,0,1496,1.0322,1718,1591,72,0,92.61,856,855,99.88,Alta participação em votações,54.75,Médio engajamento parlamentar,Alto desequilíbrio atividade-despesa
282,175765,Ribamar Silva,PODE,SP,470,597927.17,401,400,243,157,0,0,12,0,0,0,521,0.8713,470,395,32,0,84.04,401,400,100.0,Alta participação em votações,35.82,Baixo engajamento parlamentar,Alto desequilíbrio atividade-despesa
283,177282,Subtenente Gonzaga,PSD,MG,1171,467543.29,388,388,224,162,0,2,264,0,1,0,3043,6.5085,1171,1048,34,0,89.5,388,388,99.48,Alta participação em votações,41.72,Médio engajamento parlamentar,Alto desequilíbrio atividade-despesa
284,178825,Leo De Brito,PT,AC,593,553908.89,445,445,247,170,0,28,7,0,0,0,515,0.9298,593,479,17,0,80.78,445,445,93.71,Alta participação em votações,36.15,Baixo engajamento parlamentar,Alto desequilíbrio atividade-despesa
285,178829,Capitão Augusto,PL,SP,2590,2233674.04,1409,1409,749,592,11,57,267,0,1,0,4094,1.8329,2590,2380,213,0,91.89,1409,1409,95.17,Alta participação em votações,80.48,Alto engajamento parlamentar,Comportamento esperado
286,178830,Dr. Sinval Malheiros,PODE,SP,37,32344.74,0,0,0,0,0,0,4,0,0,0,40,1.2367,37,28,4,0,75.68,,,,,0.1,Baixo engajamento parlamentar,Comportamento esperado
287,178831,André Abdon,PP,AP,537,925882.04,613,613,387,226,0,0,256,0,0,0,3173,3.4270,537,393,18,0,73.18,613,613,100.0,Alta participação em votações,50.34,Médio engajamento parlamentar,Alto desequilíbrio atividade-despesa
288,178832,Leandre,PSD,PR,719,516890.12,355,355,203,152,0,0,113,0,1,0,1500,2.9020,719,605,15,0,84.14,355,355,100.0,Alta participação em votações,36.66,Baixo engajamento parlamentar,Alto desequilíbrio atividade-despesa
289,178833,Alexandre Serfiotis,PSD,RJ,0,0.00,0,0,0,0,0,0,206,0,0,0,2060,,,,,,,,,,,5.31,Baixo engajamento parlamentar,Comportamento esperado
290,178835,Afonso Motta,PDT,RS,3398,2315219.13,1476,1475,895,569,3,8,248,0,1,0,3971,1.7152,3398,2856,127,1,84.05,1476,1475,99.25,Alta participação em votações,83.38,Alto engajamento parlamentar,Comportamento esperado
291,178836,Alan Rick,UNIÃO,AC,214,398952.26,369,369,218,151,0,0,233,0,1,0,2714,6.8028,214,159,14,0,74.3,369,369,100.0,Alta participação em votações,40.29,Médio engajamento parlamentar,Alto desequilíbrio atividade-despesa
292,178839,Jéssica Sales,MDB,AC,118,568537.77,158,158,94,64,0,0,170,0,0,0,1858,3.2680,118,66,0,0,55.93,158,158,100.0,Alta participação em votações,30.5,Baixo engajamento parlamentar,Alto desequilíbrio atividade-despesa
293,178842,Jhc,PSB,AL,0,0.00,0,0,0,0,0,0,169,0,0,0,1690,,,,,,,,,,,4.36,Baixo engajamento parlamentar,Comportamento esperado
294,178843,Marx Beltrão,UNIÃO,AL,859,2202056.41,1181,1180,700,480,0,0,318,0,0,0,4361,1.9804,859,435,25,0,50.64,1181,1180,100.0,Alta participação em votações,73.91,Médio engajamento parlamentar,Alto desequilíbrio atividade-despesa
295,178844,Pedro Vilela,PSDB,AL,245,530299.47,371,371,221,150,0,0,9,0,0,0,461,0.8693,245,150,0,0,61.22,371,371,100.0,Alta participação em votações,34.6,Baixo engajamento parlamentar,Alto desequilíbrio atividade-despesa
296,178854,Elmar Nascimento,UNIÃO,BA,747,1932669.88,462,462,300,156,1,0,76,0,0,0,1222,0.6323,747,330,49,0,44.18,462,462,98.7,Alta participação em votações,39.59,Baixo engajamento parlamentar,Alto desequilíbrio atividade-despesa
297,178857,Jorge Solla,PT,BA,5487,2124801.85,1281,1280,748,501,3,28,432,0,1,0,5616,2.6431,5487,4973,172,0,90.63,1281,1280,97.58,Alta participação em votações,80.24,Alto engajamento parlamentar,Comportamento esperado
298,178858,Mário Negromonte Jr.,PSB,BA,876,2084909.69,1228,1227,747,480,0,0,266,0,1,0,3903,1.8720,876,541,47,0,61.76,1228,1227,100.0,Alta participação em votações,74.39,Médio engajamento parlamentar,Alto desequilíbrio atividade-despesa
299,178860,Paulo Azi,UNIÃO,BA,904,2166899.93,1125,1124,662,461,1,0,85,0,0,0,1975,0.9114,904,685,20,0,75.77,1125,1124,99.91,Alta participação em votações,65.72,Médio engajamento parlamentar,Alto desequilíbrio atividade-despesa
300,178861,Ronaldo Carletto,PP,BA,179,487848.03,442,442,253,189,0,0,94,0,0,0,1382,2.8328,179,104,2,0,58.1,442,442,100.0,Alta participação em votações,39.54,Baixo engajamento parlamentar,Alto desequilíbrio atividade-despesa
301,178862,Tia Eron,REPUBLICANOS,BA,33,111514.38,125,125,69,56,0,0,0,0,0,0,125,1.1209,33,18,1,0,54.55,125,125,100.0,Alta participação em votações,24.84,Baixo engajamento parlamentar,Alto desequilíbrio atividade-despesa
302,178863,Uldurico Junior,MDB,BA,215,517893.73,294,294,169,125,0,0,232,0,0,0,2614,5.0474,215,27,0,0,12.56,294,294,100.0,Alta participação em votações,37.36,Baixo engajamento parlamentar,Alto desequilíbrio atividade-despesa
303,178866,Luizianne Lins,REDE,CE,1616,2312651.34,1282,1281,760,487,11,23,187,0,1,0,3167,1.3694,1616,1203,298,1,74.44,1282,1281,97.35,Alta participação em votações,73.91,Médio engajamento parlamentar,Alto desequilíbrio atividade-despesa
304,178868,Odorico Monteiro,PSB,CE,0,0.00,0,0,0,0,0,0,0,0,0,0,0,,,,,,,,,,,0.0,Baixo engajamento parlamentar,Comportamento esperado
305,178871,Evair Vieira De Melo,REPUBLICANOS,ES,1560,2120385.68,1363,1362,727,635,0,0,439,0,1,0,5768,2.7203,1560,1226,79,2,78.59,1363,1362,100.0,Alta participação em votações,84.08,Alto engajamento parlamentar,Comportamento esperado
306,178873,Helder Salomão,PT,ES,2603,1578853.20,1629,1628,918,679,1,28,353,0,0,0,5159,3.2676,2603,2463,53,1,94.62,1629,1628,98.1,Alta participação em votações,91.78,Alto engajamento parlamentar,Comportamento esperado
307,178874,Sergio Vidigal,PDT,ES,0,0.00,0,0,0,0,0,0,276,0,1,0,2775,,,,,,,,,,,7.11,Baixo engajamento parlamentar,Comportamento esperado
308,178876,Célio Silveira,MDB,GO,993,1755495.69,1163,1163,711,451,1,0,480,0,1,0,5978,3.4053,993,946,10,0,95.27,1163,1163,99.91,Alta participação em votações,77.39,Alto engajamento parlamentar,Comportamento esperado
309,178879,Lucas Vergilio,SOLIDARIEDADE,GO,173,354927.30,126,126,79,47,0,0,146,0,0,0,1586,4.4685,173,172,2,0,99.42,126,126,100.0,Alta participação em votações,28.64,Baixo engajamento parlamentar,Alto desequilíbrio atividade-despesa
310,178881,Aluisio Mendes,REPUBLICANOS,MA,1695,1995449.70,1352,1351,789,562,0,0,367,0,0,0,5022,2.5167,1695,1299,77,0,76.64,1352,1351,100.0,Alta participação em votações,81.79,Alto engajamento parlamentar,Comportamento esperado
311,178882,André Fufuca,PP,MA,445,649221.54,248,248,161,87,0,0,88,0,0,0,1128,1.7375,445,38,0,0,8.54,248,248,100.0,Alta participação em votações,31.87,Baixo engajamento parlamentar,Alto desequilíbrio atividade-despesa
312,178884,Hildo Rocha,MDB,MA,792,1140196.14,1026,1025,611,406,3,1,177,0,1,0,2811,2.4654,792,622,7,0,78.54,1026,1025,99.22,Alta participação em votações,64.12,Médio engajamento parlamentar,Alto desequilíbrio atividade-despesa
313,178886,Juscelino Filho,PSDB,MA,308,846249.14,719,718,446,272,0,0,43,0,1,0,1164,1.3755,308,114,55,0,37.01,719,718,100.0,Alta participação em votações,48.93,Médio engajamento parlamentar,Alto desequilíbrio atividade-despesa
314,178887,Rubens Pereira Júnior,PT,MA,479,2275485.87,1563,1562,909,635,1,17,207,0,0,0,3633,1.5966,479,216,1,0,45.09,1563,1562,98.85,Alta participação em votações,85.61,Alto engajamento parlamentar,Comportamento esperado
315,178888,Victor Mendes,MDB,MA,70,171221.33,171,171,109,58,4,0,4,0,0,0,211,1.2323,70,61,4,0,87.14,171,171,97.66,Alta participação em votações,26.26,Baixo engajamento parlamentar,Alto desequilíbrio atividade-despesa
316,178889,Zé Carlos,PT,MA,738,531285.53,429,429,241,162,0,26,204,0,1,0,2484,4.6755,738,610,41,0,82.66,429,429,93.94,Alta participação em votações,40.66,Médio engajamento parlamentar,Alto desequilíbrio atividade-despesa
317,178895,Misael Varella,PSD,MG,695,2059179.79,1144,1143,699,442,2,0,220,0,0,0,3344,1.6239,695,538,56,0,77.41,1144,1143,99.83,Alta participação em votações,69.92,Médio engajamento parlamentar,Alto desequilíbrio atividade-despesa
318,178896,Newton Cardoso Jr,MDB,MG,938,1742474.64,836,836,525,296,12,3,391,0,1,0,4761,2.7323,938,680,12,0,72.49,836,836,98.21,Alta participação em votações,62.09,Médio engajamento parlamentar,Alto desequilíbrio atividade-despesa
319,178901,Tereza Cristina,PP,MS,189,268228.33,307,307,177,130,0,0,6,0,0,0,367,1.3682,189,100,7,0,52.91,307,307,100.0,Alta participação em votações,32.04,Baixo engajamento parlamentar,Alto desequilíbrio atividade-despesa
320,178905,Fabio Garcia,UNIÃO,MT,119,127042.77,96,96,61,35,0,0,78,0,0,0,876,6.8953,119,75,2,0,63.03,96,96,100.0,Alta participação em votações,25.73,Baixo engajamento parlamentar,Alto desequilíbrio atividade-despesa
321,178908,Delegado Éder Mauro,PL,PA,470,2372536.24,1170,1169,622,502,1,44,357,0,1,0,4755,2.0042,470,225,0,0,47.87,1170,1169,96.15,Alta participação em votações,73.72,Médio engajamento parlamentar,Alto desequilíbrio atividade-despesa
322,178909,Hélio Leite,UNIÃO,PA,480,1310637.86,631,631,383,248,0,0,151,0,0,0,2141,1.6336,480,265,11,0,55.21,631,631,100.0,Alta participação em votações,48.33,Médio engajamento parlamentar,Alto desequilíbrio atividade-despesa
323,178910,Joaquim Passarinho,PL,PA,1468,1961730.05,1502,1501,800,628,3,70,304,0,1,0,4557,2.3229,1468,841,40,0,57.29,1502,1501,95.14,Alta participação em votações,85.01,Alto engajamento parlamentar,Comportamento esperado
324,178912,Pedro Cunha Lima,PSDB,PB,71,117995.31,178,178,91,87,0,0,110,0,0,0,1278,10.8309,71,36,1,0,50.7,178,178,100.0,Alta participação em votações,29.73,Baixo engajamento parlamentar,Alto desequilíbrio atividade-despesa
325,178916,Daniel Coelho,CIDADANIA,PE,420,477402.32,370,370,203,162,1,4,117,0,1,0,1555,3.2572,420,289,44,0,68.81,370,370,98.65,Alta participação em votações,37.07,Baixo engajamento parlamentar,Alto desequilíbrio atividade-despesa
326,178920,Ricardo Teobaldo,PODE,PE,174,546010.38,319,319,185,134,0,0,170,0,0,0,2019,3.6977,174,107,5,0,61.49,319,319,100.0,Alta participação em votações,36.73,Baixo engajamento parlamentar,Alto desequilíbrio atividade-despesa
327,178921,Sebastião Oliveira,AVANTE,PE,406,547479.37,265,265,160,105,0,0,77,0,0,0,1035,1.8905,406,304,27,0,74.88,265,265,100.0,Alta participação em votações,32.24,Baixo engajamento parlamentar,Alto desequilíbrio atividade-despesa
328,178922,Tadeu Alencar,PSB,PE,1008,498765.65,406,406,219,169,0,18,131,0,1,0,1731,3.4706,1008,877,38,0,87.0,406,406,95.57,Alta participação em votações,38.21,Baixo engajamento parlamentar,Alto desequilíbrio atividade-despesa
329,178923,Zeca Cavalcanti,PTB,PE,5,34641.54,0,0,0,0,0,0,0,0,0,0,0,0.0000,5,2,0,0,40.0,,,,,0.0,Baixo engajamento parlamentar,Comportamento esperado
330,178924,Capitão Fábio Abreu,PSD,PI,182,532361.12,443,443,255,188,0,0,100,0,1,0,1458,2.7387,182,103,21,0,56.59,443,443,100.0,Alta participação em votações,39.73,Baixo engajamento parlamentar,Alto desequilíbrio atividade-despesa
331,178925,Rejane Dias,PT,PI,218,321978.05,457,457,263,166,0,28,75,0,1,0,1222,3.7953,218,135,11,0,61.93,457,457,93.87,Alta participação em votações,38.4,Baixo engajamento parlamentar,Alto desequilíbrio atividade-despesa
332,178927,Aliel Machado,PV,PR,2118,2191185.43,862,861,517,338,0,6,310,0,1,0,3977,1.8150,2118,1590,19,0,75.07,862,861,99.3,Alta participação em votações,61.21,Médio engajamento parlamentar,Alto desequilíbrio atividade-despesa
333,178928,Christiane De Souza Yared,PP,PR,317,498604.48,443,443,253,190,0,0,265,0,0,0,3093,6.2033,317,158,29,1,49.84,443,443,100.0,Alta participação em votações,43.98,Médio engajamento parlamentar,Alto desequilíbrio atividade-despesa
334,178929,Diego Garcia,UNIÃO,PR,4823,2120331.85,1406,1405,777,625,3,0,481,0,1,0,6231,2.9387,4823,4387,242,4,90.96,1406,1405,99.79,Alta participação em votações,86.78,Alto engajamento parlamentar,Comportamento esperado
335,178930,Roman,PP,PR,97,156850.98,123,123,72,51,0,0,200,0,1,0,2138,13.6308,97,68,11,0,70.1,123,123,100.0,Alta participação em votações,29.92,Baixo engajamento parlamentar,Alto desequilíbrio atividade-despesa
336,178931,Luciano Ducci,PSB,PR,2418,2009726.57,1313,1312,825,486,0,1,324,0,0,0,4553,2.2655,2418,1915,39,0,79.2,1313,1312,99.92,Alta participação em votações,79.16,Alto engajamento parlamentar,Comportamento esperado
337,178933,Sergio Souza,MDB,PR,2838,2146358.29,1254,1253,767,482,1,3,168,0,1,0,2949,1.3740,2838,2277,336,0,80.23,1254,1253,99.68,Alta participação em votações,72.81,Médio engajamento parlamentar,Alto desequilíbrio atividade-despesa
338,178934,Toninho Wandscheer,PP,PR,1292,2183470.97,1413,1412,835,577,0,0,404,0,1,0,5468,2.5043,1292,880,207,0,68.11,1413,1412,100.0,Alta participação em votações,85.11,Alto engajamento parlamentar,Comportamento esperado
339,178935,Rossoni,PSDB,PR,180,211479.45,150,150,93,56,1,0,1,0,0,0,160,0.7566,180,128,15,0,71.11,150,150,99.33,Alta participação em votações,25.7,Baixo engajamento parlamentar,Alto desequilíbrio atividade-despesa
340,178937,Altineu Côrtes,PL,RJ,535,1577299.98,655,655,346,230,0,19,270,0,0,0,3355,2.1271,535,128,1,0,23.93,655,655,87.94,Alta participação em votações,49.91,Médio engajamento parlamentar,Alto desequilíbrio atividade-despesa
341,178939,Clarissa Garotinho,UNIÃO,RJ,300,372464.77,359,359,203,156,0,0,106,0,0,0,1419,3.8098,300,84,16,0,28.0,359,359,100.0,Alta participação em votações,36.63,Baixo engajamento parlamentar,Alto desequilíbrio atividade-despesa
342,178943,Marcos Soares,PSDB,RJ,1897,1687159.59,715,714,405,306,3,0,29,0,0,0,1005,0.5957,1897,1194,95,0,62.94,715,714,99.58,Alta participação em votações,48.33,Médio engajamento parlamentar,Alto desequilíbrio atividade-despesa
343,178945,Rosangela Gomes,REPUBLICANOS,RJ,293,484157.58,365,365,209,118,0,0,102,0,0,0,1385,2.8606,293,165,26,0,56.31,365,365,89.59,Alta participação em votações,34.68,Baixo engajamento parlamentar,Alto desequilíbrio atividade-despesa
344,178946,Soraya Santos,PL,RJ,812,1280685.59,1245,1244,674,509,0,60,128,0,1,0,2540,1.9833,812,158,14,0,19.46,1245,1244,95.1,Alta participação em votações,70.51,Médio engajamento parlamentar,Alto desequilíbrio atividade-despesa
345,178947,Sóstenes Cavalcante,PL,RJ,1634,1951300.29,874,874,448,340,1,25,449,0,1,0,5379,2.7566,1634,1118,5,0,68.42,874,874,90.16,Alta participação em votações,63.45,Médio engajamento parlamentar,Alto desequilíbrio atividade-despesa
346,178948,Beto Rosado,PP,RN,395,552316.37,372,372,210,162,0,0,226,0,0,0,2632,4.7654,395,300,14,0,75.95,372,372,100.0,Alta participação em votações,40.23,Médio engajamento parlamentar,Alto desequilíbrio atividade-despesa
347,178951,Rafael Motta,PSB,RN,296,445403.33,355,355,208,141,0,6,261,0,0,0,2965,6.6569,296,171,18,0,57.77,355,355,98.31,Alta participação em votações,40.14,Médio engajamento parlamentar,Alto desequilíbrio atividade-despesa
348,178952,Walter Alves,MDB,RN,198,468896.25,262,262,157,104,0,1,225,0,0,0,2512,5.3573,198,113,5,0,57.07,262,262,99.62,Alta participação em votações,35.87,Baixo engajamento parlamentar,Alto desequilíbrio atividade-despesa
349,178953,Expedito Netto,PSD,RO,328,534627.14,437,437,256,181,0,0,196,0,0,0,2397,4.4835,328,202,15,0,61.59,437,437,100.0,Alta participação em votações,41.97,Médio engajamento parlamentar,Alto desequilíbrio atividade-despesa
350,178954,Lucio Mosquini,PL,RO,1483,2291987.97,886,885,504,362,2,0,431,0,1,0,5211,2.2736,1483,1088,56,0,73.36,886,885,97.85,Alta participação em votações,64.97,Médio engajamento parlamentar,Alto desequilíbrio atividade-despesa
351,178956,Mariana Carvalho,REPUBLICANOS,RO,161,348934.68,274,274,156,118,0,0,176,0,1,0,2049,5.8722,161,66,1,0,40.99,274,274,100.0,Alta participação em votações,35.15,Baixo engajamento parlamentar,Alto desequilíbrio atividade-despesa
352,178959,Hiran Gonçalves,PP,RR,260,568628.69,332,332,194,138,0,0,136,0,1,0,1707,3.0020,260,133,24,0,51.15,332,332,100.0,Alta participação em votações,36.36,Baixo engajamento parlamentar,Alto desequilíbrio atividade-despesa
353,178961,Shéridan,PSDB,RR,138,542210.73,271,271,154,117,0,0,47,0,0,0,741,1.3666,138,132,7,0,95.65,271,271,100.0,Alta participação em votações,31.71,Baixo engajamento parlamentar,Alto desequilíbrio atividade-despesa
354,178962,Carlos Gomes,REPUBLICANOS,RS,1230,649202.50,714,714,421,293,0,0,336,0,1,0,4089,6.2985,1230,969,120,1,78.78,714,714,100.0,Alta participação em votações,56.31,Médio engajamento parlamentar,Alto desequilíbrio atividade-despesa
355,178963,Covatti Filho,PP,RS,1105,2294183.28,1283,1282,715,565,1,1,258,0,0,0,3863,1.6838,1105,831,114,0,75.2,1283,1282,99.84,Alta participação em votações,76.28,Alto engajamento parlamentar,Comportamento esperado
356,178964,Heitor Schuch,PSD,RS,3461,2198773.07,941,941,536,377,14,14,415,0,1,0,5106,2.3222,3461,2883,247,0,83.3,941,941,97.02,Alta participação em votações,66.54,Médio engajamento parlamentar,Alto desequilíbrio atividade-despesa
357,178966,Geovania De Sá,REPUBLICANOS,SC,2224,1750112.18,1150,1149,638,488,5,1,240,0,1,0,3565,2.0370,2224,2000,242,1,89.93,1150,1149,98.0,Alta participação em votações,70.3,Médio engajamento parlamentar,Alto desequilíbrio atividade-despesa
358,178969,Fábio Mitidieri,PSD,SE,220,311474.22,219,219,132,87,0,0,208,0,0,0,2299,7.3810,220,145,2,0,65.91,219,219,100.0,Alta participação em votações,33.84,Baixo engajamento parlamentar,Alto desequilíbrio atividade-despesa
359,178970,João Daniel,PT,SE,718,2097287.92,1265,1264,732,505,6,21,323,0,0,0,4495,2.1432,718,471,20,0,65.6,1265,1264,97.86,Alta participação em votações,76.87,Alto engajamento parlamentar,Comportamento esperado
360,178972,Alex Manente,CIDADANIA,SP,830,1565594.00,705,704,465,239,0,0,214,0,0,0,2845,1.8172,830,416,165,0,50.12,705,704,100.0,Alta participação em votações,52.8,Médio engajamento parlamentar,Alto desequilíbrio atividade-despesa
361,178975,Baleia Rossi,MDB,SP,1204,1500634.04,925,925,569,355,1,0,98,0,0,0,1905,1.2695,1204,737,117,0,61.21,925,925,99.89,Alta participação em votações,58.32,Médio engajamento parlamentar,Alto desequilíbrio atividade-despesa
362,178977,Eduardo Cury,PSDB,SP,608,427080.53,433,433,217,211,4,1,59,0,0,0,1023,2.3953,608,473,38,0,77.8,433,433,98.85,Alta participação em votações,38.06,Baixo engajamento parlamentar,Alto desequilíbrio atividade-despesa
363,178981,Herculano Passos,REPUBLICANOS,SP,443,482047.47,467,467,268,194,2,3,250,0,1,0,2982,6.1861,443,323,48,0,72.91,467,467,98.93,Alta participação em votações,44.31,Médio engajamento parlamentar,Alto desequilíbrio atividade-despesa
364,178982,Luiz Lauro Filho,PSDB,SP,0,0.00,0,0,0,0,0,0,4,0,0,0,40,,,,,,,,,,,0.1,Baixo engajamento parlamentar,Comportamento esperado
365,178983,Marcio Alvino,PL,SP,407,181064.64,1455,1455,727,655,0,73,196,0,1,0,3430,18.9435,407,78,2,0,19.16,1455,1455,94.98,Alta participação em votações,80.39,Alto engajamento parlamentar,Comportamento esperado
366,178984,Miguel Haddad,PSDB,SP,37,73105.32,75,75,36,39,0,0,18,0,0,0,255,3.4881,37,25,7,0,67.57,75,75,100.0,Alta participação em votações,23.37,Baixo engajamento parlamentar,Desequilíbrio moderado atividade-despesa
367,178985,Miguel Lombardi,PL,SP,1945,1400304.86,1449,1448,797,581,4,66,293,0,0,0,4379,3.1272,1945,1694,143,1,87.1,1449,1448,95.17,Alta participação em votações,82.68,Alto engajamento parlamentar,Comportamento esperado
368,178986,Nilto Tatto,PT,SP,2591,2062508.78,1492,1491,855,605,2,29,431,0,1,0,5817,2.8204,2591,2249,172,1,86.8,1492,1491,97.92,Alta participação em votações,88.45,Alto engajamento parlamentar,Comportamento esperado
369,178987,Orlando Silva,PCDOB,SP,808,2053038.88,1331,1330,794,516,4,16,328,0,0,0,4611,2.2459,808,420,77,0,51.98,1331,1330,98.5,Alta participação em votações,79.68,Alto engajamento parlamentar,Comportamento esperado
370,178989,Renata Abreu,PODE,SP,901,1810948.17,946,945,594,350,1,0,229,0,0,0,3236,1.7869,901,553,29,0,61.38,946,945,99.89,Alta participação em votações,62.5,Médio engajamento parlamentar,Alto desequilíbrio atividade-despesa
371,178990,Samuel Moreira,PSDB,SP,400,422461.33,461,461,251,210,0,0,30,0,0,0,761,1.8013,400,290,25,0,72.5,461,461,100.0,Alta participação em votações,38.62,Baixo engajamento parlamentar,Alto desequilíbrio atividade-despesa
372,178992,Vitor Lippi,PSD,SP,3810,2090937.26,1297,1296,781,504,10,0,360,0,1,0,4912,2.3492,3810,3531,102,0,92.68,1297,1296,99.15,Alta participação em votações,79.32,Alto engajamento parlamentar,Comportamento esperado
373,178993,Carlos Henrique Gaguim,UNIÃO,TO,1809,2175519.36,1399,1398,885,510,3,0,582,0,1,0,7234,3.3252,1809,1575,86,0,87.06,1399,1398,99.79,Alta participação em votações,89.11,Alto engajamento parlamentar,Comportamento esperado
374,178994,Dulce Miranda,MDB,TO,365,503177.93,447,447,284,162,0,1,56,0,0,0,1007,2.0013,365,285,16,0,78.08,447,447,99.78,Alta participação em votações,38.71,Baixo engajamento parlamentar,Alto desequilíbrio atividade-despesa
375,178996,Giovani Feltes,MDB,RS,525,405383.75,416,416,245,169,0,2,38,0,0,0,796,1.9636,525,436,22,0,83.05,416,416,99.52,Alta participação em votações,36.99,Baixo engajamento parlamentar,Alto desequilíbrio atividade-despesa
376,178997,Moses Rodrigues,UNIÃO,CE,617,2193847.57,1112,1111,717,394,0,0,368,0,0,0,4792,2.1843,617,280,2,0,45.38,1112,1111,100.0,Alta participação em votações,72.53,Médio engajamento parlamentar,Alto desequilíbrio atividade-despesa
377,179000,Marcelo Álvaro Antônio,PL,MG,1931,2026916.36,1131,1131,614,469,1,47,188,0,1,0,3026,1.4929,1931,1433,78,0,74.21,1131,1131,95.76,Alta participação em votações,67.79,Médio engajamento parlamentar,Alto desequilíbrio atividade-despesa
378,179001,Márcio Biolchi,MDB,RS,3395,2064052.67,1126,1125,703,420,0,2,205,0,0,0,3176,1.5387,3395,2900,175,0,85.42,1126,1125,99.82,Alta participação em votações,68.83,Médio engajamento parlamentar,Alto desequilíbrio atividade-despesa
379,179587,Major Vitor Hugo,PL,GO,495,285988.58,453,453,245,208,0,0,88,0,1,0,1348,4.7135,495,482,20,0,97.37,453,453,100.0,Alta participação em votações,39.81,Baixo engajamento parlamentar,Alto desequilíbrio atividade-despesa
380,180018,Thiago Cartaxo,PODE,RN,64,41573.97,0,0,0,0,0,0,0,0,0,0,0,0.0000,64,52,4,0,81.25,,,,,0.0,Baixo engajamento parlamentar,Comportamento esperado
381,180214,Pastor Diniz,UNIÃO,RR,538,1775557.32,907,906,488,417,1,0,169,0,0,0,2597,1.4626,538,315,17,0,58.55,907,906,99.89,Alta participação em votações,59.44,Médio engajamento parlamentar,Alto desequilíbrio atividade-despesa
382,182146,Wolmer Araújo,SOLIDARIEDADE,MA,59,205410.03,68,68,45,22,1,0,1,0,0,0,78,0.3797,59,40,1,0,67.8,68,68,98.53,Alta participação em votações,22.36,Baixo engajamento parlamentar,Alto desequilíbrio atividade-despesa
383,188097,Merlong Solano,PT,PI,2247,2335808.18,1536,1535,901,611,3,20,165,0,0,0,3186,1.3640,2247,1982,169,0,88.21,1536,1535,98.5,Alta participação em votações,83.41,Alto engajamento parlamentar,Comportamento esperado
384,191923,Flávio Nogueira,PT,PI,1024,2416084.32,1610,1609,930,650,0,29,201,0,1,0,3635,1.5045,1024,701,39,0,68.46,1610,1609,98.2,Alta participação em votações,87.15,Alto engajamento parlamentar,Comportamento esperado
385,191945,Zé Augusto Nalin,UNIÃO,RJ,0,0.00,0,0,0,0,0,0,0,0,0,0,0,,,,,,,,,,,0.0,Baixo engajamento parlamentar,Comportamento esperado
386,193726,Paulo Eduardo Martins,PL,PR,180,154326.34,421,421,215,206,0,0,106,0,0,0,1481,9.5965,180,55,1,0,30.56,421,421,100.0,Alta participação em votações,39.03,Baixo engajamento parlamentar,Alto desequilíbrio atividade-despesa
387,194260,Nivaldo Albuquerque,REPUBLICANOS,AL,135,519750.93,273,273,166,107,0,0,193,0,0,0,2203,4.2386,135,13,0,0,9.63,273,273,100.0,Alta participação em votações,35.55,Baixo engajamento parlamentar,Alto desequilíbrio atividade-despesa
388,195866,Vaidon Oliveira,UNIÃO,CE,172,382074.01,231,231,132,99,0,0,204,0,0,0,2271,5.9439,172,131,7,0,76.16,231,231,100.0,Alta participação em votações,34.2,Baixo engajamento parlamentar,Alto desequilíbrio atividade-despesa
389,196358,Lourival Gomes,PP,RJ,336,459819.80,404,404,224,180,0,0,89,0,1,0,1309,2.8468,336,252,31,0,75.0,404,404,100.0,Alta participação em votações,37.94,Baixo engajamento parlamentar,Alto desequilíbrio atividade-despesa
390,197438,Tito,AVANTE,BA,404,530660.78,484,484,276,208,0,0,245,0,0,0,2934,5.5290,404,357,8,1,88.37,484,484,100.0,Alta participação em votações,45.06,Médio engajamento parlamentar,Alto desequilíbrio atividade-despesa
391,198197,Greyce Elias,PL,MG,3213,1598434.34,1053,1052,631,421,0,0,187,0,0,0,2923,1.8287,3213,2684,276,0,83.54,1053,1052,100.0,Alta participação em votações,65.58,Médio engajamento parlamentar,Alto desequilíbrio atividade-despesa
392,198783,Emanuel Pinheiro Neto,PSD,MT,2338,1874504.37,1063,1063,636,425,2,0,353,0,0,0,4593,2.4502,2338,1930,119,0,82.55,1063,1063,99.81,Alta participação em votações,70.22,Médio engajamento parlamentar,Alto desequilíbrio atividade-despesa
393,204011,Marcos Pacco,PODE,DF,6,29148.15,0,0,0,0,0,0,0,0,0,0,0,0.0000,6,3,0,0,50.0,,,,,0.0,Baixo engajamento parlamentar,Comportamento esperado
394,204351,Dr. Luiz Ovando,PP,MS,2539,2140926.73,1377,1376,761,614,1,0,387,0,1,0,5262,2.4578,2539,2395,40,0,94.33,1377,1376,99.93,Alta participação em votações,83.26,Alto engajamento parlamentar,Comportamento esperado
395,204352,Camilo Capiberibe,PSB,AP,314,570756.08,432,432,255,162,0,15,177,0,0,0,2202,3.8580,314,235,24,0,74.84,432,432,96.53,Alta participação em votações,40.6,Médio engajamento parlamentar,Alto desequilíbrio atividade-despesa
396,204353,Aline Gurgel,UNIÃO,AP,89,563476.11,380,380,229,151,0,0,125,0,1,0,1645,2.9194,89,39,1,0,43.82,380,380,100.0,Alta participação em votações,37.94,Baixo engajamento parlamentar,Alto desequilíbrio atividade-despesa
397,204354,Flávia Arruda,PL,DF,65,143527.79,223,223,129,94,0,0,118,0,0,0,1403,9.7751,65,59,0,0,90.77,223,223,100.0,Alta participação em votações,31.68,Baixo engajamento parlamentar,Alto desequilíbrio atividade-despesa
398,204355,Da Vitoria,PP,ES,1393,2056685.59,1420,1419,838,580,1,0,358,0,1,0,5015,2.4384,1393,798,289,0,57.29,1420,1419,99.93,Alta participação em votações,84.18,Alto engajamento parlamentar,Comportamento esperado
399,204356,Amaro Neto,PP,ES,1051,2129819.35,1509,1508,923,585,0,0,264,0,0,0,4149,1.9481,1051,780,169,0,74.22,1509,1508,100.0,Alta participação em votações,85.22,Alto engajamento parlamentar,Comportamento esperado
400,204357,Rose Modesto,UNIÃO,MS,236,436908.21,307,307,201,106,0,0,91,0,0,0,1217,2.7855,236,204,22,0,86.44,307,307,100.0,Alta participação em votações,34.23,Baixo engajamento parlamentar,Alto desequilíbrio atividade-despesa
401,204358,Beto Pereira,REPUBLICANOS,MS,970,2311549.34,1170,1169,720,446,2,1,112,0,0,0,2290,0.9907,970,628,92,0,64.74,1170,1169,99.74,Alta participação em votações,68.12,Médio engajamento parlamentar,Alto desequilíbrio atividade-despesa
402,204359,Léo Moraes,PODE,RO,297,337385.98,446,446,256,190,0,0,109,0,1,0,1551,4.5971,297,187,15,0,62.96,446,446,100.0,Alta participação em votações,40.08,Médio engajamento parlamentar,Alto desequilíbrio atividade-despesa
403,204360,Silvia Cristina,PP,RO,2101,2440156.15,1410,1409,760,607,0,42,473,0,1,0,6155,2.5224,2101,1716,35,1,81.68,1410,1409,97.02,Alta participação em votações,86.18,Alto engajamento parlamentar,Comportamento esperado
404,204361,Carlos Chiodini,MDB,SC,1930,1200214.83,671,671,437,232,0,2,363,0,1,0,4316,3.5960,1930,1440,79,0,74.61,671,671,99.7,Alta participação em votações,55.28,Médio engajamento parlamentar,Alto desequilíbrio atividade-despesa
405,204362,Ricardo Guidi,PL,SC,2179,1213758.84,1042,1041,563,474,0,4,201,0,0,0,3052,2.5145,2179,1943,89,1,89.17,1042,1041,99.62,Alta participação em votações,65.44,Médio engajamento parlamentar,Alto desequilíbrio atividade-despesa
406,204363,Osires Damaso,PSC,TO,197,354325.96,333,333,179,154,0,0,76,0,0,0,1093,3.0847,197,155,5,0,78.68,333,333,100.0,Alta participação em votações,34.85,Baixo engajamento parlamentar,Alto desequilíbrio atividade-despesa
407,204364,Eli Borges,REPUBLICANOS,TO,1927,1997254.29,1186,1186,681,451,14,40,180,0,0,0,2986,1.4951,1927,1913,116,0,99.27,1186,1186,95.45,Alta participação em votações,69.66,Médio engajamento parlamentar,Alto desequilíbrio atividade-despesa
408,204365,Gilson Marques,NOVO,SC,840,579571.05,1679,1678,765,805,0,108,110,0,0,0,2779,4.7949,840,626,22,0,74.52,1679,1678,93.56,Alta participação em votações,86.55,Alto engajamento parlamentar,Comportamento esperado
409,204366,Rodrigo Coelho,PODE,SC,310,166609.00,459,459,248,211,0,0,211,0,0,0,2569,15.4193,310,214,2,0,69.03,459,459,100.0,Alta participação em votações,43.21,Médio engajamento parlamentar,Alto desequilíbrio atividade-despesa
410,204367,Daniel Freitas,PL,SC,2276,2095464.48,1369,1368,682,631,0,55,250,0,1,0,3884,1.8535,2276,1682,154,0,73.9,1369,1368,95.98,Alta participação em votações,78.64,Alto engajamento parlamentar,Comportamento esperado
411,204368,Fabio Schiochet,UNIÃO,SC,2217,2084416.47,1436,1435,807,628,0,0,132,0,0,0,2756,1.3222,2217,1800,32,0,81.19,1436,1435,100.0,Alta participação em votações,78.99,Alto engajamento parlamentar,Comportamento esperado
412,204369,Caroline De Toni,PL,SC,1109,841009.57,1540,1540,751,743,0,46,118,0,1,0,2735,3.2520,1109,738,34,0,66.55,1540,1540,97.01,Alta participação em votações,82.08,Alto engajamento parlamentar,Comportamento esperado
413,204370,Célio Moura,PT,TO,673,521358.28,482,482,271,178,0,33,204,0,1,0,2537,4.8661,673,602,61,0,89.45,482,482,93.15,Alta participação em votações,42.55,Médio engajamento parlamentar,Alto desequilíbrio atividade-despesa
414,204371,Felipe Rigoni,UNIÃO,ES,647,434744.85,407,407,218,187,2,0,68,0,0,0,1087,2.5003,647,485,33,0,74.96,407,407,99.51,Alta participação em votações,37.42,Baixo engajamento parlamentar,Alto desequilíbrio atividade-despesa
415,204372,Julio Cesar Ribeiro,REPUBLICANOS,DF,510,1387291.13,1179,1178,700,478,0,0,313,0,1,0,4324,3.1169,510,478,4,0,93.73,1179,1178,100.0,Alta participação em votações,73.7,Médio engajamento parlamentar,Alto desequilíbrio atividade-despesa
416,204373,Hélio Costa,PSD,SC,553,471080.13,419,419,238,181,0,0,210,0,0,0,2519,5.3473,553,452,12,0,81.74,419,419,100.0,Alta participação em votações,41.64,Médio engajamento parlamentar,Alto desequilíbrio atividade-despesa
417,204374,Bia Kicis,PL,DF,1323,1602445.09,1559,1559,782,715,1,59,252,0,1,0,4094,2.5548,1323,1297,12,0,98.03,1559,1559,96.02,Alta participação em votações,86.07,Alto engajamento parlamentar,Comportamento esperado
418,204375,Leda Sadala,PP,AP,425,534153.36,297,297,180,117,0,0,55,0,1,0,862,1.6138,425,245,12,0,57.65,297,297,100.0,Alta participação em votações,32.92,Baixo engajamento parlamentar,Alto desequilíbrio atividade-despesa
419,204376,Coronel Armando,PP,SC,625,471366.04,619,619,338,281,0,0,123,0,0,0,1849,3.9226,625,538,28,0,86.08,619,619,100.0,Alta participação em votações,47.14,Médio engajamento parlamentar,Alto desequilíbrio atividade-despesa
420,204377,Paula Belmonte,CIDADANIA,DF,0,0.00,406,406,225,175,0,6,125,0,0,0,1656,,,,,,,406,406,98.52,Alta participação em votações,38.65,Baixo engajamento parlamentar,Comportamento esperado
421,204378,Coronel Chrisóstomo,PL,RO,1782,2279879.86,1418,1417,751,593,0,73,293,0,1,0,4363,1.9137,1782,1584,92,0,88.89,1418,1417,94.85,Alta participação em votações,81.42,Alto engajamento parlamentar,Comportamento esperado
422,204379,Acácio Favacho,MDB,AP,1132,2328060.56,1138,1137,720,416,1,0,207,0,1,0,3223,1.3844,1132,807,6,0,71.29,1138,1137,99.91,Alta participação em votações,69.37,Médio engajamento parlamentar,Alto desequilíbrio atividade-despesa
423,204380,Celina Leão,PP,DF,61,105615.17,238,238,155,81,2,0,217,0,0,0,2408,22.7998,61,59,0,0,96.72,238,238,99.16,Alta participação em votações,34.64,Baixo engajamento parlamentar,Alto desequilíbrio atividade-despesa
424,204381,Luis Miranda,REPUBLICANOS,DF,202,379232.87,443,443,248,193,2,0,212,0,1,0,2578,6.7979,202,82,0,0,40.59,443,443,99.55,Alta participação em votações,42.53,Médio engajamento parlamentar,Alto desequilíbrio atividade-despesa
425,204382,Loester Trutis,PL,MS,238,527500.64,339,339,194,139,6,0,88,0,1,0,1234,2.3393,238,194,9,0,81.51,339,339,98.23,Alta participação em votações,35.04,Baixo engajamento parlamentar,Alto desequilíbrio atividade-despesa
426,204383,Professor Israel Batista,PSB,DF,192,407559.61,466,466,273,176,0,17,150,0,1,0,1981,4.8606,192,165,2,0,85.94,466,466,96.35,Alta participação em votações,41.18,Médio engajamento parlamentar,Alto desequilíbrio atividade-despesa
427,204384,Ney Leprevost,UNIÃO,PR,228,379313.43,256,256,146,108,2,0,7,0,0,0,326,0.8594,228,168,0,0,73.68,256,256,99.22,Alta participação em votações,29.94,Baixo engajamento parlamentar,Alto desequilíbrio atividade-despesa
428,204385,Valdevan Noventa,PL,SE,67,164192.69,163,163,97,66,0,0,130,0,1,0,1478,9.0016,67,9,0,0,13.43,163,163,100.0,Alta participação em votações,29.66,Baixo engajamento parlamentar,Alto desequilíbrio atividade-despesa
429,204386,Jose Mario Schreiner,MDB,GO,152,404421.93,461,461,262,199,0,0,120,0,0,0,1661,4.1071,152,151,9,0,99.34,461,461,100.0,Alta participação em votações,40.95,Médio engajamento parlamentar,Alto desequilíbrio atividade-despesa
430,204387,Sargento Fahur,PL,PR,2885,1059186.80,1589,1588,814,773,1,0,267,0,0,0,4259,4.0210,2885,2184,103,1,75.7,1589,1588,99.94,Alta participação em votações,88.39,Alto engajamento parlamentar,Comportamento esperado
431,204388,Bibo Nunes,PL,RS,3484,2411265.66,1508,1507,799,640,4,64,412,0,1,0,5643,2.3403,3484,3182,225,1,91.33,1508,1507,95.49,Alta participação em votações,88.1,Alto engajamento parlamentar,Comportamento esperado
432,204389,Elias Vaz,PSB,GO,197,262500.53,418,418,237,167,0,14,182,0,0,0,2238,8.5257,197,182,3,0,92.39,418,418,96.65,Alta participação em votações,40.21,Médio engajamento parlamentar,Alto desequilíbrio atividade-despesa
433,204390,Professor Alcides,PSDB,GO,259,2012970.77,1274,1273,695,524,4,50,228,0,0,0,3554,1.7655,259,262,24,4,101.16,1274,1273,95.76,Alta participação em votações,74.35,Médio engajamento parlamentar,Alto desequilíbrio atividade-despesa
434,204391,José Nelto,UNIÃO,GO,918,1986820.79,889,888,532,354,2,0,130,0,0,0,2189,1.1018,918,900,14,0,98.04,889,888,99.77,Alta participação em votações,57.71,Médio engajamento parlamentar,Alto desequilíbrio atividade-despesa
435,204392,Francisco Jr.,PSD,GO,302,453793.31,446,446,264,182,0,0,239,0,1,0,2851,6.2826,302,276,7,0,91.39,446,446,100.0,Alta participação em votações,43.43,Médio engajamento parlamentar,Alto desequilíbrio atividade-despesa
436,204393,Frei Anastacio Ribeiro,PT,PB,406,519347.04,456,456,249,178,0,29,108,0,0,0,1536,2.9576,406,318,7,0,78.33,456,456,93.64,Alta participação em votações,39.17,Baixo engajamento parlamentar,Alto desequilíbrio atividade-despesa
437,204394,Gervásio Maia,PCDOB,PB,2282,1797070.23,1567,1566,906,643,0,17,97,0,0,0,2537,1.4117,2282,1854,40,0,81.24,1567,1566,98.91,Alta participação em votações,82.95,Alto engajamento parlamentar,Comportamento esperado
438,204395,Pedro Lupion,REPUBLICANOS,PR,1093,1971982.62,1060,1059,593,466,0,0,192,0,1,0,2995,1.5188,1093,605,22,0,55.35,1060,1059,100.0,Alta participação em votações,65.98,Médio engajamento parlamentar,Alto desequilíbrio atividade-despesa
439,204396,Vermelho,PL,PR,1540,2242317.91,974,973,573,370,1,29,325,0,0,0,4224,1.8838,1540,1067,104,0,69.29,974,973,96.92,Alta participação em votações,65.46,Médio engajamento parlamentar,Alto desequilíbrio atividade-despesa
440,204397,Boca Aberta,PROS,PR,0,0.00,0,0,0,0,0,0,225,0,0,0,2250,,,,,,,,,,,5.8,Baixo engajamento parlamentar,Comportamento esperado
441,204398,Felipe Francischini,PODE,PR,1627,2059339.41,1474,1473,843,630,0,0,315,0,1,0,4639,2.2527,1627,1281,51,0,78.73,1474,1473,100.0,Alta participação em votações,85.18,Alto engajamento parlamentar,Comportamento esperado
442,204399,Schiavinato,PP,PR,0,0.00,0,0,0,0,0,0,156,0,1,0,1575,,,,,,,,,,,4.02,Baixo engajamento parlamentar,Comportamento esperado
443,204400,Aline Sleutjes,PROS,PR,504,430354.53,425,425,224,201,0,0,196,0,0,0,2385,5.5419,504,379,12,0,75.2,425,425,100.0,Alta participação em votações,41.51,Médio engajamento parlamentar,Alto desequilíbrio atividade-despesa
444,204403,Marlon Santos,PL,RS,308,440850.70,253,253,144,109,0,0,109,0,0,0,1343,3.0464,308,251,4,0,81.49,253,253,100.0,Alta participação em votações,32.61,Baixo engajamento parlamentar,Alto desequilíbrio atividade-despesa
445,204404,Lucas Redecker,PSD,RS,3040,1768628.08,1650,1649,886,763,0,0,375,0,1,0,5415,3.0617,3040,2481,80,0,81.61,1650,1649,100.0,Alta participação em votações,93.54,Alto engajamento parlamentar,Comportamento esperado
446,204405,Liziane Bayer,REPUBLICANOS,RS,498,533825.08,488,488,273,215,0,0,78,0,0,0,1268,2.3753,498,407,38,0,81.73,488,488,100.0,Alta participação em votações,40.91,Médio engajamento parlamentar,Alto desequilíbrio atividade-despesa
447,204406,Pedro Westphalen,PP,RS,3056,2392141.88,1348,1347,752,595,0,0,356,0,1,0,4923,2.0580,3056,2388,108,0,78.14,1348,1347,100.0,Alta participação em votações,81.36,Alto engajamento parlamentar,Comportamento esperado
448,204407,Fernanda Melchionna,PSOL,RS,2048,1919498.13,1394,1393,712,631,24,26,164,0,1,0,3049,1.5884,2048,1650,140,0,80.57,1394,1393,96.41,Alta participação em votações,77.48,Alto engajamento parlamentar,Comportamento esperado
449,204408,Gustinho Ribeiro,PP,SE,460,2185920.94,1363,1362,846,516,0,0,159,0,0,0,2953,1.3509,460,91,1,0,19.78,1363,1362,100.0,Alta participação em votações,76.86,Alto engajamento parlamentar,Comportamento esperado
450,204409,Daniel Trzeciak,PSDB,RS,2309,2076026.26,1297,1296,731,564,0,1,141,0,0,0,2707,1.3039,2309,1979,143,1,85.71,1297,1296,99.92,Alta participação em votações,73.83,Médio engajamento parlamentar,Alto desequilíbrio atividade-despesa
451,204410,Luisa Canziani,UNIÃO,PR,1069,2075543.12,754,754,458,296,0,0,437,0,1,0,5139,2.4760,1069,660,71,0,61.74,754,754,100.0,Alta participação em votações,60.46,Médio engajamento parlamentar,Alto desequilíbrio atividade-despesa
452,204411,Filipe Barros,PL,PR,1978,2052023.13,998,997,520,432,6,39,65,0,0,0,1648,0.8031,1978,1421,88,2,71.84,998,997,95.49,Alta participação em votações,59.4,Médio engajamento parlamentar,Alto desequilíbrio atividade-despesa
453,204412,Dr. Zacharias Calil,MDB,GO,2014,1763200.75,1399,1399,806,591,0,0,325,0,1,0,4664,2.6452,2014,1945,57,1,96.57,1399,1399,99.86,Alta participação em votações,82.52,Alto engajamento parlamentar,Comportamento esperado
454,204413,Alcides Rodrigues,PATRIOTA,GO,316,464755.23,400,400,234,166,0,0,175,0,0,0,2150,4.6261,316,307,17,0,97.15,400,400,100.0,Alta participação em votações,40.0,Médio engajamento parlamentar,Alto desequilíbrio atividade-despesa
455,204414,Aroldo Martins,REPUBLICANOS,PR,478,474394.05,344,344,199,145,0,0,240,0,1,0,2759,5.8158,478,401,14,0,83.89,344,344,100.0,Alta participação em votações,39.51,Baixo engajamento parlamentar,Alto desequilíbrio atividade-despesa
456,204415,Nereu Crispim,PSD,RS,909,524054.56,409,409,234,175,0,0,80,0,1,0,1224,2.3356,909,834,101,0,91.75,409,409,100.0,Alta participação em votações,37.9,Baixo engajamento parlamentar,Alto desequilíbrio atividade-despesa
457,204416,Sanderson,PL,RS,2523,2226596.59,1432,1431,738,628,0,64,309,0,1,0,4537,2.0376,2523,2027,152,0,80.34,1432,1431,95.46,Alta participação em votações,82.49,Alto engajamento parlamentar,Comportamento esperado
458,204418,Luizão Goulart,SOLIDARIEDADE,PR,641,437852.67,424,424,242,181,1,0,144,0,0,0,1864,4.2571,641,520,39,0,81.12,424,424,99.76,Alta participação em votações,40.08,Médio engajamento parlamentar,Alto desequilíbrio atividade-despesa
459,204419,Glaustin Da Fokus,PODE,GO,123,1821541.88,959,959,574,376,9,0,103,0,0,0,1989,1.0919,123,116,8,0,94.31,959,959,99.06,Alta participação em votações,59.6,Médio engajamento parlamentar,Alto desequilíbrio atividade-despesa
460,204420,Julian Lemos,UNIÃO,PB,375,535706.77,388,388,232,156,0,0,52,0,0,0,908,1.6950,375,204,7,0,54.4,388,388,100.0,Alta participação em votações,36.36,Baixo engajamento parlamentar,Alto desequilíbrio atividade-despesa
461,204421,Edna Henrique,REPUBLICANOS,PB,183,398566.75,268,268,164,104,0,0,87,0,0,0,1138,2.8552,183,133,0,0,72.68,268,268,100.0,Alta participação em votações,32.62,Baixo engajamento parlamentar,Alto desequilíbrio atividade-despesa
462,204422,Ossesio Silva,REPUBLICANOS,PE,1326,1763733.79,1336,1335,809,526,0,0,161,0,0,0,2946,1.6703,1326,1109,74,0,83.63,1336,1335,100.0,Alta participação em votações,75.87,Alto engajamento parlamentar,Comportamento esperado
463,204423,André Ferreira,PL,PE,2109,2388194.73,933,933,554,362,4,13,345,0,1,0,4398,1.8416,2109,1731,185,1,82.08,933,933,98.18,Alta participação em votações,64.66,Médio engajamento parlamentar,Alto desequilíbrio atividade-despesa
464,204425,Silvio Costa Filho,REPUBLICANOS,PE,275,871151.72,519,519,336,183,0,0,368,0,1,0,4214,4.8373,275,112,30,0,40.73,519,519,100.0,Alta participação em votações,49.58,Médio engajamento parlamentar,Alto desequilíbrio atividade-despesa
465,204426,Carlos Veras,PT,PE,3421,2428853.62,1491,1490,842,582,1,22,294,0,1,0,4446,1.8305,3421,3009,136,0,87.96,1491,1490,95.57,Alta participação em votações,84.41,Alto engajamento parlamentar,Comportamento esperado
466,204427,Fernando Rodolfo,PRD,PE,1506,2190301.86,1190,1190,667,449,34,40,354,0,1,0,4745,2.1664,1506,975,19,0,64.74,1190,1190,93.78,Alta participação em votações,73.96,Médio engajamento parlamentar,Alto desequilíbrio atividade-despesa
467,204428,Marília Arraes,SOLIDARIEDADE,PE,353,512104.92,330,330,190,129,0,11,103,0,0,0,1360,2.6557,353,206,34,0,58.36,330,330,96.67,Alta participação em votações,34.77,Baixo engajamento parlamentar,Alto desequilíbrio atividade-despesa
468,204429,João H. Campos,PSB,PE,0,0.00,0,0,0,0,0,0,144,0,1,0,1455,,,,,,,,,,,3.71,Baixo engajamento parlamentar,Comportamento esperado
469,204430,Margarete Coelho,PP,PI,343,474454.10,381,381,229,152,0,0,86,0,1,0,1256,2.6473,343,214,35,0,62.39,381,381,100.0,Alta participação em votações,36.97,Baixo engajamento parlamentar,Alto desequilíbrio atividade-despesa
470,204431,Marcos Aurélio Sampaio,MDB,PI,471,2309649.48,1300,1299,786,513,0,0,74,0,0,0,2040,0.8833,471,318,4,0,67.52,1300,1299,100.0,Alta participação em votações,72.23,Médio engajamento parlamentar,Alto desequilíbrio atividade-despesa
471,204432,Marina Santos,REPUBLICANOS,PI,309,495030.52,436,436,252,184,0,0,155,0,0,0,1986,4.0119,309,236,4,0,76.38,436,436,100.0,Alta participação em votações,40.88,Médio engajamento parlamentar,Alto desequilíbrio atividade-despesa
472,204433,Marcelo Calero,PSD,RJ,565,313087.26,356,356,235,121,0,0,140,0,0,0,1756,5.6087,565,509,79,0,90.09,356,356,100.0,Alta participação em votações,37.39,Baixo engajamento parlamentar,Alto desequilíbrio atividade-despesa
473,204434,Dra. Vanda Milani,PROS,AC,169,569478.64,359,359,200,159,0,0,127,0,0,0,1629,2.8605,169,80,7,0,47.34,359,359,100.0,Alta participação em votações,37.17,Baixo engajamento parlamentar,Alto desequilíbrio atividade-despesa
474,204435,Jesus Sérgio,PDT,AC,214,589727.05,406,406,241,159,0,6,167,0,0,0,2076,3.5203,214,150,0,0,70.09,406,406,98.52,Alta participação em votações,39.73,Baixo engajamento parlamentar,Alto desequilíbrio atividade-despesa
475,204436,Isnaldo Bulhões Jr.,MDB,AL,1426,1573665.61,496,495,321,172,0,1,173,0,0,0,2226,1.4145,1426,835,47,0,58.56,496,495,99.6,Alta participação em votações,43.57,Médio engajamento parlamentar,Alto desequilíbrio atividade-despesa
476,204437,Severino Pessoa,MDB,AL,114,528445.45,275,275,159,108,8,0,105,0,0,0,1325,2.5074,114,54,0,0,47.37,275,275,97.09,Alta participação em votações,32.77,Baixo engajamento parlamentar,Alto desequilíbrio atividade-despesa
477,204438,Sergio Toledo,PV,AL,118,504283.54,191,191,108,82,0,1,64,0,0,0,831,1.6479,118,77,5,0,65.25,191,191,99.48,Alta participação em votações,28.94,Baixo engajamento parlamentar,Alto desequilíbrio atividade-despesa
478,204439,Dr. Leonardo,REPUBLICANOS,MT,535,505086.62,471,471,254,216,1,0,283,0,1,0,3316,6.5652,535,423,23,0,79.07,471,471,99.79,Alta participação em votações,45.49,Médio engajamento parlamentar,Alto desequilíbrio atividade-despesa
479,204440,Christino Aureo,PP,RJ,422,473495.94,424,424,236,188,0,0,122,0,1,0,1659,3.5037,422,334,14,0,79.15,424,424,100.0,Alta participação em votações,39.56,Baixo engajamento parlamentar,Alto desequilíbrio atividade-despesa
480,204441,Otoni De Paula,PSD,RJ,1414,1912849.02,957,956,571,378,7,0,396,0,1,0,4932,2.5784,1414,1036,46,0,73.27,957,956,99.27,Alta participação em votações,67.1,Médio engajamento parlamentar,Alto desequilíbrio atividade-despesa
481,204442,Gurgel,PL,RJ,335,418150.06,473,473,265,208,0,0,173,0,1,0,2218,5.3043,335,154,15,0,45.97,473,473,100.0,Alta participação em votações,42.78,Médio engajamento parlamentar,Alto desequilíbrio atividade-despesa
482,204444,Helio Lopes,PL,RJ,1139,1525789.69,1243,1243,685,512,1,45,224,0,1,0,3498,2.2926,1139,775,75,6,68.04,1243,1243,96.3,Alta participação em votações,73.17,Médio engajamento parlamentar,Alto desequilíbrio atividade-despesa
483,204445,Fernando Mineiro,PT,RN,1277,1600547.32,904,904,521,379,2,2,54,0,1,0,1459,0.9116,1277,1158,108,0,90.68,904,904,99.56,Alta participação em votações,56.31,Médio engajamento parlamentar,Alto desequilíbrio atividade-despesa
484,204446,Professor Joziel,PATRIOTA,RJ,464,477236.01,408,408,223,185,0,0,185,0,1,0,2273,4.7628,464,390,74,0,84.05,408,408,100.0,Alta participação em votações,40.57,Médio engajamento parlamentar,Alto desequilíbrio atividade-despesa
485,204447,Flordelis,PSD,RJ,0,0.00,0,0,0,0,0,0,152,0,0,0,1520,,,,,,,,,,,3.92,Baixo engajamento parlamentar,Comportamento esperado
486,204448,Luiz Antonio Corrêa,PP,RJ,752,961175.38,789,788,479,309,0,0,75,0,0,0,1539,1.6012,752,648,59,0,86.17,789,788,100.0,Alta participação em votações,52.47,Médio engajamento parlamentar,Alto desequilíbrio atividade-despesa
487,204449,Nelson Barbudo,PODE,MT,733,1495784.88,726,726,401,306,0,19,69,0,0,0,1416,0.9467,733,647,21,0,88.27,726,726,97.38,Alta participação em votações,49.37,Médio engajamento parlamentar,Alto desequilíbrio atividade-despesa
488,204450,Doutor Luizinho,PP,RJ,916,1276483.54,547,546,344,201,1,0,129,0,1,0,1852,1.4509,916,543,22,0,59.28,547,546,99.82,Alta participação em votações,44.45,Médio engajamento parlamentar,Alto desequilíbrio atividade-despesa
489,204451,Delegado Antônio Furtado,UNIÃO,RJ,967,468854.90,479,479,273,201,5,0,236,0,1,0,2854,6.0872,967,901,16,0,93.17,479,479,98.96,Alta participação em votações,44.43,Médio engajamento parlamentar,Alto desequilíbrio atividade-despesa
490,204452,Márcio Labre,PL,RJ,128,461745.06,446,446,249,195,2,0,93,0,0,0,1376,2.9800,128,44,0,0,34.38,446,446,99.55,Alta participação em votações,39.58,Baixo engajamento parlamentar,Alto desequilíbrio atividade-despesa
491,204453,Natália Bonavides,PT,RN,4359,2318701.43,1346,1345,746,565,3,31,226,0,0,0,3606,1.5552,4359,3675,199,11,84.31,1346,1345,97.47,Alta participação em votações,77.42,Alto engajamento parlamentar,Comportamento esperado
492,204454,Daniel Silveira,PTB,RJ,727,443268.93,509,509,271,238,0,0,250,0,1,0,3024,6.8220,727,576,38,1,79.23,509,509,100.0,Alta participação em votações,46.16,Médio engajamento parlamentar,Alto desequilíbrio atividade-despesa
493,204455,Luiz Lima,NOVO,RJ,1521,2009694.38,1574,1573,750,721,0,93,316,0,0,0,4734,2.3556,1521,1099,133,0,72.26,1574,1573,93.52,Alta participação em votações,87.78,Alto engajamento parlamentar,Comportamento esperado
494,204456,Gutemberg Reis,MDB,RJ,2433,1821791.65,1409,1408,909,497,1,1,331,0,1,0,4734,2.5985,2433,1887,114,0,77.56,1409,1408,99.86,Alta participação em votações,83.05,Alto engajamento parlamentar,Comportamento esperado
495,204457,Juninho Do Pneu,PSDB,RJ,1404,2078517.88,1430,1429,881,548,0,0,231,0,1,0,3755,1.8066,1404,1050,74,11,74.79,1430,1429,100.0,Alta participação em votações,81.31,Alto engajamento parlamentar,Comportamento esperado
496,204458,Major Fabiana,PL,RJ,360,332029.57,384,384,209,175,0,0,85,0,0,0,1234,3.7165,360,255,17,0,70.83,384,384,100.0,Alta participação em votações,37.06,Baixo engajamento parlamentar,Alto desequilíbrio atividade-despesa
497,204459,Daniela Do Waguinho,REPUBLICANOS,RJ,590,1267937.45,1249,1249,732,516,0,1,118,0,0,0,2429,1.9157,590,309,3,0,52.37,1249,1249,99.92,Alta participação em votações,71.39,Médio engajamento parlamentar,Alto desequilíbrio atividade-despesa
498,204460,Carlos Jordy,PL,RJ,1692,1683166.35,1446,1445,717,678,0,50,185,0,1,0,3311,1.9671,1692,1386,83,0,81.91,1446,1445,96.54,Alta participação em votações,80.05,Alto engajamento parlamentar,Comportamento esperado
499,204461,Paulo Ganime,NOVO,RJ,156,86785.11,476,476,215,258,0,3,37,0,1,0,861,9.9211,156,88,3,0,56.41,476,476,99.37,Alta participação em votações,39.26,Baixo engajamento parlamentar,Desequilíbrio moderado atividade-despesa
500,204462,Chris Tonietto,PL,RJ,2709,1426604.41,1511,1511,756,696,9,50,141,0,1,0,2936,2.0580,2709,2051,193,0,75.71,1511,1511,96.1,Alta participação em votações,81.37,Alto engajamento parlamentar,Comportamento esperado
501,204463,Wladimir Garotinho,PSD,RJ,0,0.00,0,0,0,0,0,0,247,0,1,0,2485,,,,,,,,,,,6.37,Baixo engajamento parlamentar,Comportamento esperado
502,204464,Talíria Petrone,PSOL,RJ,2002,1753729.32,1031,1030,554,461,0,15,161,0,1,0,2656,1.5145,2002,1532,155,0,76.52,1031,1030,98.54,Alta participação em votações,63.76,Médio engajamento parlamentar,Alto desequilíbrio atividade-despesa
503,204465,Haroldo Cathedral,PSD,RR,157,408521.54,180,180,102,78,0,0,183,0,0,0,2010,4.9202,157,108,3,0,68.79,180,180,100.0,Alta participação em votações,31.69,Baixo engajamento parlamentar,Alto desequilíbrio atividade-despesa
504,204466,Tereza Nelma,PSD,AL,438,514849.13,346,346,204,142,0,0,116,0,1,0,1521,2.9543,438,304,23,0,69.41,346,346,100.0,Alta participação em votações,36.39,Baixo engajamento parlamentar,Alto desequilíbrio atividade-despesa
505,204467,Professora Rosa Neide,PT,MT,585,514741.89,455,455,266,166,0,23,154,0,1,0,2010,3.9049,585,449,41,0,76.75,455,455,94.95,Alta participação em votações,40.58,Médio engajamento parlamentar,Alto desequilíbrio atividade-despesa
506,204468,Joenia Wapichana,REDE,RR,317,603767.05,453,453,253,190,0,10,88,0,1,0,1348,2.2326,317,220,5,0,69.4,453,453,97.79,Alta participação em votações,39.37,Baixo engajamento parlamentar,Alto desequilíbrio atividade-despesa
507,204469,Manuel Marcos,REPUBLICANOS,AC,0,0.00,0,0,0,0,0,0,177,0,0,0,1770,,,,,,,,,,,4.56,Baixo engajamento parlamentar,Comportamento esperado
508,204471,Mara Rocha,MDB,AC,256,581121.64,415,415,241,174,0,0,163,0,0,0,2045,3.5191,256,189,15,0,73.83,415,415,100.0,Alta participação em votações,40.27,Médio engajamento parlamentar,Alto desequilíbrio atividade-despesa
509,204472,José Medeiros,PL,MT,3375,2173243.73,1340,1339,700,589,1,49,305,0,0,0,4390,2.0200,3375,3115,260,1,92.3,1340,1339,96.27,Alta participação em votações,78.99,Alto engajamento parlamentar,Comportamento esperado
510,204473,General Girão,PL,RN,2609,2499820.22,1392,1391,729,591,2,69,257,0,1,0,3977,1.5909,2609,2322,191,0,89.0,1392,1391,94.9,Alta participação em votações,79.49,Alto engajamento parlamentar,Comportamento esperado
511,204474,Juarez Costa,REPUBLICANOS,MT,1144,1697878.20,1173,1172,644,527,1,0,280,0,0,0,3973,2.3400,1144,928,59,0,81.12,1173,1172,99.91,Alta participação em votações,72.6,Médio engajamento parlamentar,Alto desequilíbrio atividade-despesa
512,204475,Ottaci Nascimento,SOLIDARIEDADE,RR,213,588310.88,349,349,210,139,0,0,108,0,0,0,1429,2.4290,213,28,0,0,13.15,349,349,100.0,Alta participação em votações,36.3,Baixo engajamento parlamentar,Alto desequilíbrio atividade-despesa
513,204476,Chiquinho Brazão,S.PART.,RJ,325,837924.75,652,652,389,263,0,0,449,0,0,0,5142,6.1366,325,235,4,0,72.31,652,652,100.0,Alta participação em votações,56.82,Médio engajamento parlamentar,Alto desequilíbrio atividade-despesa
514,204477,Felício Laterça,PP,RJ,827,468085.10,480,480,262,218,0,0,72,0,1,0,1215,2.5957,827,731,21,0,88.39,480,480,100.0,Alta participação em votações,40.45,Médio engajamento parlamentar,Alto desequilíbrio atividade-despesa
515,204478,Vinicius Farah,UNIÃO,RJ,225,335211.31,190,190,111,79,0,0,151,0,0,0,1700,5.0714,225,157,3,0,69.78,190,190,100.0,Alta participação em votações,31.25,Baixo engajamento parlamentar,Alto desequilíbrio atividade-despesa
516,204479,Nicoletti,PL,RR,1882,2411774.24,1432,1431,773,658,0,0,324,0,1,0,4687,1.9434,1882,1455,8,0,77.31,1432,1431,100.0,Alta participação em votações,83.79,Alto engajamento parlamentar,Comportamento esperado
517,204480,Rogério Correia,PT,MG,3055,2055727.59,1415,1414,837,547,3,27,415,0,1,0,5580,2.7144,3055,2726,157,0,89.23,1415,1414,97.88,Alta participação em votações,85.05,Alto engajamento parlamentar,Comportamento esperado
518,204481,Dr. Jaziel,PL,CE,886,2232983.39,1235,1234,623,562,0,49,118,0,1,0,2430,1.0882,886,437,2,0,49.32,1235,1234,96.03,Alta participação em votações,70.05,Médio engajamento parlamentar,Alto desequilíbrio atividade-despesa
519,204482,Euclydes Pettersen,REPUBLICANOS,MG,398,1506249.46,744,743,473,270,0,0,142,0,0,0,2164,1.4367,398,198,27,0,49.75,744,743,100.0,Alta participação em votações,52.45,Médio engajamento parlamentar,Alto desequilíbrio atividade-despesa
520,204483,Vilson Da Fetaemg,PSB,MG,333,369045.94,448,448,251,177,0,20,119,0,0,0,1638,4.4385,333,196,3,0,58.86,448,448,95.54,Alta participação em votações,39.52,Baixo engajamento parlamentar,Alto desequilíbrio atividade-despesa
521,204484,General Peternelli,UNIÃO,SP,552,291107.04,513,513,252,238,0,0,206,0,0,0,2573,8.8387,552,390,48,0,70.65,513,513,95.52,Alta participação em votações,44.28,Médio engajamento parlamentar,Alto desequilíbrio atividade-despesa
522,204485,Luiz Carlos Motta,PL,SP,960,1437316.32,1320,1320,759,529,1,30,204,0,0,0,3360,2.3377,960,810,3,0,84.38,1320,1320,97.58,Alta participação em votações,75.89,Alto engajamento parlamentar,Comportamento esperado
523,204486,Mauro Benevides Filho,UNIÃO,CE,767,2115180.95,1461,1461,888,562,2,9,233,0,0,0,3791,1.7923,767,337,101,0,43.94,1461,1461,99.25,Alta participação em votações,82.43,Alto engajamento parlamentar,Comportamento esperado
524,204487,Capitão Wagner,UNIÃO,CE,262,332214.67,180,180,111,69,0,0,226,0,1,0,2455,7.3898,262,156,6,0,59.54,180,180,100.0,Alta participação em votações,32.8,Baixo engajamento parlamentar,Alto desequilíbrio atividade-despesa
525,204488,Célio Studart,PSD,CE,795,2128529.80,1025,1025,580,444,0,1,314,0,1,0,4180,1.9638,795,535,29,0,67.3,1025,1025,99.9,Alta participação em votações,67.76,Médio engajamento parlamentar,Alto desequilíbrio atividade-despesa
526,204489,Robério Monteiro,PSB,CE,424,1406268.78,1119,1118,667,443,0,8,96,0,0,0,2079,1.4784,424,277,0,0,65.33,1119,1118,99.28,Alta participação em votações,65.65,Médio engajamento parlamentar,Alto desequilíbrio atividade-despesa
527,204490,Charlles Evangelista,PP,MG,542,452314.57,391,391,221,170,0,0,151,0,1,0,1916,4.2360,542,377,24,0,69.56,391,391,100.0,Alta participação em votações,39.03,Baixo engajamento parlamentar,Alto desequilíbrio atividade-despesa
528,204491,Gilberto Abramo,REPUBLICANOS,MG,943,1875043.92,1203,1202,749,453,0,0,473,0,1,0,5948,3.1722,943,703,18,0,74.55,1203,1202,100.0,Alta participação em votações,78.76,Alto engajamento parlamentar,Comportamento esperado
529,204492,Paulo Guedes,PT,MG,1268,2024013.89,1415,1414,829,557,0,28,310,0,1,0,4530,2.2381,1268,962,20,1,75.87,1415,1414,98.02,Alta participação em votações,82.37,Alto engajamento parlamentar,Comportamento esperado
530,204494,Fred Costa,PRD,MG,2172,1805233.83,630,630,423,205,2,0,347,0,1,0,4115,2.2795,2172,1761,141,0,81.08,630,630,99.68,Alta participação em votações,53.27,Médio engajamento parlamentar,Alto desequilíbrio atividade-despesa
531,204495,Airton Faleiro,PT,PA,1092,2227602.48,1291,1290,747,519,0,24,358,0,1,0,4886,2.1934,1092,402,60,0,36.81,1291,1290,98.14,Alta participação em votações,78.83,Alto engajamento parlamentar,Comportamento esperado
532,204496,Celso Sabino,PDT,PA,531,856833.56,423,423,269,154,0,0,269,0,0,0,3113,3.6331,531,341,14,0,64.22,423,423,100.0,Alta participação em votações,43.31,Médio engajamento parlamentar,Alto desequilíbrio atividade-despesa
533,204497,Júnior Ferrari,PSD,PA,907,1375055.36,1317,1316,760,550,5,1,324,0,1,0,4572,3.3250,907,624,1,0,68.8,1317,1316,99.54,Alta participação em votações,79.24,Alto engajamento parlamentar,Comportamento esperado
534,204498,Olival Marques,PODE,PA,571,2306287.45,1305,1304,764,539,1,0,181,0,0,0,3115,1.3507,571,138,2,0,24.17,1305,1304,99.92,Alta participação em votações,75.16,Alto engajamento parlamentar,Comportamento esperado
535,204499,Cássio Andrade,PSB,PA,357,535662.75,219,219,144,70,1,4,186,0,1,0,2094,3.9092,357,257,30,0,71.99,219,219,97.72,Alta participação em votações,32.82,Baixo engajamento parlamentar,Alto desequilíbrio atividade-despesa
536,204500,Eduardo Costa,PSD,PA,211,536987.50,357,357,218,139,0,0,76,0,0,0,1117,2.0801,211,96,6,0,45.5,357,357,100.0,Alta participação em votações,35.78,Baixo engajamento parlamentar,Alto desequilíbrio atividade-despesa
537,204501,Alencar Santana,PT,SP,1031,2032546.57,1421,1420,809,592,1,18,306,0,1,0,4496,2.2120,1031,709,107,0,68.77,1421,1420,98.66,Alta participação em votações,82.63,Alto engajamento parlamentar,Comportamento esperado
538,204502,Bozzella,UNIÃO,SP,286,452400.29,416,416,245,171,0,0,156,0,1,0,1991,4.4010,286,151,34,0,52.8,416,416,100.0,Alta participação em votações,40.13,Médio engajamento parlamentar,Alto desequilíbrio atividade-despesa
539,204503,Alexandre Padilha,PT,SP,858,437460.85,454,454,270,157,1,26,216,0,0,0,2614,5.9754,858,764,24,0,89.04,454,454,94.05,Alta participação em votações,41.96,Médio engajamento parlamentar,Alto desequilíbrio atividade-despesa
540,204504,Cezinha De Madureira,PL,SP,1280,2148591.44,1377,1376,820,556,0,0,269,0,1,0,4082,1.8998,1280,876,69,6,68.44,1377,1376,100.0,Alta participação em votações,80.24,Alto engajamento parlamentar,Comportamento esperado
541,204505,Vavá Martins,REPUBLICANOS,PA,375,533301.93,345,345,183,162,0,0,195,0,0,0,2295,4.3034,375,221,6,0,58.93,345,345,100.0,Alta participação em votações,38.39,Baixo engajamento parlamentar,Alto desequilíbrio atividade-despesa
542,204506,Marcos Pereira,REPUBLICANOS,SP,564,1994826.16,1020,1019,600,372,0,0,151,0,1,0,2545,1.2758,564,257,5,0,45.57,1020,1019,95.39,Alta participação em votações,62.45,Médio engajamento parlamentar,Alto desequilíbrio atividade-despesa
543,204507,Carla Zambelli,PL,SP,2316,1653364.07,1019,1019,497,462,0,60,248,0,1,0,3514,2.1254,2316,1931,42,0,83.38,1019,1019,94.11,Alta participação em votações,64.67,Médio engajamento parlamentar,Alto desequilíbrio atividade-despesa
544,204508,Igor Timo,UNIÃO,MG,2104,2033212.37,1185,1184,771,413,0,0,103,0,0,0,2215,1.0894,2104,1788,201,0,84.98,1185,1184,100.0,Alta participação em votações,68.53,Médio engajamento parlamentar,Alto desequilíbrio atividade-despesa
545,204509,Áurea Carolina,PSOL,MG,615,467128.47,374,374,185,175,0,14,58,0,1,0,969,2.0744,615,415,32,0,67.48,374,374,96.26,Alta participação em votações,35.23,Baixo engajamento parlamentar,Alto desequilíbrio atividade-despesa
546,204510,Franco Cartafina,PP,MG,428,470228.07,381,381,207,174,0,0,66,0,0,0,1041,2.2138,428,397,36,0,92.76,381,381,100.0,Alta participação em votações,36.46,Baixo engajamento parlamentar,Alto desequilíbrio atividade-despesa
547,204511,David Soares,PODE,SP,1774,1840323.81,852,852,462,373,17,0,248,0,1,0,3347,1.8187,1774,1260,206,0,71.03,852,852,98.0,Alta participação em votações,58.98,Médio engajamento parlamentar,Alto desequilíbrio atividade-despesa
548,204512,Delegado Marcelo Freitas,UNIÃO,MG,1839,2042833.60,1632,1631,915,716,0,0,233,0,1,0,3977,1.9468,1839,1548,94,0,84.18,1632,1631,100.0,Alta participação em votações,89.18,Alto engajamento parlamentar,Comportamento esperado
549,204513,Guiga Peixoto,PSC,SP,1174,357539.27,494,494,262,232,0,0,124,0,0,0,1734,4.8498,1174,1112,38,0,94.72,494,494,100.0,Alta participação em votações,42.33,Médio engajamento parlamentar,Alto desequilíbrio atividade-despesa
550,204514,Coronel Tadeu,PL,SP,540,537484.14,515,515,269,246,0,0,169,0,1,0,2220,4.1304,540,439,34,0,81.3,515,515,100.0,Alta participação em votações,44.3,Médio engajamento parlamentar,Alto desequilíbrio atividade-despesa
551,204515,André Janones,REDE,MG,1300,1858140.71,1303,1302,759,542,1,0,283,0,0,0,4133,2.2243,1300,1209,143,0,93.0,1303,1302,99.92,Alta participação em votações,77.72,Alto engajamento parlamentar,Comportamento esperado
552,204516,Alexis Fonteyne,NOVO,SP,268,267554.65,470,470,213,253,0,4,106,0,1,0,1545,5.7745,268,218,4,0,81.34,470,470,99.15,Alta participação em votações,40.76,Médio engajamento parlamentar,Alto desequilíbrio atividade-despesa
553,204517,Zé Vitor,PL,MG,1592,1981695.93,709,709,436,251,0,22,317,0,1,0,3894,1.9650,1592,1447,4,0,90.89,709,709,96.9,Alta participação em votações,55.01,Médio engajamento parlamentar,Alto desequilíbrio atividade-despesa
554,204518,Dr. Frederico,PRD,MG,1104,2062233.22,1116,1116,648,468,0,0,335,0,1,0,4481,2.1729,1104,867,31,0,78.53,1116,1116,100.0,Alta participação em votações,71.85,Médio engajamento parlamentar,Alto desequilíbrio atividade-despesa
555,204519,Tiago Mitraud,NOVO,MG,171,55164.46,513,513,229,279,0,5,37,0,1,0,898,16.2786,171,127,5,0,74.27,513,513,99.03,Alta participação em votações,40.62,Médio engajamento parlamentar,Comportamento esperado
556,204520,Junio Amaral,PL,MG,2186,1345507.46,1328,1327,676,615,0,35,235,0,0,0,3678,2.7335,2186,1685,90,7,77.08,1328,1327,97.29,Alta participação em votações,76.92,Alto engajamento parlamentar,Comportamento esperado
557,204521,Abou Anni,UNIÃO,SP,750,367411.79,420,420,246,174,0,0,189,0,1,0,2325,6.3280,750,718,32,0,95.73,420,420,100.0,Alta participação em votações,41.13,Médio engajamento parlamentar,Alto desequilíbrio atividade-despesa
558,204522,Marco Bertaiolli,PSD,SP,526,496688.43,518,518,298,219,1,0,332,0,1,0,3853,7.7574,526,247,39,0,46.96,518,518,99.81,Alta participação em votações,48.58,Médio engajamento parlamentar,Alto desequilíbrio atividade-despesa
559,204523,Lucas Gonzalez,NOVO,MG,254,225680.96,456,456,207,244,0,5,87,0,1,0,1341,5.9420,254,174,6,0,68.5,456,456,98.9,Alta participação em votações,39.68,Baixo engajamento parlamentar,Alto desequilíbrio atividade-despesa
560,204524,Pinheirinho,PP,MG,1995,1829967.77,677,677,437,239,1,0,248,0,0,0,3157,1.7252,1995,1729,26,2,86.67,677,677,99.85,Alta participação em votações,52.58,Médio engajamento parlamentar,Alto desequilíbrio atividade-despesa
561,204525,Rosana Valle,PL,SP,2163,1914623.49,1398,1398,778,560,0,60,262,0,1,0,4033,2.1064,2163,1874,56,0,86.64,1398,1398,95.71,Alta participação em votações,80.03,Alto engajamento parlamentar,Comportamento esperado
562,204526,Luiz Philippe De Orleans E Bragança,PL,SP,2336,1643222.13,1298,1297,605,642,5,45,257,0,0,0,3868,2.3539,2336,1937,96,0,82.92,1298,1297,96.14,Alta participação em votações,76.1,Alto engajamento parlamentar,Comportamento esperado
563,204527,Geninho Zuliani,UNIÃO,SP,523,445778.34,113,113,70,43,0,0,157,0,1,0,1698,3.8091,523,90,28,0,17.21,113,113,100.0,Alta participação em votações,28.42,Baixo engajamento parlamentar,Alto desequilíbrio atividade-despesa
564,204528,Adriana Ventura,NOVO,SP,1113,303259.61,1514,1513,667,733,0,109,272,0,1,0,4249,14.0111,1113,776,63,0,69.72,1514,1513,92.53,Alta participação em votações,84.13,Alto engajamento parlamentar,Comportamento esperado
565,204529,Policial Katia Sastre,PL,SP,853,472083.99,447,447,252,195,0,0,150,0,0,0,1947,4.1243,853,699,37,0,81.95,447,447,100.0,Alta participação em votações,41.17,Médio engajamento parlamentar,Alto desequilíbrio atividade-despesa
566,204530,Rodrigo Agostinho,PSB,SP,366,318422.68,486,486,270,203,1,12,250,0,0,0,2986,9.3775,366,303,6,0,82.79,486,486,97.33,Alta participação em votações,44.73,Médio engajamento parlamentar,Alto desequilíbrio atividade-despesa
567,204531,Guilherme Derrite,PP,SP,754,433875.37,509,509,263,246,0,0,155,0,0,0,2059,4.7456,754,586,61,0,77.72,509,509,100.0,Alta participação em votações,43.71,Médio engajamento parlamentar,Alto desequilíbrio atividade-despesa
568,204532,Vinicius Poit,NOVO,SP,198,245836.21,464,464,217,244,0,3,81,0,1,0,1289,5.2433,198,148,6,0,74.75,464,464,99.35,Alta participação em votações,39.93,Baixo engajamento parlamentar,Alto desequilíbrio atividade-despesa
569,204533,Idilvan Alencar,PSB,CE,1533,1529363.70,1022,1022,611,404,0,7,146,0,1,0,2497,1.6327,1533,1063,83,0,69.34,1022,1022,99.32,Alta participação em votações,63.21,Médio engajamento parlamentar,Alto desequilíbrio atividade-despesa
570,204534,Tabata Amaral,PSB,SP,2553,2118233.17,1491,1491,835,642,0,14,168,0,0,0,3171,1.4970,2553,2160,62,1,84.61,1491,1491,99.06,Alta participação em votações,81.88,Alto engajamento parlamentar,Comportamento esperado
571,204535,Sâmia Bomfim,PSOL,SP,841,1825378.18,1328,1328,648,626,25,29,257,0,0,0,3898,2.1354,841,426,20,0,50.65,1328,1328,95.93,Alta participação em votações,77.23,Alto engajamento parlamentar,Comportamento esperado
572,204536,Kim Kataguiri,MISSÃO,SP,737,910248.96,1373,1372,676,689,6,1,364,0,1,0,5028,5.5238,737,90,17,0,12.21,1373,1372,99.49,Alta participação em votações,82.43,Alto engajamento parlamentar,Comportamento esperado
573,204537,Enrico Misasi,MDB,SP,335,464696.65,428,428,218,209,0,1,144,0,1,0,1883,4.0521,335,242,12,0,72.24,428,428,99.77,Alta participação em votações,40.24,Médio engajamento parlamentar,Alto desequilíbrio atividade-despesa
574,204538,Paulo Bengtson,PTB,PA,189,541067.25,269,269,158,111,0,0,88,0,0,0,1149,2.1236,189,83,17,0,43.92,269,269,100.0,Alta participação em votações,32.68,Baixo engajamento parlamentar,Alto desequilíbrio atividade-despesa
575,204539,Hercílio Coelho Diniz,MDB,MG,552,1255640.31,1076,1075,674,401,0,0,183,0,0,0,2906,2.3144,552,541,18,0,98.01,1076,1075,100.0,Alta participação em votações,66.37,Médio engajamento parlamentar,Alto desequilíbrio atividade-despesa
576,204540,Maria Rosas,REPUBLICANOS,SP,1765,1855937.12,1311,1311,800,511,0,0,166,0,1,0,2986,1.6089,1765,1399,84,0,79.26,1311,1311,100.0,Alta participação em votações,75.05,Alto engajamento parlamentar,Comportamento esperado
577,204541,Eduardo Bismarck,PV,CE,1255,1445769.84,1015,1015,589,405,1,9,320,0,1,0,4230,2.9258,1255,965,30,10,76.89,1015,1015,97.93,Alta participação em votações,67.14,Médio engajamento parlamentar,Alto desequilíbrio atividade-despesa
578,204542,Denis Bezerra,PSB,CE,242,542786.26,445,445,246,184,1,14,166,0,0,0,2105,3.8781,242,177,20,0,73.14,445,445,96.63,Alta participação em votações,40.84,Médio engajamento parlamentar,Alto desequilíbrio atividade-despesa
579,204543,Luiz Flávio Gomes,PSB,SP,0,0.00,0,0,0,0,0,0,111,0,0,0,1110,,,,,,,,,,,2.86,Baixo engajamento parlamentar,Comportamento esperado
580,204544,Alexandre Frota,PROS,SP,120,481806.69,353,353,197,154,2,0,150,0,0,0,1853,3.8459,120,81,19,0,67.5,353,353,99.43,Alta participação em votações,37.42,Baixo engajamento parlamentar,Alto desequilíbrio atividade-despesa
581,204545,Alê Silva,REPUBLICANOS,MG,498,470750.15,427,427,238,189,0,0,9,0,0,0,517,1.0982,498,446,15,0,89.56,427,427,100.0,Alta participação em votações,36.77,Baixo engajamento parlamentar,Alto desequilíbrio atividade-despesa
582,204546,Joice Hasselmann,PSDB,SP,191,438855.81,459,459,239,220,0,0,68,0,1,0,1154,2.6296,191,103,16,0,53.93,459,459,100.0,Alta participação em votações,39.53,Baixo engajamento parlamentar,Alto desequilíbrio atividade-despesa
583,204547,Léo Motta,REPUBLICANOS,MG,450,467002.47,266,266,132,90,44,0,38,0,0,0,646,1.3833,450,394,53,1,87.56,266,266,83.46,Alta participação em votações,27.97,Baixo engajamento parlamentar,Alto desequilíbrio atividade-despesa
584,204548,Heitor Freire,UNIÃO,CE,239,564467.13,375,375,218,157,0,0,140,0,0,0,1775,3.1446,239,152,10,0,63.6,375,375,100.0,Alta participação em votações,38.13,Baixo engajamento parlamentar,Alto desequilíbrio atividade-despesa
585,204549,Aj Albuquerque,PP,CE,969,1556892.87,1156,1155,710,442,2,1,122,0,0,0,2376,1.5261,969,720,35,0,74.3,1156,1155,99.74,Alta participação em votações,67.84,Médio engajamento parlamentar,Alto desequilíbrio atividade-despesa
586,204550,Júnior Mano,PSB,CE,614,2055761.64,596,596,400,191,0,5,266,0,0,0,3256,1.5838,614,273,26,0,44.46,596,596,99.16,Alta participação em votações,49.77,Médio engajamento parlamentar,Alto desequilíbrio atividade-despesa
587,204551,Bosco Saraiva,SOLIDARIEDADE,AM,220,567819.96,252,252,152,100,0,0,127,0,0,0,1522,2.6804,220,148,11,0,67.27,252,252,100.0,Alta participação em votações,33.03,Baixo engajamento parlamentar,Alto desequilíbrio atividade-despesa
588,204552,Eduardo Braide,PODE,MA,0,0.00,0,0,0,0,0,0,165,0,0,0,1650,,,,,,,,,,,4.25,Baixo engajamento parlamentar,Comportamento esperado
589,204553,Pastor Sargento Isidório,AVANTE,BA,494,853702.70,1498,1498,886,595,17,0,277,0,0,0,4268,4.9994,494,263,53,0,53.24,1498,1498,98.87,Alta participação em votações,84.92,Alto engajamento parlamentar,Comportamento esperado
590,204554,Abílio Santana,PSC,BA,201,352886.79,321,321,174,147,0,0,227,0,0,0,2591,7.3423,201,150,2,0,74.63,321,321,100.0,Alta participação em votações,38.28,Baixo engajamento parlamentar,Alto desequilíbrio atividade-despesa
591,204555,José Ricardo,PT,AM,381,568864.21,421,421,237,166,0,18,154,0,0,0,1961,3.4472,381,210,17,0,55.12,421,421,95.72,Alta participação em votações,39.41,Baixo engajamento parlamentar,Alto desequilíbrio atividade-despesa
592,204556,Marcelo Ramos,PSD,AM,295,550691.29,219,219,108,55,1,0,252,0,1,0,2754,5.0010,295,109,7,0,36.95,219,219,74.43,Participação moderada em votações,29.86,Baixo engajamento parlamentar,Alto desequilíbrio atividade-despesa
593,204557,Sidney Leite,PSD,AM,1081,2323590.93,1196,1195,681,502,12,0,221,0,0,0,3406,1.4658,1081,609,1,0,56.34,1196,1195,99.0,Alta participação em votações,71.79,Médio engajamento parlamentar,Alto desequilíbrio atividade-despesa
594,204558,Marcelo Nilo,REPUBLICANOS,BA,550,502645.07,442,442,256,185,0,1,274,0,0,0,3182,6.3305,550,469,61,0,85.27,442,442,99.77,Alta participação em votações,44.13,Médio engajamento parlamentar,Alto desequilíbrio atividade-despesa
595,204559,Zé Neto,PT,BA,1385,1931519.74,1177,1176,692,462,5,17,277,0,1,0,3962,2.0512,1385,960,192,0,69.31,1177,1176,98.13,Alta participação em votações,72.32,Médio engajamento parlamentar,Alto desequilíbrio atividade-despesa
596,204560,Adolfo Viana,PSDB,BA,777,1873701.18,902,901,583,318,0,0,230,0,0,0,3202,1.7089,777,441,18,0,56.76,902,901,100.0,Alta participação em votações,60.84,Médio engajamento parlamentar,Alto desequilíbrio atividade-despesa
597,204561,Bira Do Pindaré,PSB,MA,441,514574.16,405,405,226,160,0,19,149,0,1,0,1910,3.7118,441,356,8,0,80.73,405,405,95.31,Alta participação em votações,38.59,Baixo engajamento parlamentar,Alto desequilíbrio atividade-despesa
598,204562,Edilázio Júnior,PSD,MA,211,542608.03,355,355,196,159,0,0,194,0,0,0,2295,4.2296,211,91,8,0,43.13,355,355,100.0,Alta participação em votações,38.75,Baixo engajamento parlamentar,Alto desequilíbrio atividade-despesa
599,204563,Josimar Maranhãozinho,PL,MA,549,1829857.55,708,707,429,266,1,11,96,0,0,0,1668,0.9115,549,265,6,0,48.27,708,707,98.3,Alta participação em votações,49.53,Médio engajamento parlamentar,Alto desequilíbrio atividade-despesa
600,204564,Igor Kannário,UNIÃO,BA,166,479130.87,233,233,134,99,0,0,11,0,1,0,358,0.7472,166,84,10,0,50.6,233,233,100.0,Alta participação em votações,29.31,Baixo engajamento parlamentar,Alto desequilíbrio atividade-despesa
601,204565,Professora Dayane Pimentel,UNIÃO,BA,205,484258.02,315,315,188,127,0,0,86,0,1,0,1190,2.4574,205,130,8,0,63.41,315,315,100.0,Alta participação em votações,34.41,Baixo engajamento parlamentar,Alto desequilíbrio atividade-despesa
602,204566,Marreca Filho,PRD,MA,1062,2097409.01,897,896,548,345,3,0,473,0,1,0,5642,2.6900,1062,746,83,1,70.24,897,896,99.67,Alta participação em votações,66.84,Médio engajamento parlamentar,Alto desequilíbrio atividade-despesa
603,204567,Raimundo Costa,PSD,BA,2678,2202843.81,1099,1099,718,380,1,0,317,0,1,0,4284,1.9448,2678,2473,131,0,92.35,1099,1099,99.91,Alta participação em votações,70.71,Médio engajamento parlamentar,Alto desequilíbrio atividade-despesa
604,204569,Delegado Pablo,UNIÃO,AM,233,527795.33,342,342,195,147,0,0,87,0,1,0,1227,2.3248,233,123,8,1,52.79,342,342,100.0,Alta participação em votações,35.49,Baixo engajamento parlamentar,Alto desequilíbrio atividade-despesa
605,204570,Pastor Gil,PL,MA,779,1973365.22,976,975,595,367,0,13,135,0,0,0,2326,1.1787,779,592,18,0,75.99,976,975,98.67,Alta participação em votações,60.99,Médio engajamento parlamentar,Alto desequilíbrio atividade-despesa
606,204571,Alex Santana,REPUBLICANOS,BA,972,1818253.43,1012,1011,660,345,6,0,214,0,0,0,3152,1.7335,972,671,16,0,69.03,1012,1011,99.41,Alta participação em votações,64.57,Médio engajamento parlamentar,Alto desequilíbrio atividade-despesa
607,204572,Capitão Alberto Neto,PL,AM,928,1743036.59,1416,1416,746,613,0,57,425,0,1,0,5681,3.2593,928,427,6,0,46.01,1416,1416,95.97,Alta participação em votações,84.98,Alto engajamento parlamentar,Comportamento esperado
608,204573,Otto Alencar Filho,PSD,BA,1533,1801023.73,1236,1235,752,483,0,0,397,0,0,0,5206,2.8906,1533,1256,181,3,81.93,1236,1235,100.0,Alta participação em votações,78.08,Alto engajamento parlamentar,Comportamento esperado
609,204574,Junior Lourenço,MDB,MA,612,2039342.93,778,777,488,289,0,0,197,0,0,0,2748,1.3475,612,176,38,0,28.76,778,777,100.0,Alta participação em votações,55.19,Médio engajamento parlamentar,Alto desequilíbrio atividade-despesa
610,204575,Gil Cutrim,REPUBLICANOS,MA,123,538778.85,432,432,247,185,0,0,103,0,0,0,1462,2.7135,123,72,1,0,58.54,432,432,100.0,Alta participação em votações,39.38,Baixo engajamento parlamentar,Alto desequilíbrio atividade-despesa
611,204576,João Roma,PL,BA,278,372142.65,257,257,145,112,0,0,261,0,0,0,2867,7.7040,278,147,2,0,52.88,257,257,100.0,Alta participação em votações,36.68,Baixo engajamento parlamentar,Alto desequilíbrio atividade-despesa
612,205476,Charles Fernandes,PSD,BA,1230,2047861.39,1316,1316,794,516,2,0,234,0,1,0,3671,1.7926,1230,1087,73,0,88.37,1316,1316,99.54,Alta participação em votações,76.9,Alto engajamento parlamentar,Comportamento esperado
613,205535,Patricia Ferraz,PL,AP,84,169772.53,73,73,48,25,0,0,3,0,0,0,103,0.6067,84,57,0,0,67.86,73,73,100.0,Alta participação em votações,22.91,Baixo engajamento parlamentar,Alto desequilíbrio atividade-despesa
614,205548,David Miranda,PDT,RJ,159,315553.32,316,316,179,130,0,7,42,0,0,0,736,2.3324,159,89,8,0,55.97,316,316,97.78,Alta participação em votações,32.88,Baixo engajamento parlamentar,Alto desequilíbrio atividade-despesa
615,205550,Jorge Braz,REPUBLICANOS,RJ,1158,1938635.21,1455,1454,884,570,0,0,176,0,0,0,3215,1.6584,1158,897,25,0,77.46,1455,1454,100.0,Alta participação em votações,80.86,Alto engajamento parlamentar,Comportamento esperado
616,205863,Marcelo Brum,REPUBLICANOS,RS,92,118668.82,114,114,65,49,0,0,37,0,0,0,484,4.0786,92,71,3,0,77.17,114,114,100.0,Alta participação em votações,25.37,Baixo engajamento parlamentar,Alto desequilíbrio atividade-despesa
617,205865,Reinhold Stephanes,PL,PR,1105,1665746.28,898,898,507,389,2,0,213,0,0,0,3028,1.8178,1105,946,131,1,85.61,898,898,99.78,Alta participação em votações,60.22,Médio engajamento parlamentar,Alto desequilíbrio atividade-despesa
618,206018,Célia Xakriabá,PSOL,MG,2679,1537521.25,847,846,464,378,0,4,116,0,1,0,2022,1.3151,2679,2393,113,0,89.32,847,846,99.53,Alta participação em votações,55.68,Médio engajamento parlamentar,Alto desequilíbrio atividade-despesa
619,206231,Ted Conti,PSB,ES,48,105014.99,120,120,63,54,0,3,124,0,0,0,1360,12.9505,48,42,4,0,87.5,120,120,97.5,Alta participação em votações,27.34,Baixo engajamento parlamentar,Alto desequilíbrio atividade-despesa
620,207176,Bia Cavassa,PSDB,MS,109,119183.10,125,125,72,53,0,0,53,0,0,0,655,5.4957,109,80,4,0,73.39,125,125,100.0,Alta participação em votações,26.21,Baixo engajamento parlamentar,Alto desequilíbrio atividade-despesa
621,207309,Enéias Reis,UNIÃO,MG,0,0.00,0,0,0,0,0,0,82,0,0,0,820,,,,,,,,,,,2.11,Baixo engajamento parlamentar,Comportamento esperado
622,208297,Katia Dias,REPUBLICANOS,MG,65,152277.87,110,110,60,50,0,0,0,0,0,0,110,0.7224,65,21,0,0,32.31,110,110,100.0,Alta participação em votações,24.26,Baixo engajamento parlamentar,Alto desequilíbrio atividade-despesa
623,209189,Joseildo Ramos,PT,BA,2068,2261408.90,1290,1289,749,510,3,27,146,0,1,0,2765,1.2227,2068,1746,94,0,84.43,1290,1289,97.67,Alta participação em votações,73.23,Médio engajamento parlamentar,Alto desequilíbrio atividade-despesa
624,209787,Nikolas Ferreira,PL,MG,971,1132431.96,1042,1041,505,473,0,63,80,0,0,0,1842,1.6266,971,789,48,2,81.26,1042,1041,93.95,Alta participação em votações,61.19,Médio engajamento parlamentar,Alto desequilíbrio atividade-despesa
625,210989,Bruno Farias,REPUBLICANOS,MG,1911,1644080.83,850,849,549,295,5,0,188,0,1,0,2745,1.6696,1911,1641,127,0,85.87,850,849,99.41,Alta participação em votações,57.63,Médio engajamento parlamentar,Alto desequilíbrio atividade-despesa
626,211498,Renato Santana,PSD,DF,1,0.30,0,0,0,0,0,0,0,0,0,0,0,0.0000,1,0,0,0,0.0,,,,,0.0,Baixo engajamento parlamentar,Comportamento esperado
627,211649,Ricardo Pericar,UNIÃO,RJ,0,0.00,0,0,0,0,0,0,4,0,0,0,40,,,,,,,,,,,0.1,Baixo engajamento parlamentar,Comportamento esperado
628,211866,Fabiano Tolentino,PODE,MG,0,0.00,0,0,0,0,0,0,27,0,0,0,270,,,,,,,,,,,0.7,Baixo engajamento parlamentar,Comportamento esperado
629,212504,Fernando Borja,AVANTE,MG,0,0.00,0,0,0,0,0,0,3,0,0,0,30,,,,,,,,,,,0.08,Baixo engajamento parlamentar,Comportamento esperado
630,212625,Dr. Gonçalo,PODE,MA,3,1137.69,71,71,43,28,0,0,3,0,0,0,101,88.7764,3,0,0,0,0.0,71,71,100.0,Alta participação em votações,22.83,Baixo engajamento parlamentar,Comportamento esperado
631,212749,Marcão Gomes,PL,RJ,0,0.00,0,0,0,0,0,0,9,0,0,0,90,,,,,,,,,,,0.23,Baixo engajamento parlamentar,Comportamento esperado
632,213274,Ricardo Silva,PSD,SP,1527,1259626.76,598,598,337,261,0,0,148,0,0,0,2078,1.6497,1527,1327,34,0,86.9,598,598,100.0,Alta participação em votações,46.97,Médio engajamento parlamentar,Alto desequilíbrio atividade-despesa
633,213679,Dr. João,PROS,BA,0,0.00,0,0,0,0,0,0,1,0,0,0,10,,,,,,,,,,,0.03,Baixo engajamento parlamentar,Comportamento esperado
634,213762,Carla Dickson,PL,RN,671,1203223.31,929,928,531,397,0,0,21,0,1,0,1154,0.9591,671,550,4,0,81.97,929,928,100.0,Alta participação em votações,56.5,Médio engajamento parlamentar,Alto desequilíbrio atividade-despesa
635,213854,Dr. Agripino Magalhães,UNIÃO,CE,110,169105.38,115,115,59,56,0,0,1,0,0,0,125,0.7392,110,84,0,0,76.36,115,115,100.0,Alta participação em votações,24.48,Baixo engajamento parlamentar,Alto desequilíbrio atividade-despesa
636,213856,Deuzinho Filho,REPUBLICANOS,CE,0,0.00,0,0,0,0,0,0,0,0,0,0,0,,,,,,,,,,,0.0,Baixo engajamento parlamentar,Comportamento esperado
637,214445,Nilson F. Stainsack,PP,SC,0,0.00,0,0,0,0,0,0,0,0,0,0,0,,,,,,,,,,,0.0,Baixo engajamento parlamentar,Comportamento esperado
638,214477,Rrenato Queiroz,PSD,RR,70,182873.19,208,208,100,108,0,0,3,0,0,0,238,1.3014,70,42,0,0,60.0,208,208,100.0,Alta participação em votações,28.13,Baixo engajamento parlamentar,Alto desequilíbrio atividade-despesa
639,214694,Jorge Goetten,REPUBLICANOS,SC,1276,1367913.46,919,918,560,332,3,23,178,0,1,0,2714,1.9840,1276,995,17,0,77.98,919,918,97.17,Alta participação em votações,59.59,Médio engajamento parlamentar,Alto desequilíbrio atividade-despesa
640,214865,Joceval Rodrigues,CIDADANIA,BA,20,76067.87,65,65,37,28,0,0,0,0,0,0,65,0.8545,20,8,0,0,40.0,65,65,100.0,Alta participação em votações,22.52,Baixo engajamento parlamentar,Desequilíbrio moderado atividade-despesa
641,215042,Ricardo Da Karol,PDT,RJ,204,451207.93,421,421,269,147,1,4,0,0,0,0,421,0.9331,204,111,12,0,54.41,421,421,98.81,Alta participação em votações,36.06,Baixo engajamento parlamentar,Alto desequilíbrio atividade-despesa
642,215043,Josivaldo Jp,UNIÃO,MA,991,2081978.95,1275,1275,773,499,3,0,82,0,0,0,2095,1.0063,991,602,12,0,60.75,1275,1275,99.76,Alta participação em votações,71.44,Médio engajamento parlamentar,Alto desequilíbrio atividade-despesa
643,215044,Vivi Reis,PSOL,PA,345,545158.33,488,488,244,223,0,21,9,0,0,0,578,1.0602,345,227,7,0,65.8,488,488,95.7,Alta participação em votações,38.27,Baixo engajamento parlamentar,Alto desequilíbrio atividade-despesa
644,215045,Pedro Augusto Palareti,PP,RJ,334,464270.24,327,327,200,126,1,0,2,0,0,0,347,0.7474,334,247,71,0,73.95,327,327,99.69,Alta participação em votações,32.65,Baixo engajamento parlamentar,Alto desequilíbrio atividade-despesa
645,215361,Rachel Marques,PT,CE,0,0.00,0,0,0,0,0,0,0,0,0,0,0,,,,,,,,,,,0.0,Baixo engajamento parlamentar,Comportamento esperado
646,216198,Norma Pereira,PSDB,SC,24,16310.91,0,0,0,0,0,0,0,0,0,0,0,0.0000,24,20,1,0,83.33,,,,,0.0,Baixo engajamento parlamentar,Comportamento esperado
647,216313,Rafafá,PSDB,PB,0,0.00,0,0,0,0,0,0,1,0,0,0,10,,,,,,,,,,,0.03,Baixo engajamento parlamentar,Comportamento esperado
648,216544,Paulo Vicente Caleffi,PSD,RS,123,103106.91,110,110,58,52,0,0,2,0,0,0,130,1.2608,123,107,0,0,86.99,110,110,100.0,Alta participação em votações,24.31,Baixo engajamento parlamentar,Alto desequilíbrio atividade-despesa
649,216545,Totonho Lopes,PDT,CE,0,0.00,0,0,0,0,0,0,0,0,0,0,0,,,,,,,,,,,0.0,Baixo engajamento parlamentar,Comportamento esperado
650,217036,Henrique Do Paraíso,REPUBLICANOS,SP,0,0.00,0,0,0,0,0,0,0,0,0,0,0,,,,,,,,,,,0.0,Baixo engajamento parlamentar,Comportamento esperado
651,217330,Pedro Dalua,PSC,AP,44,136548.46,91,91,52,38,1,0,1,0,0,0,101,0.7397,44,21,0,0,47.73,91,91,98.9,Alta participação em votações,23.33,Baixo engajamento parlamentar,Alto desequilíbrio atividade-despesa
652,217480,Jones Moura,PSD,RJ,1513,739649.63,622,622,354,265,3,0,6,0,0,0,682,0.9221,1513,1349,110,0,89.16,622,622,99.52,Alta participação em votações,44.15,Médio engajamento parlamentar,Alto desequilíbrio atividade-despesa
653,218086,Ely Santos,REPUBLICANOS,SP,831,1415363.38,1000,999,635,362,2,0,10,0,0,0,1100,0.7772,831,616,22,0,74.13,1000,999,99.8,Alta participação em votações,58.93,Médio engajamento parlamentar,Alto desequilíbrio atividade-despesa
654,218245,Jorielson,PL,AP,42,186862.02,148,148,87,61,0,0,1,0,0,0,158,0.8455,42,23,0,0,54.76,148,148,100.0,Alta participação em votações,25.76,Baixo engajamento parlamentar,Alto desequilíbrio atividade-despesa
655,218741,Patrick Dorneles,PSD,PB,33,50015.95,107,107,59,47,1,0,0,0,0,0,107,2.1393,33,32,4,0,96.97,107,107,99.07,Alta participação em votações,23.96,Baixo engajamento parlamentar,Desequilíbrio moderado atividade-despesa
656,218879,Nelho Bezerra,UNIÃO,CE,189,170075.48,216,216,123,93,0,0,1,0,0,0,226,1.3288,189,147,5,0,77.78,216,216,100.0,Alta participação em votações,28.39,Baixo engajamento parlamentar,Alto desequilíbrio atividade-despesa
657,219568,Tiago Andrino,PSB,TO,90,101470.43,99,99,55,35,0,9,0,0,0,0,99,0.9757,90,58,7,1,64.44,99,99,90.91,Alta participação em votações,22.02,Baixo engajamento parlamentar,Alto desequilíbrio atividade-despesa
658,219585,Marco Brasil,PP,PR,1029,1178358.50,612,612,366,245,1,0,53,0,0,0,1142,0.9691,1029,888,41,0,86.3,612,612,99.84,Alta participação em votações,45.03,Médio engajamento parlamentar,Alto desequilíbrio atividade-despesa
659,219592,Lucas Follador,PSC,RO,38,56596.15,97,97,57,40,0,0,4,0,0,0,137,2.4207,38,9,0,0,23.68,97,97,100.0,Alta participação em votações,23.86,Baixo engajamento parlamentar,Desequilíbrio moderado atividade-despesa
660,219599,Sargento Alexandre,PODE,SP,163,94385.94,96,96,58,38,0,0,1,0,0,0,106,1.1230,163,129,5,0,79.14,96,96,100.0,Alta participação em votações,23.74,Baixo engajamento parlamentar,Desequilíbrio moderado atividade-despesa
661,219920,Fabio Barros,PSB,PE,57,40332.39,0,0,0,0,0,0,0,0,0,0,0,0.0000,57,56,18,0,98.25,,,,,0.0,Baixo engajamento parlamentar,Comportamento esperado
662,220008,Eliza Virgínia,PP,PB,286,341052.11,163,163,83,75,5,0,0,0,0,0,163,0.4779,286,235,20,0,82.17,163,163,96.93,Alta participação em votações,25.7,Baixo engajamento parlamentar,Alto desequilíbrio atividade-despesa
663,220526,Gilvan Da Federal,PL,ES,1410,1300056.29,861,860,408,376,0,76,48,0,0,0,1341,1.0315,1410,1190,23,1,84.4,861,860,91.16,Alta participação em votações,52.79,Médio engajamento parlamentar,Alto desequilíbrio atividade-despesa
664,220527,Jack Rocha,PT,ES,1199,1497433.94,1040,1039,612,422,1,3,63,0,0,0,1670,1.1152,1199,1009,52,0,84.15,1040,1039,99.52,Alta participação em votações,61.78,Médio engajamento parlamentar,Alto desequilíbrio atividade-despesa
665,220528,Dr. Victor Linhalis,PODE,ES,691,1609264.75,893,892,536,356,0,0,125,0,0,0,2143,1.3317,691,410,73,1,59.33,893,892,100.0,Alta participação em votações,57.79,Médio engajamento parlamentar,Alto desequilíbrio atividade-despesa
666,220529,Gilson Daniel,PODE,ES,1193,1647478.38,1100,1099,668,430,1,0,215,0,1,0,3265,1.9818,1193,1029,65,0,86.25,1100,1099,99.91,Alta participação em votações,68.1,Médio engajamento parlamentar,Alto desequilíbrio atividade-despesa
667,220530,Messias Donato,UNIÃO,ES,998,1601659.25,1015,1015,561,452,2,0,172,0,0,0,2735,1.7076,998,855,55,0,85.67,1015,1015,99.8,Alta participação em votações,63.7,Médio engajamento parlamentar,Alto desequilíbrio atividade-despesa
668,220531,Gilvan Maximo,REPUBLICANOS,DF,634,1083952.43,623,623,380,243,0,0,208,0,0,0,2703,2.4937,634,630,7,1,99.37,623,623,100.0,Alta participação em votações,49.49,Médio engajamento parlamentar,Alto desequilíbrio atividade-despesa
669,220532,Rafael Prudente,MDB,DF,615,1325285.36,776,775,510,261,1,0,55,0,0,0,1326,1.0005,615,605,79,0,98.37,776,775,99.48,Alta participação em votações,51.35,Médio engajamento parlamentar,Alto desequilíbrio atividade-despesa
670,220533,Prof. Reginaldo Veras,PV,DF,806,1183017.58,973,972,569,403,0,0,185,0,0,0,2823,2.3863,806,801,126,0,99.38,973,972,100.0,Alta participação em votações,62.43,Médio engajamento parlamentar,Alto desequilíbrio atividade-despesa
671,220534,Fred Linhares,REPUBLICANOS,DF,922,1358959.92,944,943,592,351,0,0,226,0,0,0,3204,2.3577,922,921,8,0,99.89,944,943,100.0,Alta participação em votações,62.36,Médio engajamento parlamentar,Alto desequilíbrio atividade-despesa
672,220536,Zé Haroldo Cathedral,UNIÃO,RR,683,1924227.41,1055,1054,623,430,1,0,121,0,1,0,2280,1.1849,683,507,41,0,74.23,1055,1054,99.91,Alta participação em votações,63.94,Médio engajamento parlamentar,Alto desequilíbrio atividade-despesa
673,220537,Helena Lima,PSD,RR,1138,1927231.98,645,645,422,220,3,0,67,0,0,0,1315,0.6823,1138,855,99,0,75.13,645,645,99.53,Alta participação em votações,46.61,Médio engajamento parlamentar,Alto desequilíbrio atividade-despesa
674,220538,Albuquerque,REPUBLICANOS,RR,649,2005136.28,899,898,576,322,0,0,201,0,0,0,2909,1.4508,649,572,10,0,88.14,899,898,100.0,Alta participação em votações,59.98,Médio engajamento parlamentar,Alto desequilíbrio atividade-despesa
675,220539,Defensor Stélio Dener,UNIÃO,RR,560,1897896.68,1074,1073,674,399,0,0,222,0,1,0,3309,1.7435,560,358,16,0,63.93,1074,1073,100.0,Alta participação em votações,67.3,Médio engajamento parlamentar,Alto desequilíbrio atividade-despesa
676,220540,Duda Ramos,PODE,RR,589,1756523.71,690,689,444,245,0,0,115,0,1,0,1855,1.0561,589,383,8,0,65.03,690,689,100.0,Alta participação em votações,49.67,Médio engajamento parlamentar,Alto desequilíbrio atividade-despesa
677,220542,Alexandre Guimarães,MDB,TO,1158,1745735.76,799,798,519,279,0,0,165,0,1,0,2464,1.4114,1158,1084,71,0,93.61,799,798,100.0,Alta participação em votações,55.18,Médio engajamento parlamentar,Alto desequilíbrio atividade-despesa
678,220543,Ricardo Ayres,REPUBLICANOS,TO,1636,1655032.24,1225,1224,706,518,0,0,220,0,1,0,3440,2.0785,1636,1374,79,0,83.99,1225,1224,100.0,Alta participação em votações,73.09,Médio engajamento parlamentar,Alto desequilíbrio atividade-despesa
679,220544,Antonio Andrade,PSDB,TO,832,1778883.96,1014,1013,630,380,3,0,42,0,0,0,1434,0.8061,832,791,38,0,95.07,1014,1013,99.7,Alta participação em votações,60.27,Médio engajamento parlamentar,Alto desequilíbrio atividade-despesa
680,220545,Filipe Martins,PL,TO,927,1646143.79,1001,1000,534,396,0,70,117,0,0,0,2171,1.3188,927,853,24,0,92.02,1001,1000,93.0,Alta participação em votações,60.36,Médio engajamento parlamentar,Alto desequilíbrio atividade-despesa
681,220546,Rodolfo Nogueira,PL,MS,1013,1803558.75,1075,1074,530,465,0,79,43,0,0,0,1505,0.8345,1013,684,67,0,67.52,1075,1074,92.64,Alta participação em votações,61.25,Médio engajamento parlamentar,Alto desequilíbrio atividade-despesa
682,220547,Marcos Pollon,PL,MS,881,1634968.77,1171,1170,576,534,3,57,127,0,0,0,2441,1.4930,881,687,25,0,77.98,1171,1170,94.87,Alta participação em votações,67.58,Médio engajamento parlamentar,Alto desequilíbrio atividade-despesa
683,220548,Camila Jara,PT,MS,1580,1744943.76,924,923,555,365,0,3,192,0,1,0,2859,1.6384,1580,1358,89,0,85.95,924,923,99.67,Alta participação em votações,60.65,Médio engajamento parlamentar,Alto desequilíbrio atividade-despesa
684,220549,Any Ortiz,PP,RS,1292,953607.33,933,932,533,399,0,0,168,0,1,0,2628,2.7559,1292,1024,92,0,79.26,933,932,100.0,Alta participação em votações,60.44,Médio engajamento parlamentar,Alto desequilíbrio atividade-despesa
685,220550,Mauricio Marcon,PL,RS,1131,1575863.23,1133,1132,578,551,3,0,108,0,0,0,2213,1.4043,1131,777,69,0,68.7,1133,1132,99.73,Alta participação em votações,66.59,Médio engajamento parlamentar,Alto desequilíbrio atividade-despesa
686,220551,Franciane Bayer,REPUBLICANOS,RS,2560,1829443.59,985,984,572,412,0,0,81,0,0,0,1795,0.9812,2560,2376,98,0,92.81,985,984,100.0,Alta participação em votações,60.21,Médio engajamento parlamentar,Alto desequilíbrio atividade-despesa
687,220552,Zucco,PL,RS,1388,1170604.17,1157,1156,611,521,1,23,188,0,0,0,3037,2.5944,1388,1089,69,5,78.46,1157,1156,97.92,Alta participação em votações,69.21,Médio engajamento parlamentar,Alto desequilíbrio atividade-despesa
688,220553,Denise Pessôa,PT,RS,5148,1775202.89,973,972,565,403,2,2,140,0,0,0,2373,1.3367,5148,4887,234,0,94.93,973,972,99.59,Alta participação em votações,61.19,Médio engajamento parlamentar,Alto desequilíbrio atividade-despesa
689,220554,Alexandre Lindenmeyer,PT,RS,6260,1585459.43,850,850,499,348,0,3,173,0,1,0,2595,1.6367,6260,5936,182,0,94.82,850,850,99.65,Alta participação em votações,57.31,Médio engajamento parlamentar,Alto desequilíbrio atividade-despesa
690,220555,Daiana Santos,PCDOB,RS,1175,1736585.94,926,926,531,393,2,0,63,0,1,0,1571,0.9046,1175,985,57,0,83.83,926,926,99.78,Alta participação em votações,57.44,Médio engajamento parlamentar,Alto desequilíbrio atividade-despesa
691,220556,Ana Paula Lima,PT,SC,1483,1664763.97,961,960,574,383,0,3,114,0,1,0,2116,1.2711,1483,1256,88,0,84.69,961,960,99.69,Alta participação em votações,60.07,Médio engajamento parlamentar,Alto desequilíbrio atividade-despesa
692,220557,Daniela Reinehr,PL,SC,2033,1697332.82,928,927,466,399,0,62,82,0,0,0,1748,1.0299,2033,1650,118,0,81.16,928,927,93.31,Alta participação em votações,56.69,Médio engajamento parlamentar,Alto desequilíbrio atividade-despesa
693,220558,Zé Trovão,PL,SC,1655,1776345.67,985,984,472,446,0,66,207,0,1,0,3070,1.7283,1655,1364,73,0,82.42,985,984,93.29,Alta participação em votações,62.12,Médio engajamento parlamentar,Alto desequilíbrio atividade-despesa
694,220559,Julia Zanatta,PL,SC,1759,1643676.42,1029,1028,488,484,0,56,77,0,0,0,1799,1.0945,1759,1437,114,1,81.69,1029,1028,94.55,Alta participação em votações,60.72,Médio engajamento parlamentar,Alto desequilíbrio atividade-despesa
695,220560,Thiago De Joaldo,REPUBLICANOS,SE,931,1550266.25,803,802,471,330,1,0,90,0,0,0,1703,1.0985,931,774,24,0,83.14,803,802,99.88,Alta participação em votações,53.37,Médio engajamento parlamentar,Alto desequilíbrio atividade-despesa
696,220561,Delegada Katarina,PSD,SE,1751,1741096.29,1034,1033,623,405,1,0,77,0,0,0,1804,1.0361,1751,1431,12,1,81.72,1034,1033,99.52,Alta participação em votações,61.91,Médio engajamento parlamentar,Alto desequilíbrio atividade-despesa
697,220563,Icaro De Valmir,REPUBLICANOS,SE,1018,1422898.02,842,842,541,295,1,0,254,0,1,0,3397,2.3874,1018,688,29,0,67.58,842,842,99.29,Alta participação em votações,59.01,Médio engajamento parlamentar,Alto desequilíbrio atividade-despesa
698,220564,Yandra Moura,UNIÃO,SE,462,1437653.17,675,674,401,273,0,0,235,0,1,0,3040,2.1146,462,206,5,0,44.59,675,674,100.0,Alta participação em votações,52.18,Médio engajamento parlamentar,Alto desequilíbrio atividade-despesa
699,220565,Delegada Adriana Accorsi,PT,GO,478,1354621.86,792,792,480,311,1,0,82,0,0,0,1612,1.1900,478,465,54,0,97.28,792,792,99.87,Alta participação em votações,52.76,Médio engajamento parlamentar,Alto desequilíbrio atividade-despesa
700,220566,Lêda Borges,REPUBLICANOS,GO,855,1430918.45,753,752,477,274,1,0,180,0,0,0,2553,1.7842,855,822,27,0,96.14,753,752,99.87,Alta participação em votações,53.76,Médio engajamento parlamentar,Alto desequilíbrio atividade-despesa
701,220567,Jeferson Rodrigues,PSDB,GO,278,1405335.85,775,774,487,286,1,0,124,0,1,0,2030,1.4445,278,257,76,0,92.45,775,774,99.87,Alta participação em votações,53.17,Médio engajamento parlamentar,Alto desequilíbrio atividade-despesa
702,220568,Gustavo Gayer,PL,GO,1311,1099512.02,961,960,454,445,1,60,155,0,1,0,2526,2.2974,1311,1195,91,0,91.15,961,960,93.65,Alta participação em votações,59.92,Médio engajamento parlamentar,Alto desequilíbrio atividade-despesa
703,220569,Silvye Alves,UNIÃO,GO,807,1261583.92,826,825,462,363,0,0,197,0,1,0,2811,2.2282,807,798,44,0,98.88,826,825,100.0,Alta participação em votações,57.05,Médio engajamento parlamentar,Alto desequilíbrio atividade-despesa
704,220570,Dr. Ismael Alexandrino,PSD,GO,615,1518246.39,789,788,473,313,2,0,59,0,0,0,1379,0.9083,615,575,32,0,93.5,789,788,99.75,Alta participação em votações,52.01,Médio engajamento parlamentar,Alto desequilíbrio atividade-despesa
705,220571,Daniel Agrobom,PSD,GO,554,563265.30,1066,1065,608,432,3,22,133,0,1,0,2411,4.2804,554,553,9,0,99.82,1066,1065,97.65,Alta participação em votações,64.22,Médio engajamento parlamentar,Alto desequilíbrio atividade-despesa
706,220572,Marussa Boldrin,REPUBLICANOS,GO,1074,1538510.25,617,616,413,203,0,0,143,0,1,0,2062,1.3403,1074,1059,28,0,98.6,617,616,100.0,Alta participação em votações,47.56,Médio engajamento parlamentar,Alto desequilíbrio atividade-despesa
707,220573,Dorinaldo Malafaia,PDT,AP,681,1751239.85,820,819,480,336,1,2,209,0,1,0,2925,1.6702,681,445,5,0,65.35,820,819,99.63,Alta participação em votações,57.05,Médio engajamento parlamentar,Alto desequilíbrio atividade-despesa
708,220574,Cabo Gilberto Silva,PL,PB,725,1820574.96,1081,1080,531,492,2,50,203,0,0,0,3111,1.7088,725,473,5,0,65.24,1081,1080,94.72,Alta participação em votações,66.02,Médio engajamento parlamentar,Alto desequilíbrio atividade-despesa
709,220575,Sonize Barbosa,PL,AP,253,1476152.56,442,442,224,164,1,53,138,0,0,0,1822,1.2343,253,126,3,0,49.8,442,442,87.78,Alta participação em votações,38.23,Baixo engajamento parlamentar,Alto desequilíbrio atividade-despesa
710,220576,Alfredo Gaspar,PL,AL,723,1381476.14,1095,1095,590,502,3,0,92,0,0,0,2015,1.4586,723,585,9,0,80.91,1095,1095,99.73,Alta participação em votações,64.72,Médio engajamento parlamentar,Alto desequilíbrio atividade-despesa
711,220577,Augusto Puppio,MDB,AP,655,1419682.95,669,669,410,259,0,0,149,0,1,0,2174,1.5313,655,365,14,0,55.73,669,669,100.0,Alta participação em votações,49.75,Médio engajamento parlamentar,Alto desequilíbrio atividade-despesa
712,220578,Josenildo,PDT,AP,971,1804644.45,1059,1058,635,421,2,0,74,0,0,0,1799,0.9969,971,778,23,0,80.12,1059,1058,99.81,Alta participação em votações,62.86,Médio engajamento parlamentar,Alto desequilíbrio atividade-despesa
713,220579,Silvia Waiãpi,PL,AP,1426,1472791.83,556,556,256,247,0,53,175,0,0,0,2306,1.5657,1426,1156,41,0,81.07,556,556,90.47,Alta participação em votações,44.13,Médio engajamento parlamentar,Alto desequilíbrio atividade-despesa
714,220580,Professora Goreth,PDT,AP,604,1486660.32,545,545,321,224,0,0,216,0,1,0,2720,1.8296,604,417,2,0,69.04,545,545,100.0,Alta participação em votações,46.67,Médio engajamento parlamentar,Alto desequilíbrio atividade-despesa
715,220581,Luciano Amaral,PSD,AL,958,1793686.69,983,982,602,380,0,0,39,0,0,0,1373,0.7655,958,750,70,13,78.29,983,982,100.0,Alta participação em votações,59.05,Médio engajamento parlamentar,Alto desequilíbrio atividade-despesa
716,220582,Daniel Barbosa,PP,AL,770,1636288.01,776,775,478,296,1,0,29,0,0,0,1066,0.6515,770,673,9,0,87.4,776,775,99.87,Alta participação em votações,50.76,Médio engajamento parlamentar,Alto desequilíbrio atividade-despesa
717,220583,Delegado Fabio Costa,PP,AL,740,1678975.30,1085,1084,606,477,1,0,82,0,0,0,1905,1.1346,740,632,9,0,85.41,1085,1084,99.91,Alta participação em votações,64.09,Médio engajamento parlamentar,Alto desequilíbrio atividade-despesa
718,220584,Murilo Galdino,REPUBLICANOS,PB,880,1773616.28,927,926,566,360,0,0,70,0,0,0,1627,0.9173,880,705,15,0,80.11,927,926,100.0,Alta participação em votações,57.68,Médio engajamento parlamentar,Alto desequilíbrio atividade-despesa
719,220585,Mersinho Lucena,PSD,PB,835,1377818.75,735,735,468,267,0,0,103,0,0,0,1765,1.2810,835,658,9,0,78.8,735,735,100.0,Alta participação em votações,51.12,Médio engajamento parlamentar,Alto desequilíbrio atividade-despesa
720,220586,Rafael Brito,MDB,AL,1149,1630500.84,903,902,556,345,1,0,55,0,1,0,1468,0.9003,1149,832,31,0,72.41,903,902,99.89,Alta participação em votações,56.34,Médio engajamento parlamentar,Alto desequilíbrio atividade-despesa
721,220587,Gerlen Diniz,PP,AC,429,1107082.05,589,589,323,266,0,0,93,0,0,0,1519,1.3721,429,279,28,0,65.03,589,589,100.0,Alta participação em votações,45.21,Médio engajamento parlamentar,Alto desequilíbrio atividade-despesa
722,220588,Roberto Duarte,REPUBLICANOS,AC,1317,1716402.54,1286,1285,686,599,0,0,261,0,0,0,3896,2.2699,1317,1091,35,0,82.84,1286,1285,100.0,Alta participação em votações,76.51,Alto engajamento parlamentar,Comportamento esperado
723,220589,Eduardo Velloso,SOLIDARIEDADE,AC,1101,1773603.20,829,828,489,335,4,0,209,0,1,0,2934,1.6543,1101,941,27,0,85.47,829,828,99.52,Alta participação em votações,57.37,Médio engajamento parlamentar,Alto desequilíbrio atividade-despesa
724,220590,Coronel Ulysses,UNIÃO,AC,791,1957405.29,969,968,537,431,0,0,183,0,1,0,2814,1.4376,791,552,15,1,69.79,969,968,100.0,Alta participação em votações,62.22,Médio engajamento parlamentar,Alto desequilíbrio atividade-despesa
725,220591,Meire Serafim,UNIÃO,AC,1718,1892726.05,895,894,571,322,1,0,205,0,1,0,2960,1.5639,1718,1556,92,0,90.57,895,894,99.89,Alta participação em votações,59.9,Médio engajamento parlamentar,Alto desequilíbrio atividade-despesa
726,220592,Zezinho Barbary,PP,AC,714,1788305.65,837,836,520,316,0,0,197,0,0,0,2807,1.5696,714,538,4,0,75.35,837,836,100.0,Alta participação em votações,57.47,Médio engajamento parlamentar,Alto desequilíbrio atividade-despesa
727,220593,Abilio Brunini,PL,MT,1026,871819.53,414,414,193,164,12,45,134,0,0,0,1754,2.0119,1026,898,27,4,87.52,414,414,86.23,Alta participação em votações,36.73,Baixo engajamento parlamentar,Alto desequilíbrio atividade-despesa
728,220594,Coronel Assis,PL,MT,1264,1601502.76,1041,1040,547,491,2,0,112,0,0,0,2161,1.3494,1264,1047,46,0,82.83,1041,1040,99.81,Alta participação em votações,63.14,Médio engajamento parlamentar,Alto desequilíbrio atividade-despesa
729,220595,Coronel Fernanda,PL,MT,918,1559627.86,1079,1078,563,441,1,73,197,0,0,0,3049,1.9550,918,614,48,0,66.88,1079,1078,93.14,Alta participação em votações,65.47,Médio engajamento parlamentar,Alto desequilíbrio atividade-despesa
730,220596,Amália Barros,PL,MT,843,689194.99,339,339,165,134,0,40,105,0,1,0,1404,2.0372,843,707,99,0,83.87,339,339,88.2,Alta participação em votações,33.47,Baixo engajamento parlamentar,Alto desequilíbrio atividade-despesa
731,220597,Thiago Flores,UNIÃO,RO,1480,1734202.80,902,901,536,365,0,0,65,0,0,0,1552,0.8949,1480,1210,26,0,81.76,902,901,100.0,Alta participação em votações,56.58,Médio engajamento parlamentar,Alto desequilíbrio atividade-despesa
732,220598,Tarcísio Motta,PSOL,RJ,1915,1413625.61,1110,1109,565,535,1,8,137,0,0,0,2480,1.7544,1915,1483,157,4,77.44,1110,1109,99.19,Alta participação em votações,66.33,Médio engajamento parlamentar,Alto desequilíbrio atividade-despesa
733,220599,Marcelo Crivella,REPUBLICANOS,RJ,1301,1619668.87,997,996,624,370,2,0,226,0,0,0,3257,2.0109,1301,1207,248,0,92.77,997,996,99.8,Alta participação em votações,64.38,Médio engajamento parlamentar,Alto desequilíbrio atividade-despesa
734,220600,Lebrão,UNIÃO,RO,998,1484839.30,555,555,344,209,2,0,75,0,0,0,1305,0.8789,998,831,32,2,83.27,555,555,99.64,Alta participação em votações,43.36,Médio engajamento parlamentar,Alto desequilíbrio atividade-despesa
735,220601,Washington Quaquá,PT,RJ,454,937018.98,313,313,200,113,0,0,162,0,1,0,1948,2.0789,454,270,6,0,59.47,313,313,100.0,Alta participação em votações,36.3,Baixo engajamento parlamentar,Alto desequilíbrio atividade-despesa
736,220602,Dimas Gadelha,PT,RJ,389,1406557.26,904,903,554,349,0,0,168,0,0,0,2584,1.8371,389,244,44,0,62.72,904,903,100.0,Alta participação em votações,59.32,Médio engajamento parlamentar,Alto desequilíbrio atividade-despesa
737,220603,Dani Cunha,PL,RJ,2327,1631890.46,879,878,538,340,0,0,76,0,0,0,1639,1.0044,2327,2033,93,14,87.37,879,878,100.0,Alta participação em votações,55.98,Médio engajamento parlamentar,Alto desequilíbrio atividade-despesa
738,220604,Marcos Tavares,PDT,RJ,795,1336909.34,877,876,529,347,0,0,119,0,0,0,2067,1.5461,795,431,31,0,54.21,877,876,100.0,Alta participação em votações,57.01,Médio engajamento parlamentar,Alto desequilíbrio atividade-despesa
739,220605,Bandeira De Mello,PV,RJ,2299,1366515.50,1008,1007,577,430,0,0,216,0,1,0,3183,2.3293,2299,1988,264,2,86.47,1008,1007,100.0,Alta participação em votações,64.58,Médio engajamento parlamentar,Alto desequilíbrio atividade-despesa
740,220606,Reimont,PT,RJ,1756,1590586.87,959,958,572,384,2,0,104,0,1,0,2014,1.2662,1756,1451,36,0,82.63,959,958,99.79,Alta participação em votações,59.76,Médio engajamento parlamentar,Alto desequilíbrio atividade-despesa
741,220607,Max Lemos,PDT,RJ,695,1616918.16,995,994,616,378,0,0,209,0,1,0,3100,1.9172,695,549,1,0,78.99,995,994,100.0,Alta participação em votações,63.9,Médio engajamento parlamentar,Alto desequilíbrio atividade-despesa
742,220608,Cristiane Lopes,PODE,RO,2126,1896609.89,981,980,563,417,0,0,211,0,1,0,3106,1.6377,2126,1809,37,0,85.09,981,980,100.0,Alta participação em votações,63.41,Médio engajamento parlamentar,Alto desequilíbrio atividade-despesa
743,220609,Maurício Carvalho,UNIÃO,RO,1100,1704480.61,896,895,514,381,0,0,61,0,0,0,1506,0.8836,1100,745,62,0,67.73,896,895,100.0,Alta participação em votações,56.25,Médio engajamento parlamentar,Alto desequilíbrio atividade-despesa
744,220610,Dr. Fernando Máximo,PL,RO,1179,1838358.67,869,868,488,380,0,0,228,0,1,0,3164,1.7211,1179,927,44,0,78.63,869,868,100.0,Alta participação em votações,59.51,Médio engajamento parlamentar,Alto desequilíbrio atividade-despesa
745,220611,General Pazuello,PL,RJ,1373,1484802.13,1012,1011,528,408,0,75,112,0,1,0,2147,1.4460,1373,1102,49,0,80.26,1012,1011,92.58,Alta participação em votações,60.57,Médio engajamento parlamentar,Alto desequilíbrio atividade-despesa
746,220612,Bebeto,PP,RJ,900,1648523.70,1075,1074,666,406,2,0,188,0,0,0,2955,1.7925,900,681,7,2,75.67,1075,1074,99.81,Alta participação em votações,66.42,Médio engajamento parlamentar,Alto desequilíbrio atividade-despesa
747,220613,Roberto Monteiro Pai,PL,RJ,2022,1423229.76,973,973,522,375,6,70,156,0,0,0,2533,1.7798,2022,1774,229,0,87.73,973,973,92.19,Alta participação em votações,60.14,Médio engajamento parlamentar,Alto desequilíbrio atividade-despesa
748,220614,Dr. Daniel Soranz,PSD,RJ,254,363208.84,191,191,112,79,0,0,119,0,0,0,1381,3.8022,254,144,14,0,56.69,191,191,100.0,Alta participação em votações,30.46,Baixo engajamento parlamentar,Alto desequilíbrio atividade-despesa
749,220615,Pastor Henrique Vieira,PSOL,RJ,1215,1603524.22,1079,1079,567,500,5,7,84,0,1,0,1934,1.2061,1215,806,82,0,66.34,1079,1079,98.89,Alta participação em votações,63.72,Médio engajamento parlamentar,Alto desequilíbrio atividade-despesa
750,220616,Luciano Vieira,PSDB,RJ,884,1337780.14,829,828,513,306,4,5,151,0,1,0,2354,1.7596,884,555,10,0,62.78,829,828,98.91,Alta participação em votações,55.76,Médio engajamento parlamentar,Alto desequilíbrio atividade-despesa
751,220617,Murillo Gouvea,PSDB,RJ,1136,1557240.44,956,955,603,351,1,0,161,0,1,0,2581,1.6574,1136,716,16,0,63.03,956,955,99.9,Alta participação em votações,61.13,Médio engajamento parlamentar,Alto desequilíbrio atividade-despesa
752,220618,Sargento Portugal,PODE,RJ,888,1455361.69,964,963,594,369,0,0,224,0,0,0,3204,2.2015,888,686,27,1,77.25,964,963,100.0,Alta participação em votações,63.09,Médio engajamento parlamentar,Alto desequilíbrio atividade-despesa
753,220619,Delegado Ramagem,PL,RJ,941,1101562.70,1044,1043,501,476,0,66,137,0,0,0,2414,2.1914,941,759,29,0,80.66,1044,1043,93.67,Alta participação em votações,62.68,Médio engajamento parlamentar,Alto desequilíbrio atividade-despesa
754,220620,Rosângela Reis,PL,MG,811,1618754.21,1006,1006,586,383,0,37,98,0,1,0,2001,1.2361,811,614,66,0,75.71,1006,1006,96.32,Alta participação em votações,60.75,Médio engajamento parlamentar,Alto desequilíbrio atividade-despesa
755,220621,Sargento Gonçalves,PL,RN,744,1371766.24,1068,1067,516,460,12,79,87,0,0,0,1938,1.4128,744,523,5,0,70.3,1068,1067,91.47,Alta participação em votações,61.88,Médio engajamento parlamentar,Alto desequilíbrio atividade-despesa
756,220622,Nely Aquino,PODE,MG,1115,1442560.62,821,820,522,296,2,0,34,0,0,0,1161,0.8048,1115,1004,44,0,90.04,821,820,99.76,Alta participação em votações,52.6,Médio engajamento parlamentar,Alto desequilíbrio atividade-despesa
757,220623,Duda Salabert,PSOL,MG,1024,1376544.00,905,904,492,403,6,3,77,0,0,0,1675,1.2168,1024,570,88,0,55.66,905,904,99.0,Alta participação em votações,56.81,Médio engajamento parlamentar,Alto desequilíbrio atividade-despesa
758,220624,Robinson Faria,PP,RN,828,1617502.72,1100,1099,704,395,0,0,61,0,0,0,1710,1.0572,828,556,32,0,67.15,1100,1099,100.0,Alta participação em votações,64.15,Médio engajamento parlamentar,Alto desequilíbrio atividade-despesa
759,220625,Delegada Ione,AVANTE,MG,2350,1578097.62,843,842,496,345,1,0,242,0,1,0,3278,2.0772,2350,2154,46,0,91.66,843,842,99.88,Alta participação em votações,58.84,Médio engajamento parlamentar,Alto desequilíbrio atividade-despesa
760,220626,Rafael Simoes,UNIÃO,MG,1074,1613232.17,955,955,571,382,2,0,105,0,0,0,2005,1.2428,1074,895,59,0,83.33,955,955,99.79,Alta participação em votações,59.64,Médio engajamento parlamentar,Alto desequilíbrio atividade-despesa
761,220627,Paulinho Freire,UNIÃO,RN,887,1001582.51,442,442,274,162,6,0,84,0,0,0,1282,1.2800,887,726,85,3,81.85,442,442,98.64,Alta participação em votações,39.01,Baixo engajamento parlamentar,Alto desequilíbrio atividade-despesa
762,220628,Mauricio Do Vôlei,PL,MG,1136,1563574.35,931,930,475,391,0,64,87,0,0,0,1801,1.1518,1136,1043,3,0,91.81,931,930,93.12,Alta participação em votações,56.9,Médio engajamento parlamentar,Alto desequilíbrio atividade-despesa
763,220629,Dandara,PT,MG,758,1398367.46,779,778,468,310,0,0,70,0,0,0,1479,1.0577,758,529,32,0,69.79,779,778,100.0,Alta participação em votações,51.95,Médio engajamento parlamentar,Alto desequilíbrio atividade-despesa
764,220630,Pedro Aihara,PP,MG,2290,1339846.29,924,923,536,387,0,0,211,0,1,0,3049,2.2756,2290,2067,147,11,90.26,924,923,100.0,Alta participação em votações,61.2,Médio engajamento parlamentar,Alto desequilíbrio atividade-despesa
765,220631,Samuel Viana,UNIÃO,MG,2725,1585855.31,924,923,591,329,0,3,43,0,0,0,1354,0.8538,2725,2399,63,1,88.04,924,923,99.67,Alta participação em votações,56.81,Médio engajamento parlamentar,Alto desequilíbrio atividade-despesa
766,220632,Ana Pimentel,PT,MG,2216,1569501.93,978,978,565,409,1,3,106,0,1,0,2053,1.3081,2216,1985,107,0,89.58,978,978,99.59,Alta participação em votações,60.52,Médio engajamento parlamentar,Alto desequilíbrio atividade-despesa
767,220633,Ricardo Salles,NOVO,SP,1116,1689456.92,739,738,314,359,14,51,89,0,0,0,1629,0.9642,1116,790,46,1,70.79,739,738,91.19,Alta participação em votações,49.13,Médio engajamento parlamentar,Alto desequilíbrio atividade-despesa
768,220634,Marcelo Lima,PSB,SP,179,452932.25,206,206,128,75,3,0,86,0,0,0,1066,2.3536,179,126,7,0,70.39,206,206,98.54,Alta participação em votações,29.9,Baixo engajamento parlamentar,Alto desequilíbrio atividade-despesa
769,220635,Bruno Ganem,PODE,SP,597,1485144.87,1004,1003,621,381,1,0,51,0,0,0,1514,1.0194,597,360,44,0,60.3,1004,1003,99.9,Alta participação em votações,60.16,Médio engajamento parlamentar,Alto desequilíbrio atividade-despesa
770,220636,Luiz Marinho,PT,SP,1,0.18,0,0,0,0,0,0,0,0,0,0,0,0.0000,1,0,0,0,0.0,,,,,0.0,Baixo engajamento parlamentar,Comportamento esperado
771,220637,Marina Silva,REDE,SP,1,1.13,14,14,10,4,0,0,0,0,0,0,14,12389.3805,1,0,0,0,0.0,14,14,100.0,Alta participação em votações,20.54,Baixo engajamento parlamentar,Comportamento esperado
772,220638,Antonio Carlos Rodrigues,PL,SP,732,1272608.50,1006,1005,579,370,13,42,123,0,0,0,2236,1.7570,732,407,4,0,55.6,1006,1005,94.43,Alta participação em votações,60.99,Médio engajamento parlamentar,Alto desequilíbrio atividade-despesa
773,220639,Guilherme Boulos,PSOL,SP,475,1211737.28,720,720,366,350,1,3,77,0,0,0,1490,1.2296,475,163,7,0,34.32,720,720,99.44,Alta participação em votações,49.75,Médio engajamento parlamentar,Alto desequilíbrio atividade-despesa
774,220640,Juliana Cardoso,PT,SP,1945,1676215.39,873,873,530,341,2,0,72,0,1,0,1608,0.9593,1945,1712,81,1,88.02,873,873,99.77,Alta participação em votações,55.62,Médio engajamento parlamentar,Alto desequilíbrio atividade-despesa
775,220641,Rodrigo Gambale,PODE,SP,1097,1479407.70,992,991,626,364,1,0,158,0,0,0,2572,1.7385,1097,883,25,0,80.49,992,991,99.9,Alta participação em votações,62.45,Médio engajamento parlamentar,Alto desequilíbrio atividade-despesa
776,220642,Delegado Bruno Lima,PODE,SP,361,814595.03,608,607,317,288,2,0,15,0,0,0,758,0.9305,361,313,28,0,86.7,608,607,99.67,Alta participação em votações,43.85,Médio engajamento parlamentar,Alto desequilíbrio atividade-despesa
777,220643,Sônia Guajajara,PSOL,SP,0,0.00,19,19,12,7,0,0,0,0,0,0,19,,,,,,,19,19,100.0,Alta participação em votações,20.73,Baixo engajamento parlamentar,Comportamento esperado
778,220644,Rosangela Moro,PL,SP,987,1201492.19,1003,1003,527,474,2,0,121,0,1,0,2228,1.8544,987,584,32,0,59.17,1003,1003,99.8,Alta participação em votações,61.92,Médio engajamento parlamentar,Alto desequilíbrio atividade-despesa
779,220645,Erika Hilton,PSOL,SP,1758,1316744.08,792,792,422,367,1,2,142,0,1,0,2227,1.6913,1758,1313,72,0,74.69,792,792,99.62,Alta participação em votações,54.25,Médio engajamento parlamentar,Alto desequilíbrio atividade-despesa
780,220646,Felipe Becari,PODE,SP,662,1092470.13,687,686,398,288,0,0,252,0,1,0,3222,2.9493,662,575,29,13,86.86,687,686,100.0,Alta participação em votações,53.08,Médio engajamento parlamentar,Alto desequilíbrio atividade-despesa
781,220647,Mauricio Neves,PP,SP,513,1553625.51,617,616,379,237,0,0,191,0,1,0,2542,1.6362,513,221,3,0,43.08,617,616,100.0,Alta participação em votações,48.8,Médio engajamento parlamentar,Alto desequilíbrio atividade-despesa
782,220648,Marangoni,PODE,SP,1380,1612710.89,798,797,467,330,0,0,305,0,1,0,3863,2.3953,1380,963,104,0,69.78,798,797,100.0,Alta participação em votações,58.75,Médio engajamento parlamentar,Alto desequilíbrio atividade-despesa
783,220649,Delegado Da Cunha,UNIÃO,SP,606,1547111.74,781,781,462,319,0,0,85,0,0,0,1631,1.0542,606,324,18,0,53.47,781,781,100.0,Alta participação em votações,52.43,Médio engajamento parlamentar,Alto desequilíbrio atividade-despesa
784,220650,Paulo Alexandre Barbosa,PSDB,SP,584,879721.01,932,931,544,386,1,0,206,0,1,0,3007,3.4181,584,315,17,0,53.94,932,931,99.89,Alta participação em votações,61.36,Médio engajamento parlamentar,Alto desequilíbrio atividade-despesa
785,220651,Simone Marquetto,PP,SP,1555,1594700.60,726,725,485,240,0,0,72,0,0,0,1446,0.9068,1555,1352,103,0,86.95,726,725,100.0,Alta participação em votações,49.95,Médio engajamento parlamentar,Alto desequilíbrio atividade-despesa
786,220652,Delegado Palumbo,PODE,SP,1866,1535729.57,1090,1089,573,515,1,0,46,0,0,0,1550,1.0093,1866,1621,285,0,86.87,1090,1089,99.91,Alta participação em votações,63.36,Médio engajamento parlamentar,Alto desequilíbrio atividade-despesa
787,220653,Fábio Teruel,MDB,SP,1456,979640.77,965,964,535,427,2,0,1,0,0,0,975,0.9953,1456,876,55,0,60.16,965,964,99.79,Alta participação em votações,57.33,Médio engajamento parlamentar,Alto desequilíbrio atividade-despesa
788,220654,Delegado Paulo Bilynskyj,PL,SP,1646,1460311.33,1212,1211,587,550,0,74,105,0,0,0,2262,1.5490,1646,1330,28,1,80.8,1212,1211,93.89,Alta participação em votações,68.4,Médio engajamento parlamentar,Alto desequilíbrio atividade-despesa
789,220655,Mario Frias,PL,SP,997,1478313.84,826,826,386,369,1,70,100,0,0,0,1826,1.2352,997,823,7,0,82.55,826,826,91.4,Alta participação em votações,52.85,Médio engajamento parlamentar,Alto desequilíbrio atividade-despesa
790,220656,Fernanda Pessoa,PSD,CE,2059,1642932.09,1009,1008,578,430,0,0,248,0,1,0,3504,2.1328,2059,1790,118,0,86.94,1009,1008,100.0,Alta participação em votações,65.45,Médio engajamento parlamentar,Alto desequilíbrio atividade-despesa
791,220657,André Fernandes,PL,CE,538,949450.14,812,811,408,368,0,35,69,0,0,0,1502,1.5820,538,255,22,0,47.4,812,811,95.68,Alta participação em votações,52.34,Médio engajamento parlamentar,Alto desequilíbrio atividade-despesa
792,220658,Luiz Gastão,PSD,CE,624,1765817.18,851,850,522,327,1,0,67,0,1,0,1536,0.8699,624,402,65,0,64.42,851,850,99.88,Alta participação em votações,54.64,Médio engajamento parlamentar,Alto desequilíbrio atividade-despesa
793,220659,Dayany Bittencourt,UNIÃO,CE,1653,1562341.51,927,926,506,420,0,0,212,0,1,0,3062,1.9599,1653,1298,36,5,78.52,927,926,100.0,Alta participação em votações,61.34,Médio engajamento parlamentar,Alto desequilíbrio atividade-despesa
794,220660,Yury Do Paredão,MDB,CE,321,1327505.49,686,685,440,245,0,0,40,0,1,0,1101,0.8294,321,202,2,0,62.93,686,685,100.0,Alta participação em votações,47.58,Médio engajamento parlamentar,Alto desequilíbrio atividade-despesa
795,220661,Matheus Noronha,PL,CE,616,1389455.11,784,784,490,285,1,8,70,0,0,0,1484,1.0680,616,244,22,0,39.61,784,784,98.85,Alta participação em votações,51.93,Médio engajamento parlamentar,Alto desequilíbrio atividade-despesa
796,220662,Lucas Ramos,PSB,PE,568,1838833.79,991,990,591,399,0,0,167,0,0,0,2661,1.4471,568,184,16,0,32.39,991,990,100.0,Alta participação em votações,62.66,Médio engajamento parlamentar,Alto desequilíbrio atividade-despesa
797,220663,Eriberto Medeiros,PSB,PE,896,1694135.50,910,909,560,349,0,0,177,0,0,0,2680,1.5819,896,671,101,0,74.89,910,909,100.0,Alta participação em votações,59.78,Médio engajamento parlamentar,Alto desequilíbrio atividade-despesa
798,220664,Guilherme Uchoa,PSD,PE,905,1677865.02,934,933,585,348,0,0,37,0,0,0,1304,0.7772,905,587,9,0,64.86,934,933,100.0,Alta participação em votações,57.1,Médio engajamento parlamentar,Alto desequilíbrio atividade-despesa
799,220665,Clarissa Tércio,PP,PE,732,1316561.16,879,878,492,386,0,0,50,0,0,0,1379,1.0474,732,534,21,1,72.95,879,878,100.0,Alta participação em votações,55.31,Médio engajamento parlamentar,Alto desequilíbrio atividade-despesa
800,220666,Coronel Meira,PL,PE,1495,1763799.02,1109,1108,573,467,1,67,152,0,1,0,2644,1.4990,1495,1247,60,3,83.41,1109,1108,93.86,Alta participação em votações,65.62,Médio engajamento parlamentar,Alto desequilíbrio atividade-despesa
801,220667,Pedro Campos,PSB,PE,1723,1608827.54,1020,1019,609,407,1,2,101,0,1,0,2045,1.2711,1723,1404,94,0,81.49,1020,1019,99.71,Alta participação em votações,62.03,Médio engajamento parlamentar,Alto desequilíbrio atividade-despesa
802,220668,Maria Arraes,PSB,PE,1460,1650453.95,1050,1049,603,445,1,0,186,0,0,0,2910,1.7632,1460,1378,75,0,94.38,1050,1049,99.9,Alta participação em votações,65.42,Médio engajamento parlamentar,Alto desequilíbrio atividade-despesa
803,220669,Lula Da Fonte,PP,PE,1831,1698864.41,878,877,526,322,0,0,104,0,0,0,1918,1.1290,1831,1408,26,0,76.9,878,877,96.69,Alta participação em votações,56.0,Médio engajamento parlamentar,Alto desequilíbrio atividade-despesa
804,220670,Iza Arruda,MDB,PE,816,1612403.60,835,834,527,307,0,0,44,0,0,0,1275,0.7907,816,545,11,0,66.79,835,834,100.0,Alta participação em votações,53.45,Médio engajamento parlamentar,Alto desequilíbrio atividade-despesa
805,220671,Dilvanda Faro,PT,PA,386,1739777.34,996,995,591,399,2,3,27,0,0,0,1266,0.7277,386,186,1,0,48.19,996,995,99.5,Alta participação em votações,59.15,Médio engajamento parlamentar,Alto desequilíbrio atividade-despesa
806,220672,Henderson Pinto,UNIÃO,PA,1013,1760177.23,862,861,544,317,0,0,165,0,0,0,2512,1.4271,1013,706,8,0,69.69,862,861,100.0,Alta participação em votações,57.61,Médio engajamento parlamentar,Alto desequilíbrio atividade-despesa
807,220673,Delegado Caveira,PL,PA,556,734144.71,938,937,468,413,0,56,72,0,0,0,1658,2.2584,556,495,1,0,89.03,938,937,94.02,Alta participação em votações,56.97,Médio engajamento parlamentar,Alto desequilíbrio atividade-despesa
808,220674,Dra. Alessandra Haber,PODE,PA,416,1481468.23,644,643,430,213,0,0,79,0,0,0,1434,0.9680,416,128,0,0,30.77,644,643,100.0,Alta participação em votações,46.96,Médio engajamento parlamentar,Alto desequilíbrio atividade-despesa
809,220675,Antônio Doido,MDB,PA,685,1703688.46,909,908,574,334,0,0,53,0,0,0,1439,0.8446,685,408,17,0,59.56,909,908,100.0,Alta participação em votações,56.55,Médio engajamento parlamentar,Alto desequilíbrio atividade-despesa
810,220676,Andreia Siqueira,PSB,PA,490,1342616.91,788,788,507,281,0,0,179,0,0,0,2578,1.9201,490,341,6,0,69.59,788,788,100.0,Alta participação em votações,55.13,Médio engajamento parlamentar,Alto desequilíbrio atividade-despesa
811,220677,Keniston Braga,MDB,PA,657,1781541.06,836,836,537,299,0,0,22,0,0,0,1056,0.5927,657,364,7,0,55.4,836,836,100.0,Alta participação em votações,52.94,Médio engajamento parlamentar,Alto desequilíbrio atividade-despesa
812,220681,Fábio Macedo,PODE,MA,136,1311053.73,715,714,457,252,5,0,4,0,0,0,755,0.5759,136,64,1,0,47.06,715,714,99.3,Alta participação em votações,47.63,Médio engajamento parlamentar,Alto desequilíbrio atividade-despesa
813,220682,Tadeu Veneri,PT,PR,3233,1559792.85,953,952,560,391,1,0,157,0,1,0,2538,1.6271,3233,2916,107,0,90.19,953,952,99.89,Alta participação em votações,60.91,Médio engajamento parlamentar,Alto desequilíbrio atividade-despesa
814,220683,Beto Richa,PSDB,PR,1893,1513971.44,1025,1024,646,377,1,0,161,0,0,0,2635,1.7405,1893,1574,81,1,83.15,1025,1024,99.9,Alta participação em votações,63.81,Médio engajamento parlamentar,Alto desequilíbrio atividade-despesa
815,220684,Tião Medeiros,PP,PR,1219,1669321.34,814,813,474,336,3,0,84,0,0,0,1654,0.9908,1219,890,92,0,73.01,814,813,99.63,Alta participação em votações,53.59,Médio engajamento parlamentar,Alto desequilíbrio atividade-despesa
816,220685,Paulo Litro,UNIÃO,PR,1588,1724961.15,938,937,577,360,0,0,63,0,0,0,1568,0.9090,1588,1126,20,1,70.91,938,937,100.0,Alta participação em votações,57.93,Médio engajamento parlamentar,Alto desequilíbrio atividade-despesa
817,220686,Duarte Jr.,AVANTE,MA,879,1297129.83,1019,1018,597,417,0,2,160,0,1,0,2634,2.0306,879,590,117,0,67.12,1019,1018,99.61,Alta participação em votações,63.49,Médio engajamento parlamentar,Alto desequilíbrio atividade-despesa
818,220687,Márcio Honaiser,SOLIDARIEDADE,MA,1044,1438564.79,818,817,498,301,18,0,254,0,1,0,3373,2.3447,1044,934,11,1,89.46,818,817,97.8,Alta participação em votações,57.77,Médio engajamento parlamentar,Alto desequilíbrio atividade-despesa
819,220688,Dr. Francisco,PT,PI,1171,1796571.57,984,983,585,396,0,2,93,0,0,0,1914,1.0654,1171,999,39,0,85.31,984,983,99.8,Alta participação em votações,60.44,Médio engajamento parlamentar,Alto desequilíbrio atividade-despesa
820,220689,Detinha,PL,MA,408,1456289.93,546,545,338,195,1,11,55,0,0,0,1096,0.7526,408,159,0,0,38.97,546,545,97.8,Alta participação em votações,42.1,Médio engajamento parlamentar,Alto desequilíbrio atividade-despesa
821,220690,Capitão Alden,PL,BA,716,1632226.32,1067,1066,522,475,4,65,106,0,0,0,2127,1.3031,716,475,5,0,66.34,1067,1066,93.53,Alta participação em votações,62.74,Médio engajamento parlamentar,Alto desequilíbrio atividade-despesa
822,220691,Diego Coronel,REPUBLICANOS,BA,1447,1471608.04,1041,1040,631,407,2,0,192,0,0,0,2961,2.0121,1447,1111,42,0,76.78,1041,1040,99.81,Alta participação em votações,65.2,Médio engajamento parlamentar,Alto desequilíbrio atividade-despesa
823,220692,Dal Barreto,UNIÃO,BA,544,1602618.50,816,815,510,298,7,0,125,0,0,0,2066,1.2891,544,462,6,0,84.93,816,815,99.14,Alta participação em votações,54.63,Médio engajamento parlamentar,Alto desequilíbrio atividade-despesa
824,220693,Roberta Roma,PL,BA,1318,1662324.15,779,778,419,324,0,35,73,0,0,0,1509,0.9078,1318,1206,39,0,91.5,779,778,95.5,Alta participação em votações,51.13,Médio engajamento parlamentar,Alto desequilíbrio atividade-despesa
825,220694,Ricardo Maia,MDB,BA,829,1570938.57,877,876,551,325,0,0,61,0,0,0,1487,0.9466,829,671,17,0,80.94,877,876,100.0,Alta participação em votações,55.52,Médio engajamento parlamentar,Alto desequilíbrio atividade-despesa
826,220695,Rogéria Santos,REPUBLICANOS,BA,987,1690550.65,892,892,580,310,2,0,209,0,1,0,2997,1.7728,987,646,14,0,65.45,892,892,99.78,Alta participação em votações,59.89,Médio engajamento parlamentar,Alto desequilíbrio atividade-despesa
827,220696,Ivoneide Caetano,PT,BA,1021,1641001.57,964,963,569,393,0,1,57,0,0,0,1534,0.9348,1021,853,37,0,83.55,964,963,99.9,Alta participação em votações,58.76,Médio engajamento parlamentar,Alto desequilíbrio atividade-despesa
828,220697,Jadyel Alencar,REPUBLICANOS,PI,692,1725654.65,755,754,488,265,0,1,224,0,1,0,3010,1.7443,692,478,10,0,69.08,755,754,99.87,Alta participação em votações,54.97,Médio engajamento parlamentar,Alto desequilíbrio atividade-despesa
829,220698,Beto Preto,PSD,PR,400,329404.01,118,118,73,43,2,0,56,0,0,0,678,2.0583,400,307,12,0,76.75,118,118,98.31,Alta participação em votações,25.67,Baixo engajamento parlamentar,Alto desequilíbrio atividade-despesa
830,220699,Castro Neto,MDB,PI,1248,1672868.64,878,877,546,331,0,0,26,0,0,0,1138,0.6803,1248,952,15,0,76.28,878,877,100.0,Alta participação em votações,54.65,Médio engajamento parlamentar,Alto desequilíbrio atividade-despesa
831,220700,Florentino Neto,PT,PI,484,1532299.87,911,910,540,367,0,3,135,0,1,0,2276,1.4853,484,282,38,0,58.26,911,910,99.67,Alta participação em votações,58.67,Médio engajamento parlamentar,Alto desequilíbrio atividade-despesa
832,220701,Delegado Matheus Laiola,UNIÃO,PR,962,1674107.96,1044,1043,630,413,0,0,49,0,0,0,1534,0.9163,962,846,58,0,87.94,1044,1043,100.0,Alta participação em votações,61.67,Médio engajamento parlamentar,Alto desequilíbrio atividade-despesa
833,220702,Geraldo Mendes,UNIÃO,PR,766,1455672.07,673,672,424,247,0,1,165,0,1,0,2338,1.6061,766,519,42,0,67.75,673,672,99.85,Alta participação em votações,50.27,Médio engajamento parlamentar,Alto desequilíbrio atividade-despesa
834,220703,Neto Carletto,AVANTE,BA,549,1701013.87,939,938,589,349,0,0,121,0,0,0,2149,1.2634,549,422,8,0,76.87,939,938,100.0,Alta participação em votações,59.46,Médio engajamento parlamentar,Alto desequilíbrio atividade-despesa
835,220704,Carol Dartora,PT,PR,2481,1573617.81,719,719,438,281,0,0,157,0,0,0,2289,1.4546,2481,2292,57,1,92.38,719,719,100.0,Alta participação em votações,51.89,Médio engajamento parlamentar,Alto desequilíbrio atividade-despesa
836,220705,Deltan Dallagnol,PODE,PR,456,156371.72,80,80,43,37,0,0,47,0,0,0,550,3.5173,456,368,42,2,80.7,80,80,100.0,Alta participação em votações,24.31,Baixo engajamento parlamentar,Alto desequilíbrio atividade-despesa
837,220706,Padovani,PP,PR,1650,1479181.15,531,530,317,213,0,0,95,0,0,0,1481,1.0012,1650,1388,102,0,84.12,531,530,100.0,Alta participação em votações,43.0,Médio engajamento parlamentar,Alto desequilíbrio atividade-despesa
838,220707,Amanda Gentil,PP,MA,299,1463414.17,670,669,414,253,0,0,214,0,1,0,2825,1.9304,299,210,9,0,70.23,670,669,99.7,Alta participação em votações,51.38,Médio engajamento parlamentar,Alto desequilíbrio atividade-despesa
839,220708,Gabriel Nunes,PSD,BA,1844,1794410.17,1024,1023,638,385,0,0,33,0,0,0,1354,0.7546,1844,1564,99,0,84.82,1024,1023,100.0,Alta participação em votações,60.49,Médio engajamento parlamentar,Alto desequilíbrio atividade-despesa
840,220712,Fausto Jr.,UNIÃO,AM,591,1229618.53,726,725,459,266,0,0,193,0,0,0,2656,2.1600,591,362,16,0,61.25,726,725,100.0,Alta participação em votações,53.07,Médio engajamento parlamentar,Alto desequilíbrio atividade-despesa
841,220713,Saullo Vianna,MDB,AM,454,1202596.53,516,516,331,185,0,0,189,0,0,0,2406,2.0007,454,199,20,0,43.83,516,516,100.0,Alta participação em votações,44.85,Médio engajamento parlamentar,Alto desequilíbrio atividade-despesa
842,220714,Adail Filho,MDB,AM,690,1829382.48,1003,1002,631,371,0,0,182,0,0,0,2823,1.5431,690,603,2,0,87.39,1003,1002,100.0,Alta participação em votações,63.51,Médio engajamento parlamentar,Alto desequilíbrio atividade-despesa
843,220715,Amom Mandel,REPUBLICANOS,AM,102,89463.44,737,736,453,283,0,0,138,0,0,0,2117,23.6633,102,0,0,0,0.0,737,736,100.0,Alta participação em votações,52.08,Médio engajamento parlamentar,Comportamento esperado
844,221147,Marcia Scherer,MDB,RS,42,21956.14,0,0,0,0,0,0,0,0,0,0,0,0.0000,42,37,0,0,88.1,,,,,0.0,Baixo engajamento parlamentar,Comportamento esperado
845,221148,Alfredinho,PT,SP,769,1554560.79,1039,1038,618,417,1,2,134,0,1,0,2394,1.5400,769,597,35,0,77.63,1039,1038,99.71,Alta participação em votações,63.61,Médio engajamento parlamentar,Alto desequilíbrio atividade-despesa
846,221149,Elói Pietá,PT,SP,88,26277.37,0,0,0,0,0,0,0,0,0,0,0,0.0000,88,85,0,0,96.59,,,,,0.0,Baixo engajamento parlamentar,Comportamento esperado
847,221157,Rui Godinho,UNIÃO,SC,32,29282.24,0,0,0,0,0,0,0,0,0,0,0,0.0000,32,31,6,0,96.88,,,,,0.0,Baixo engajamento parlamentar,Comportamento esperado
848,221183,Márcio Dória,PCDOB,SE,30,29915.39,0,0,0,0,0,0,0,0,0,0,0,0.0000,30,17,1,0,56.67,,,,,0.0,Baixo engajamento parlamentar,Comportamento esperado
849,221328,Adilson Barroso,PL,SP,1570,1618370.97,917,916,487,352,5,72,101,0,0,0,1927,1.1907,1570,1372,63,0,87.39,917,916,91.59,Alta participação em votações,56.41,Médio engajamento parlamentar,Alto desequilíbrio atividade-despesa
850,221329,Ricardo Abrão,PSDB,RJ,276,651296.09,453,452,296,156,0,0,57,0,0,0,1023,1.5707,276,235,3,0,85.14,453,452,100.0,Alta participação em votações,38.99,Baixo engajamento parlamentar,Alto desequilíbrio atividade-despesa
851,221338,Professora Luciene Cavalcante,PSOL,SP,1198,1173872.07,1004,1004,521,480,0,3,131,0,0,0,2314,1.9713,1198,951,28,0,79.38,1004,1004,99.7,Alta participação em votações,62.2,Médio engajamento parlamentar,Alto desequilíbrio atividade-despesa
852,221339,Dr. Benjamim,UNIÃO,MA,188,1057264.32,451,451,289,162,0,0,66,0,0,0,1111,1.0508,188,82,3,0,43.62,451,451,100.0,Alta participação em votações,39.17,Baixo engajamento parlamentar,Alto desequilíbrio atividade-despesa
853,221378,Reginete Bispo,PT,RS,932,1115453.49,491,491,301,190,0,0,83,0,0,0,1321,1.1843,932,744,36,0,79.83,491,491,100.0,Alta participação em votações,41.15,Médio engajamento parlamentar,Alto desequilíbrio atividade-despesa
854,222142,Coronel Telhada,PP,SP,633,765528.23,377,377,202,175,0,0,174,0,1,0,2132,2.7850,633,547,35,0,86.41,377,377,100.0,Alta participação em votações,39.08,Baixo engajamento parlamentar,Alto desequilíbrio atividade-despesa
855,222429,Luis Carlos Gomes,REPUBLICANOS,RJ,715,1527930.69,908,907,576,330,1,0,70,0,0,0,1608,1.0524,715,538,13,0,75.24,908,907,99.89,Alta participação em votações,56.93,Médio engajamento parlamentar,Alto desequilíbrio atividade-despesa
856,222565,Soldado Noelio,UNIÃO,CE,48,68331.34,40,40,22,18,0,0,3,0,0,0,70,1.0244,48,48,0,0,100.0,40,40,100.0,Alta participação em votações,21.63,Baixo engajamento parlamentar,Desequilíbrio moderado atividade-despesa
857,223128,Rodrigo Estacho,PSD,PR,2625,1439474.62,876,875,499,376,0,0,109,0,0,0,1966,1.3658,2625,2338,89,0,89.07,876,875,100.0,Alta participação em votações,56.71,Médio engajamento parlamentar,Alto desequilíbrio atividade-despesa
858,223398,Ulisses Guimarães,MDB,MG,92,158398.59,78,78,48,30,0,0,4,0,0,0,118,0.7450,92,55,3,0,59.78,78,78,100.0,Alta participação em votações,23.13,Baixo engajamento parlamentar,Alto desequilíbrio atividade-despesa
859,224117,Gabriel Mota,UNIÃO,RR,195,1977150.28,1003,1002,630,372,0,0,51,0,0,0,1513,0.7652,195,155,2,0,79.49,1003,1002,100.0,Alta participação em votações,60.14,Médio engajamento parlamentar,Alto desequilíbrio atividade-despesa
860,224333,Welter,PT,PR,2295,1535283.74,933,932,546,384,1,1,97,0,0,0,1903,1.2395,2295,2141,130,0,93.29,933,932,99.79,Alta participação em votações,58.57,Médio engajamento parlamentar,Alto desequilíbrio atividade-despesa
861,225386,Renan Ferreirinha,PSD,RJ,54,51059.62,79,79,55,24,0,0,0,0,0,0,79,1.5472,54,41,8,0,75.93,79,79,100.0,Alta participação em votações,23.06,Baixo engajamento parlamentar,Desequilíbrio moderado atividade-despesa
862,225727,Flavinha,MDB,MT,63,161654.52,117,117,56,61,0,0,6,0,0,0,177,1.0949,63,56,2,0,88.89,117,117,100.0,Alta participação em votações,24.69,Baixo engajamento parlamentar,Alto desequilíbrio atividade-despesa
863,225730,Enfermeira Ana Paula,PODE,CE,471,811752.19,322,321,205,112,4,0,25,0,0,0,572,0.7046,471,420,16,0,89.17,322,321,98.75,Alta participação em votações,32.85,Baixo engajamento parlamentar,Alto desequilíbrio atividade-despesa
864,225846,Itamar Paim,PL,PR,0,0.00,0,0,0,0,0,0,0,0,0,0,0,,,,,,,,,,,0.0,Baixo engajamento parlamentar,Comportamento esperado
865,226075,Priscila Costa,PL,CE,37,170230.05,141,141,65,55,0,21,5,0,0,0,191,1.1220,37,31,5,0,83.78,141,141,85.11,Alta participação em votações,22.61,Baixo engajamento parlamentar,Alto desequilíbrio atividade-despesa
866,226179,Gisela Simona,UNIÃO,MT,930,1130117.75,1147,1146,609,535,0,0,27,0,0,0,1417,1.2539,930,837,43,0,90.0,1147,1146,99.83,Alta participação em votações,65.06,Médio engajamento parlamentar,Alto desequilíbrio atividade-despesa
867,226410,Márcio Correa,MDB,GO,7,128836.37,111,111,71,38,2,0,2,0,0,0,131,1.0168,7,6,0,0,85.71,111,111,98.2,Alta participação em votações,23.99,Baixo engajamento parlamentar,Alto desequilíbrio atividade-despesa
868,226553,Eliane Braz,PSD,CE,54,114344.94,87,87,46,41,0,0,0,0,0,0,87,0.7609,54,46,2,0,85.19,87,87,100.0,Alta participação em votações,23.37,Baixo engajamento parlamentar,Alto desequilíbrio atividade-despesa
869,226708,Allan Garcês,PP,MA,752,1302604.62,758,757,427,330,0,0,21,0,0,0,968,0.7431,752,599,25,0,79.65,758,757,100.0,Alta participação em votações,49.88,Médio engajamento parlamentar,Alto desequilíbrio atividade-despesa
870,226837,Saulo Pedroso,PSD,SP,832,1243060.35,674,673,407,266,0,0,17,0,1,0,859,0.6910,832,607,48,2,72.96,674,673,100.0,Alta participação em votações,46.52,Médio engajamento parlamentar,Alto desequilíbrio atividade-despesa
871,227275,Mariana Carvalho,REPUBLICANOS,MA,98,188355.18,87,87,59,28,0,0,0,0,0,0,87,0.4619,98,66,5,0,67.35,87,87,100.0,Alta participação em votações,23.37,Baixo engajamento parlamentar,Alto desequilíbrio atividade-despesa
872,227310,Silvio Antonio,PL,MA,78,251263.58,184,184,97,59,2,26,0,0,0,0,184,0.7323,78,67,27,0,85.9,184,184,84.78,Alta participação em votações,24.08,Baixo engajamento parlamentar,Alto desequilíbrio atividade-despesa
873,227323,Luciano Galego,PL,MA,23,185617.55,85,85,40,24,0,21,2,0,0,0,105,0.5657,23,19,1,0,82.61,85,85,75.29,Participação moderada em votações,18.4,Baixo engajamento parlamentar,Alto desequilíbrio atividade-despesa
874,227324,Henrique Júnior,PL,MA,52,184239.21,92,92,64,24,1,3,1,0,0,0,102,0.5536,52,17,2,0,32.69,92,92,95.65,Alta participação em votações,22.72,Baixo engajamento parlamentar,Alto desequilíbrio atividade-despesa
875,227370,Felipe Saliba,PRD,MG,244,146797.99,95,95,54,41,0,0,1,0,0,0,105,0.7153,244,223,11,0,91.39,95,95,100.0,Alta participação em votações,23.7,Baixo engajamento parlamentar,Alto desequilíbrio atividade-despesa
876,227401,Dr Fabio Rueda,UNIÃO,AC,52,196344.58,83,83,56,27,0,0,1,0,0,0,93,0.4737,52,34,1,0,65.38,83,83,100.0,Alta participação em votações,23.24,Baixo engajamento parlamentar,Alto desequilíbrio atividade-despesa
877,227433,Douglas Viegas,UNIÃO,SP,425,801898.27,649,648,354,294,0,0,22,0,0,0,869,1.0837,425,236,13,0,55.53,649,648,100.0,Alta participação em votações,45.68,Médio engajamento parlamentar,Alto desequilíbrio atividade-despesa
878,227660,Nitinho,PSD,SE,406,685527.08,335,335,211,124,0,0,4,0,0,0,375,0.5470,406,172,22,0,42.36,335,335,100.0,Alta participação em votações,33.07,Baixo engajamento parlamentar,Alto desequilíbrio atividade-despesa
879,227800,Duarte Gonçalves Jr,REPUBLICANOS,MG,165,81944.51,71,71,48,23,0,0,5,0,0,0,121,1.4766,165,106,22,0,64.24,71,71,100.0,Alta participação em votações,22.88,Baixo engajamento parlamentar,Desequilíbrio moderado atividade-despesa
880,227991,Dr Flávio,PL,RJ,138,248855.17,164,164,98,66,0,0,2,0,0,0,184,0.7394,138,123,1,0,89.13,164,164,100.0,Alta participação em votações,26.4,Baixo engajamento parlamentar,Alto desequilíbrio atividade-despesa
881,228042,Naumi Amorim,PSD,CE,15,21742.69,26,26,19,7,0,0,0,0,0,0,26,1.1958,15,7,0,0,46.67,26,26,100.0,Alta participação em votações,21.01,Baixo engajamento parlamentar,Comportamento esperado
882,228272,Délio Pinheiro,PDT,MG,104,97742.25,57,57,41,16,0,0,1,0,0,0,67,0.6855,104,77,13,0,74.04,57,57,100.0,Alta participação em votações,22.23,Baixo engajamento parlamentar,Desequilíbrio moderado atividade-despesa
883,228616,Dr. Remy Soares,PP,MA,99,187671.30,67,67,41,26,0,0,1,0,0,0,77,0.4103,99,86,2,0,86.87,67,67,100.0,Alta participação em votações,22.62,Baixo engajamento parlamentar,Alto desequilíbrio atividade-despesa
884,228797,Júlio Oliveira,PP,TO,31,136758.01,87,87,53,34,0,0,7,0,0,0,157,1.1480,31,12,2,0,38.71,87,87,100.0,Alta participação em votações,23.55,Baixo engajamento parlamentar,Alto desequilíbrio atividade-despesa
885,228837,Juliana Kolankiewicz,MDB,MT,76,131844.31,90,90,47,43,0,0,1,0,0,0,100,0.7585,76,75,0,0,98.68,90,90,100.0,Alta participação em votações,23.51,Baixo engajamento parlamentar,Alto desequilíbrio atividade-despesa
886,228941,Daniel José,PODE,SP,72,144400.00,70,70,40,29,1,0,0,0,0,0,70,0.4848,72,27,2,0,37.5,70,70,98.57,Alta participação em votações,22.42,Baixo engajamento parlamentar,Alto desequilíbrio atividade-despesa
887,229069,Capitão Samuel,PP,SE,43,174706.21,58,58,34,14,10,0,2,0,0,0,78,0.4465,43,31,0,0,72.09,58,58,82.76,Alta participação em votações,18.85,Baixo engajamento parlamentar,Alto desequilíbrio atividade-despesa
888,229082,Lucyana Genésio,PDT,MA,161,188221.02,57,57,35,22,0,0,6,0,0,0,117,0.6216,161,154,12,0,95.65,57,57,100.0,Alta participação em votações,22.36,Baixo engajamento parlamentar,Alto desequilíbrio atividade-despesa
889,229106,Carla Ayres,PT,SC,352,129327.56,76,76,44,32,0,0,0,0,0,0,76,0.5877,352,325,19,0,92.33,76,76,100.0,Alta participação em votações,22.94,Baixo engajamento parlamentar,Alto desequilíbrio atividade-despesa
890,229112,Pedro Jr,PL,TO,76,175492.24,82,82,32,28,0,22,1,0,0,0,92,0.5242,76,68,4,0,89.47,82,82,73.17,Participação moderada em votações,17.83,Baixo engajamento parlamentar,Alto desequilíbrio atividade-despesa
891,229225,Missionária Michele Collins,PP,PE,96,180903.67,72,72,37,35,0,0,4,0,0,0,112,0.6191,96,82,12,0,85.42,72,72,100.0,Alta participação em votações,22.89,Baixo engajamento parlamentar,Alto desequilíbrio atividade-despesa
892,229259,Pedro Tourinho,PT,SP,51,78180.83,81,81,45,36,0,0,0,0,0,0,81,1.0361,51,41,10,0,80.39,81,81,100.0,Alta participação em votações,23.14,Baixo engajamento parlamentar,Desequilíbrio moderado atividade-despesa
893,229333,Gláucia Santiago,PL,MG,208,166310.14,88,88,36,32,0,20,0,0,0,0,88,0.5291,208,182,6,0,87.5,88,88,77.27,Participação moderada em votações,18.86,Baixo engajamento parlamentar,Alto desequilíbrio atividade-despesa
894,229432,Luiz Fernando Vampiro,MDB,SC,829,564787.21,417,416,233,182,1,0,12,0,0,0,537,0.9508,829,773,79,0,93.24,417,416,99.76,Alta participação em votações,36.39,Baixo engajamento parlamentar,Alto desequilíbrio atividade-despesa
895,229585,Elisangela Araujo,PT,BA,255,270131.28,103,103,53,50,0,0,0,0,0,0,103,0.3813,255,226,8,0,88.63,103,103,100.0,Alta participação em votações,23.99,Baixo engajamento parlamentar,Alto desequilíbrio atividade-despesa
896,229939,Newton Bonin,UNIÃO,PR,91,172069.17,128,128,77,51,0,0,1,0,0,0,138,0.8020,91,72,10,0,79.12,128,128,100.0,Alta participação em votações,24.98,Baixo engajamento parlamentar,Alto desequilíbrio atividade-despesa
897,230088,Dra. Mayra Pinheiro,PL,CE,100,105982.73,83,83,33,47,0,3,0,0,0,0,83,0.7831,100,77,28,0,77.0,83,83,96.39,Alta participação em votações,22.49,Baixo engajamento parlamentar,Alto desequilíbrio atividade-despesa
898,230177,Tadeu Oliveira,PL,CE,64,169926.25,83,83,49,32,0,2,2,0,0,0,103,0.6061,64,37,1,0,57.81,83,83,97.59,Alta participação em votações,22.78,Baixo engajamento parlamentar,Alto desequilíbrio atividade-despesa
899,230762,Pastor Claudio Mariano,UNIÃO,PA,417,511089.19,277,277,175,102,0,0,2,0,0,0,297,0.5811,417,371,15,0,88.97,277,277,100.0,Alta participação em votações,30.78,Baixo engajamento parlamentar,Alto desequilíbrio atividade-despesa
900,230764,Ivan Junior,UNIÃO,MA,10,126968.00,26,26,20,6,0,0,0,0,0,0,26,0.2048,10,3,1,0,30.0,26,26,100.0,Alta participação em votações,21.01,Baixo engajamento parlamentar,Alto desequilíbrio atividade-despesa
901,230765,Enfermeira Rejane,PCDOB,RJ,199,446762.71,440,439,247,192,0,0,11,0,0,0,550,1.2311,199,178,8,0,89.45,440,439,100.0,Alta participação em votações,37.31,Baixo engajamento parlamentar,Alto desequilíbrio atividade-despesa
902,230767,Rodrigo Da Zaeli,PL,MT,830,706305.75,474,473,251,214,5,3,12,0,0,0,594,0.8410,830,810,5,0,97.59,474,473,98.31,Alta participação em votações,38.31,Baixo engajamento parlamentar,Alto desequilíbrio atividade-despesa
903,230768,Zé Adriano,PP,AC,264,760939.30,461,460,286,174,0,0,7,0,0,0,531,0.6978,264,214,19,0,81.06,461,460,100.0,Alta participação em votações,38.01,Baixo engajamento parlamentar,Alto desequilíbrio atividade-despesa
904,230957,João Cury,MDB,SP,709,638833.23,360,359,227,132,0,0,4,0,0,0,400,0.6261,709,654,39,0,92.24,360,359,100.0,Alta participação em votações,34.02,Baixo engajamento parlamentar,Alto desequilíbrio atividade-despesa
905,231911,Lenir De Assis,PT,PR,830,484733.80,418,417,232,182,1,2,2,0,0,0,438,0.9036,830,796,30,0,95.9,418,417,99.28,Alta participação em votações,36.08,Baixo engajamento parlamentar,Alto desequilíbrio atividade-despesa
906,233218,Nelinho Freitas,MDB,CE,19,173089.99,102,102,63,39,0,0,1,0,0,0,112,0.6471,19,15,1,0,78.95,102,102,100.0,Alta participação em votações,23.98,Baixo engajamento parlamentar,Alto desequilíbrio atividade-despesa
907,233592,Paulo Lemos,PT,AP,84,25816.66,155,154,94,60,0,0,2,0,0,0,175,6.7786,84,70,5,0,83.33,155,154,100.0,Alta participação em votações,26.04,Baixo engajamento parlamentar,Comportamento esperado
908,233594,Rafael Fera,PODE,RO,411,382053.17,240,239,151,88,0,0,7,0,0,0,310,0.8114,411,399,14,0,97.08,240,239,100.0,Alta participação em votações,29.45,Baixo engajamento parlamentar,Alto desequilíbrio atividade-despesa
909,233598,Samuel Santos,PODE,GO,44,137787.62,173,172,120,52,0,0,1,0,0,0,183,1.3281,44,43,3,0,97.73,173,172,100.0,Alta participação em votações,26.71,Baixo engajamento parlamentar,Alto desequilíbrio atividade-despesa
910,234253,Lucas Abrahao,REDE,AP,7,84345.50,87,87,48,36,0,3,1,0,0,0,97,1.1500,7,7,0,0,100.0,87,87,96.55,Alta participação em votações,22.7,Baixo engajamento parlamentar,Desequilíbrio moderado atividade-despesa
911,234310,Ricardo Galvão,REDE,SP,69,156042.55,148,148,79,60,6,3,0,0,0,0,148,0.9485,69,69,4,0,100.0,148,148,93.92,Alta participação em votações,24.51,Baixo engajamento parlamentar,Alto desequilíbrio atividade-despesa
912,234388,Fabiano Cazeca,PRD,MG,160,113065.75,66,66,41,25,0,0,0,0,0,0,66,0.5837,160,160,4,0,100.0,66,66,100.0,Alta participação em votações,22.55,Baixo engajamento parlamentar,Alto desequilíbrio atividade-despesa
913,234406,Elmano Férrer,PP,PI,31,114099.77,79,79,56,23,0,0,1,0,0,0,89,0.7800,31,31,4,0,100.0,79,79,100.0,Alta participação em votações,23.09,Baixo engajamento parlamentar,Alto desequilíbrio atividade-despesa
914,234673,Vanderlan Alves,SOLIDARIEDADE,CE,104,147823.88,118,118,74,44,0,0,1,0,0,0,128,0.8659,104,103,4,0,99.04,118,118,100.0,Alta participação em votações,24.6,Baixo engajamento parlamentar,Alto desequilíbrio atividade-despesa
915,234788,Heloísa Helena,REDE,RJ,13,139997.44,77,77,45,31,1,0,1,0,0,0,87,0.6214,13,13,0,0,100.0,77,77,98.7,Alta participação em votações,22.75,Baixo engajamento parlamentar,Alto desequilíbrio atividade-despesa
916,234840,Cristiano Furlan,REDE,AP,2,80000.00,22,22,10,12,0,0,0,0,0,0,22,0.2750,2,2,0,0,100.0,22,22,100.0,Alta participação em votações,20.85,Baixo engajamento parlamentar,Desequilíbrio moderado atividade-despesa
917,235088,Ribeiro Neto,SOLIDARIEDADE,MA,46,110721.42,78,78,45,29,4,0,0,0,0,0,78,0.7045,46,46,1,0,100.0,78,78,94.87,Alta participação em votações,22.0,Baixo engajamento parlamentar,Alto desequilíbrio atividade-despesa
918,235620,Ilacir Bicalho,REPUBLICANOS,MG,3,7120.00,18,18,15,3,0,0,0,0,0,0,18,2.5281,3,3,0,0,100.0,18,18,100.0,Alta participação em votações,20.7,Baixo engajamento parlamentar,Comportamento esperado
919,235712,Vavá,AVANTE,MG,2,523.05,18,18,12,6,0,0,0,0,0,0,18,34.4135,2,2,0,0,100.0,18,18,100.0,Alta participação em votações,20.7,Baixo engajamento parlamentar,Comportamento esperado
920,235776,Sérgio Turra,PP,RS,1,180.00,19,19,13,6,0,0,2,0,0,0,39,216.6667,1,1,0,0,100.0,19,19,100.0,Alta participação em votações,20.79,Baixo engajamento parlamentar,Comportamento esperado
921,235800,Jorge Araújo,PP,BA,8,8221.48,11,11,7,4,0,0,0,0,0,0,11,1.3380,8,8,0,0,100.0,11,11,100.0,Alta participação em votações,20.43,Baixo engajamento parlamentar,Comportamento esperado
922,235869,João Carlos,REPUBLICANOS,AM,0,0.00,12,12,8,4,0,0,0,0,0,0,12,,,,,,,12,12,100.0,Alta participação em votações,20.46,Baixo engajamento parlamentar,Comportamento esperado
